09-14 12:17:38 com_github_MitjaNemec_ReplicateLayout.action_replicate_layout 473:Plugin executed on: 'win32'
09-14 12:17:38 com_github_MitjaNemec_ReplicateLayout.action_replicate_layout 474:Plugin executed with python version: '3.11.5 (main, Jan 23 2026, 07:39:48) [MSC v.1944 64 bit (AMD64)]'
09-14 12:17:38 com_github_MitjaNemec_ReplicateLayout.action_replicate_layout 475:KiCad build version: 10.0.3
09-14 12:17:38 com_github_MitjaNemec_ReplicateLayout.action_replicate_layout 476:Plugin version: 5.0.1
09-14 12:17:38 com_github_MitjaNemec_ReplicateLayout.action_replicate_layout 477:Frame repr: <wx._core.Frame object at 0x000002185DAC9510>
09-14 12:17:38 com_github_MitjaNemec_ReplicateLayout.action_replicate_layout 501:Preparing replicator with Q4 as a reference
09-14 12:17:38 com_github_MitjaNemec_ReplicateLayout.replicate_layout 118:getting a list of all footprints on board
09-14 12:17:38 com_github_MitjaNemec_ReplicateLayout.action_replicate_layout 549:source anchor footprint is 'Q4'
Located on: ['/Supp Input/', '/Supp Input/Ideal Diode3/']
With filenames: ['supplementalbattery.kicad_sch', 'idealdiode.kicad_sch']
With sheet_id:['/Supp Input/', '/Supp Input/Ideal Diode3/']
09-14 12:17:38 com_github_MitjaNemec_ReplicateLayout.action_replicate_layout 556:Corresponding footprints are 
[('Q16', ['/Main Diode ORs/', '/Main Diode ORs/Ideal Diode2/']), ('Q6', ['/Supp Input/', '/Supp Input/Ideal Diode1/']), ('Q14', ['/Main Diode ORs/', '/Main Diode ORs/Ideal Diode1/']), ('Q20', ['/Ouput/', '/Ouput/Ideal Diode/']), ('Q18', ['/Main Diode ORs/', '/Main Diode ORs/Ideal Diode3/']), ('Q9', ['/Supp Input/', '/Supp Input/Ideal Diode4/']), ('Q4', ['/Supp Input/', '/Supp Input/Ideal Diode3/'])]
09-14 12:17:38 com_github_MitjaNemec_ReplicateLayout.action_replicate_layout 568:Showing dialog
09-14 12:17:38 com_github_MitjaNemec_ReplicateLayout.replicate_layout 477:constructing a list of sheets suitable for replication on level:'/Supp Input/Ideal Diode3/', file:'idealdiode.kicad_sch'
09-14 12:17:38 com_github_MitjaNemec_ReplicateLayout.replicate_layout 489:possible dst fps are: ['Q16', 'Q6', 'Q14', 'Q20', 'Q18', 'Q9', 'Q4']
09-14 12:17:38 com_github_MitjaNemec_ReplicateLayout.replicate_layout 507:dst fps are: ['Q16', 'Q6', 'Q14', 'Q20', 'Q18', 'Q9', 'Q4']
09-14 12:17:38 com_github_MitjaNemec_ReplicateLayout.replicate_layout 519:suitable sheets are:[['/Main Diode ORs/', '/Main Diode ORs/Ideal Diode1/'], ['/Main Diode ORs/', '/Main Diode ORs/Ideal Diode2/'], ['/Main Diode ORs/', '/Main Diode ORs/Ideal Diode3/'], ['/Ouput/', '/Ouput/Ideal Diode/'], ['/Supp Input/', '/Supp Input/Ideal Diode1/'], ['/Supp Input/', '/Supp Input/Ideal Diode4/']]
09-14 12:17:39 root 156:possible dst fp: ['Q16', 'Q6', 'Q14', 'Q20', 'Q18', 'Q9', 'Q4']
09-14 12:17:39 root 160:src nets: ['/Main Diode ORs/Ideal Diode2/VIN', 'LV_GND', 'Net-(D4-A)', '/Supp Input/CC Buck/CC_VIN', 'DIODE_EN', 'unconnected-(IC1-NC-Pad3)', 'Net-(IC1-VCP)', '/Supp Input/Ideal Diode3/GATE', '/Supp Input/HV_OVLO', '/Supp Input/Ideal Diode3/SRC']
09-14 12:17:39 root 161:norm nets: ['CC Buck/CC_VIN', 'DIODE_EN', 'HV_OVLO', 'Ideal Diode/GATE', 'Ideal Diode/SRC', 'Ideal Diode/VIN', 'LV_GND', 'Net-(D4-A)', 'Net-(IC1-VCP)', 'unconnected-(IC1-NC-Pad3)']
09-14 12:17:39 root 169:dst fp: Q16, sheet path: /Main Diode ORs///Main Diode ORs/Ideal Diode1/, fp path: /Main Diode ORs///Main Diode ORs/Ideal Diode2/
09-14 12:17:39 root 169:dst fp: Q6, sheet path: /Main Diode ORs///Main Diode ORs/Ideal Diode1/, fp path: /Supp Input///Supp Input/Ideal Diode1/
09-14 12:17:39 root 169:dst fp: Q14, sheet path: /Main Diode ORs///Main Diode ORs/Ideal Diode1/, fp path: /Main Diode ORs///Main Diode ORs/Ideal Diode1/
09-14 12:17:39 root 169:dst fp: Q20, sheet path: /Main Diode ORs///Main Diode ORs/Ideal Diode1/, fp path: /Ouput///Ouput/Ideal Diode/
09-14 12:17:39 root 169:dst fp: Q18, sheet path: /Main Diode ORs///Main Diode ORs/Ideal Diode1/, fp path: /Main Diode ORs///Main Diode ORs/Ideal Diode3/
09-14 12:17:39 root 169:dst fp: Q9, sheet path: /Main Diode ORs///Main Diode ORs/Ideal Diode1/, fp path: /Supp Input///Supp Input/Ideal Diode4/
09-14 12:17:39 root 169:dst fp: Q4, sheet path: /Main Diode ORs///Main Diode ORs/Ideal Diode1/, fp path: /Supp Input///Supp Input/Ideal Diode3/
09-14 12:17:39 root 169:dst fp: Q16, sheet path: /Main Diode ORs///Main Diode ORs/Ideal Diode2/, fp path: /Main Diode ORs///Main Diode ORs/Ideal Diode2/
09-14 12:17:39 root 169:dst fp: Q6, sheet path: /Main Diode ORs///Main Diode ORs/Ideal Diode2/, fp path: /Supp Input///Supp Input/Ideal Diode1/
09-14 12:17:39 root 169:dst fp: Q14, sheet path: /Main Diode ORs///Main Diode ORs/Ideal Diode2/, fp path: /Main Diode ORs///Main Diode ORs/Ideal Diode1/
09-14 12:17:39 root 169:dst fp: Q20, sheet path: /Main Diode ORs///Main Diode ORs/Ideal Diode2/, fp path: /Ouput///Ouput/Ideal Diode/
09-14 12:17:39 root 169:dst fp: Q18, sheet path: /Main Diode ORs///Main Diode ORs/Ideal Diode2/, fp path: /Main Diode ORs///Main Diode ORs/Ideal Diode3/
09-14 12:17:39 root 169:dst fp: Q9, sheet path: /Main Diode ORs///Main Diode ORs/Ideal Diode2/, fp path: /Supp Input///Supp Input/Ideal Diode4/
09-14 12:17:39 root 169:dst fp: Q4, sheet path: /Main Diode ORs///Main Diode ORs/Ideal Diode2/, fp path: /Supp Input///Supp Input/Ideal Diode3/
09-14 12:17:39 root 169:dst fp: Q16, sheet path: /Main Diode ORs///Main Diode ORs/Ideal Diode3/, fp path: /Main Diode ORs///Main Diode ORs/Ideal Diode2/
09-14 12:17:39 root 169:dst fp: Q6, sheet path: /Main Diode ORs///Main Diode ORs/Ideal Diode3/, fp path: /Supp Input///Supp Input/Ideal Diode1/
09-14 12:17:39 root 169:dst fp: Q14, sheet path: /Main Diode ORs///Main Diode ORs/Ideal Diode3/, fp path: /Main Diode ORs///Main Diode ORs/Ideal Diode1/
09-14 12:17:39 root 169:dst fp: Q20, sheet path: /Main Diode ORs///Main Diode ORs/Ideal Diode3/, fp path: /Ouput///Ouput/Ideal Diode/
09-14 12:17:39 root 169:dst fp: Q18, sheet path: /Main Diode ORs///Main Diode ORs/Ideal Diode3/, fp path: /Main Diode ORs///Main Diode ORs/Ideal Diode3/
09-14 12:17:39 root 169:dst fp: Q9, sheet path: /Main Diode ORs///Main Diode ORs/Ideal Diode3/, fp path: /Supp Input///Supp Input/Ideal Diode4/
09-14 12:17:39 root 169:dst fp: Q4, sheet path: /Main Diode ORs///Main Diode ORs/Ideal Diode3/, fp path: /Supp Input///Supp Input/Ideal Diode3/
09-14 12:17:39 root 169:dst fp: Q16, sheet path: /Ouput///Ouput/Ideal Diode/, fp path: /Main Diode ORs///Main Diode ORs/Ideal Diode2/
09-14 12:17:39 root 169:dst fp: Q6, sheet path: /Ouput///Ouput/Ideal Diode/, fp path: /Supp Input///Supp Input/Ideal Diode1/
09-14 12:17:39 root 169:dst fp: Q14, sheet path: /Ouput///Ouput/Ideal Diode/, fp path: /Main Diode ORs///Main Diode ORs/Ideal Diode1/
09-14 12:17:39 root 169:dst fp: Q20, sheet path: /Ouput///Ouput/Ideal Diode/, fp path: /Ouput///Ouput/Ideal Diode/
09-14 12:17:39 root 169:dst fp: Q18, sheet path: /Ouput///Ouput/Ideal Diode/, fp path: /Main Diode ORs///Main Diode ORs/Ideal Diode3/
09-14 12:17:39 root 169:dst fp: Q9, sheet path: /Ouput///Ouput/Ideal Diode/, fp path: /Supp Input///Supp Input/Ideal Diode4/
09-14 12:17:39 root 169:dst fp: Q4, sheet path: /Ouput///Ouput/Ideal Diode/, fp path: /Supp Input///Supp Input/Ideal Diode3/
09-14 12:17:39 root 169:dst fp: Q16, sheet path: /Supp Input///Supp Input/Ideal Diode1/, fp path: /Main Diode ORs///Main Diode ORs/Ideal Diode2/
09-14 12:17:39 root 169:dst fp: Q6, sheet path: /Supp Input///Supp Input/Ideal Diode1/, fp path: /Supp Input///Supp Input/Ideal Diode1/
09-14 12:17:39 root 169:dst fp: Q14, sheet path: /Supp Input///Supp Input/Ideal Diode1/, fp path: /Main Diode ORs///Main Diode ORs/Ideal Diode1/
09-14 12:17:39 root 169:dst fp: Q20, sheet path: /Supp Input///Supp Input/Ideal Diode1/, fp path: /Ouput///Ouput/Ideal Diode/
09-14 12:17:39 root 169:dst fp: Q18, sheet path: /Supp Input///Supp Input/Ideal Diode1/, fp path: /Main Diode ORs///Main Diode ORs/Ideal Diode3/
09-14 12:17:39 root 169:dst fp: Q9, sheet path: /Supp Input///Supp Input/Ideal Diode1/, fp path: /Supp Input///Supp Input/Ideal Diode4/
09-14 12:17:39 root 169:dst fp: Q4, sheet path: /Supp Input///Supp Input/Ideal Diode1/, fp path: /Supp Input///Supp Input/Ideal Diode3/
09-14 12:17:39 root 169:dst fp: Q16, sheet path: /Supp Input///Supp Input/Ideal Diode4/, fp path: /Main Diode ORs///Main Diode ORs/Ideal Diode2/
09-14 12:17:39 root 169:dst fp: Q6, sheet path: /Supp Input///Supp Input/Ideal Diode4/, fp path: /Supp Input///Supp Input/Ideal Diode1/
09-14 12:17:39 root 169:dst fp: Q14, sheet path: /Supp Input///Supp Input/Ideal Diode4/, fp path: /Main Diode ORs///Main Diode ORs/Ideal Diode1/
09-14 12:17:39 root 169:dst fp: Q20, sheet path: /Supp Input///Supp Input/Ideal Diode4/, fp path: /Ouput///Ouput/Ideal Diode/
09-14 12:17:39 root 169:dst fp: Q18, sheet path: /Supp Input///Supp Input/Ideal Diode4/, fp path: /Main Diode ORs///Main Diode ORs/Ideal Diode3/
09-14 12:17:39 root 169:dst fp: Q9, sheet path: /Supp Input///Supp Input/Ideal Diode4/, fp path: /Supp Input///Supp Input/Ideal Diode4/
09-14 12:17:39 root 169:dst fp: Q4, sheet path: /Supp Input///Supp Input/Ideal Diode4/, fp path: /Supp Input///Supp Input/Ideal Diode3/
09-14 12:17:39 root 193:list of found dst fps: ['Q14', 'Q16', 'Q18', 'Q20', 'Q6', 'Q9']
09-14 12:17:39 root 196:list of sheets for listbox: ['/Main Diode ORs///Main Diode ORs/Ideal Diode1/ (Q14)', '/Main Diode ORs///Main Diode ORs/Ideal Diode2/ (Q16)', '/Main Diode ORs///Main Diode ORs/Ideal Diode3/ (Q18)', '/Ouput///Ouput/Ideal Diode/ (Q20)', '/Supp Input///Supp Input/Ideal Diode1/ (Q6)', '/Supp Input///Supp Input/Ideal Diode4/ (Q9)']
09-14 12:17:39 com_github_MitjaNemec_ReplicateLayout.replicate_layout 1579:Level selected: ['/Supp Input/', '/Supp Input/Ideal Diode3/']
09-14 12:17:39 com_github_MitjaNemec_ReplicateLayout.replicate_layout 1395:Filtering list of tracks
09-14 12:17:39 com_github_MitjaNemec_ReplicateLayout.action_replicate_layout 435:Using frame-relative dialog position
09-14 12:17:39 com_github_MitjaNemec_ReplicateLayout.action_replicate_layout 580:Dialog position: wx.Point(1470, 100)
09-14 12:17:45 com_github_MitjaNemec_ReplicateLayout.replicate_layout 477:constructing a list of sheets suitable for replication on level:'/Supp Input/Ideal Diode3/', file:'idealdiode.kicad_sch'
09-14 12:17:45 com_github_MitjaNemec_ReplicateLayout.replicate_layout 489:possible dst fps are: ['Q16', 'Q6', 'Q14', 'Q20', 'Q18', 'Q9', 'Q4']
09-14 12:17:45 com_github_MitjaNemec_ReplicateLayout.replicate_layout 507:dst fps are: ['Q16', 'Q6', 'Q14', 'Q20', 'Q18', 'Q9', 'Q4']
09-14 12:17:45 com_github_MitjaNemec_ReplicateLayout.replicate_layout 519:suitable sheets are:[['/Main Diode ORs/', '/Main Diode ORs/Ideal Diode1/'], ['/Main Diode ORs/', '/Main Diode ORs/Ideal Diode2/'], ['/Main Diode ORs/', '/Main Diode ORs/Ideal Diode3/'], ['/Ouput/', '/Ouput/Ideal Diode/'], ['/Supp Input/', '/Supp Input/Ideal Diode1/'], ['/Supp Input/', '/Supp Input/Ideal Diode4/']]
09-14 12:17:45 com_github_MitjaNemec_ReplicateLayout.action_replicate_layout 280:Replicating layout
09-14 12:17:45 com_github_MitjaNemec_ReplicateLayout.replicate_layout 289:Starting replication of sheets: [['/Main Diode ORs/', '/Main Diode ORs/Ideal Diode1/'], ['/Main Diode ORs/', '/Main Diode ORs/Ideal Diode2/'], ['/Main Diode ORs/', '/Main Diode ORs/Ideal Diode3/'], ['/Ouput/', '/Ouput/Ideal Diode/'], ['/Supp Input/', '/Supp Input/Ideal Diode1/'], ['/Supp Input/', '/Supp Input/Ideal Diode4/']]
on level: ['/Supp Input/', '/Supp Input/Ideal Diode3/']
with tracks=True, zone=True, text=True, text=True, intersecting=False, remove=False, locked footprints=False, group_only=False
09-14 12:17:45 root 372:updating GUI message: 'Preparing for replication'
09-14 12:17:45 root 377:updating GUI with: 0
09-14 12:17:45 com_github_MitjaNemec_ReplicateLayout.replicate_layout 359:Getting the list of source footprints
09-14 12:17:45 com_github_MitjaNemec_ReplicateLayout.replicate_layout 369:Getting the list of all the remaining footprints
09-14 12:17:45 com_github_MitjaNemec_ReplicateLayout.replicate_layout 376:Getting source tracks
09-14 12:17:45 com_github_MitjaNemec_ReplicateLayout.replicate_layout 1395:Filtering list of tracks
09-14 12:17:46 com_github_MitjaNemec_ReplicateLayout.replicate_layout 380:Getting source zones
09-14 12:17:46 root 377:updating GUI with: 50
09-14 12:17:46 com_github_MitjaNemec_ReplicateLayout.replicate_layout 384:Getting source text items
09-14 12:17:46 com_github_MitjaNemec_ReplicateLayout.replicate_layout 388:Getting source drawing items
09-14 12:17:46 root 372:updating GUI message: 'Replicating footprints'
09-14 12:17:46 root 377:updating GUI with: 0
09-14 12:17:46 com_github_MitjaNemec_ReplicateLayout.replicate_layout 900:Replicating footprints
09-14 12:17:46 com_github_MitjaNemec_ReplicateLayout.replicate_layout 907:Replicating footprints on sheet ['/Main Diode ORs/', '/Main Diode ORs/Ideal Diode1/']
09-14 12:17:46 com_github_MitjaNemec_ReplicateLayout.replicate_layout 872:Src fp.id: '9E41BD37-C488-442D-9D88-11BB4317E192'
09-14 12:17:46 com_github_MitjaNemec_ReplicateLayout.replicate_layout 876:Dst fp.id: '9E41BD37-C488-442D-9D88-11BB4317E192'
09-14 12:17:46 com_github_MitjaNemec_ReplicateLayout.replicate_layout 925:Replicating footprint: 'TP3'
09-14 12:17:46 com_github_MitjaNemec_ReplicateLayout.replicate_layout 872:Src fp.id: 'F2E8BA91-5443-4AEC-BC88-DEC51ED0B43C'
09-14 12:17:46 com_github_MitjaNemec_ReplicateLayout.replicate_layout 876:Dst fp.id: 'F2E8BA91-5443-4AEC-BC88-DEC51ED0B43C'
09-14 12:17:46 com_github_MitjaNemec_ReplicateLayout.replicate_layout 932:found match in dst footprint: 'TP30'
09-14 12:17:46 com_github_MitjaNemec_ReplicateLayout.replicate_layout 1027:Src text UUid:62d9492b-bbfc-4cb0-aff6-435390d76875
09-14 12:17:46 com_github_MitjaNemec_ReplicateLayout.replicate_layout 1028:Dst text UUid:25bd17cf-1daa-443b-934c-01817c205834
09-14 12:17:46 com_github_MitjaNemec_ReplicateLayout.replicate_layout 1027:Src text UUid:cbbdf03b-b622-499f-9496-4e70a274791c
09-14 12:17:46 com_github_MitjaNemec_ReplicateLayout.replicate_layout 1028:Dst text UUid:0d6b6b88-c1b3-4eae-ae7c-214527f89025
09-14 12:17:46 com_github_MitjaNemec_ReplicateLayout.replicate_layout 1027:Src text UUid:2c452f14-656d-40dd-83c1-2c0faf1efc9d
09-14 12:17:46 com_github_MitjaNemec_ReplicateLayout.replicate_layout 1028:Dst text UUid:2b39a362-b474-4b23-aab8-02885d625951
09-14 12:17:46 com_github_MitjaNemec_ReplicateLayout.replicate_layout 925:Replicating footprint: 'C2'
09-14 12:17:46 root 377:updating GUI with: 3
09-14 12:17:46 com_github_MitjaNemec_ReplicateLayout.replicate_layout 872:Src fp.id: '3C4BDA2D-E1CB-44BC-9A78-A873C3614D4F'
09-14 12:17:46 com_github_MitjaNemec_ReplicateLayout.replicate_layout 876:Dst fp.id: '3C4BDA2D-E1CB-44BC-9A78-A873C3614D4F'
09-14 12:17:46 com_github_MitjaNemec_ReplicateLayout.replicate_layout 932:found match in dst footprint: 'C59'
09-14 12:17:46 com_github_MitjaNemec_ReplicateLayout.replicate_layout 1027:Src text UUid:bc17c69a-51c6-48e5-9d33-32b7c3e208ff
09-14 12:17:46 com_github_MitjaNemec_ReplicateLayout.replicate_layout 1028:Dst text UUid:9cc055dd-7f4e-40bd-b77a-868beb2e11fa
09-14 12:17:46 com_github_MitjaNemec_ReplicateLayout.replicate_layout 1027:Src text UUid:aff029ec-39a5-4e16-ad33-2af422e55778
09-14 12:17:46 com_github_MitjaNemec_ReplicateLayout.replicate_layout 1028:Dst text UUid:89feb1c0-7f34-4e9d-a217-ca31a2555049
09-14 12:17:46 com_github_MitjaNemec_ReplicateLayout.replicate_layout 1027:Src text UUid:35ea7ed2-5b5a-42d1-8f2a-f480cac7b38d
09-14 12:17:46 com_github_MitjaNemec_ReplicateLayout.replicate_layout 1028:Dst text UUid:8fed6c37-722d-44ba-9c57-b39e95007135
09-14 12:17:46 com_github_MitjaNemec_ReplicateLayout.replicate_layout 925:Replicating footprint: 'D5'
09-14 12:17:46 com_github_MitjaNemec_ReplicateLayout.replicate_layout 872:Src fp.id: '7EF58903-C34D-4389-895C-0FF064EDD735'
09-14 12:17:46 com_github_MitjaNemec_ReplicateLayout.replicate_layout 876:Dst fp.id: '7EF58903-C34D-4389-895C-0FF064EDD735'
09-14 12:17:46 com_github_MitjaNemec_ReplicateLayout.replicate_layout 932:found match in dst footprint: 'D18'
09-14 12:17:46 com_github_MitjaNemec_ReplicateLayout.replicate_layout 1027:Src text UUid:b3ffd359-00e0-4687-af42-c1c1ac7d956a
09-14 12:17:46 com_github_MitjaNemec_ReplicateLayout.replicate_layout 1028:Dst text UUid:b97a599d-139f-4aa1-beda-c96f7f2e5fd8
09-14 12:17:46 com_github_MitjaNemec_ReplicateLayout.replicate_layout 1027:Src text UUid:c062579f-9265-4756-aa01-50adb2bf21f0
09-14 12:17:46 com_github_MitjaNemec_ReplicateLayout.replicate_layout 1028:Dst text UUid:95b65edd-b249-4548-ae2d-05e77c7f7308
09-14 12:17:46 com_github_MitjaNemec_ReplicateLayout.replicate_layout 1027:Src text UUid:15145472-9a73-45cf-b1e8-d267e127aebf
09-14 12:17:46 com_github_MitjaNemec_ReplicateLayout.replicate_layout 1028:Dst text UUid:a8b0e3b1-a16c-4b99-9871-e9456adc6899
09-14 12:17:46 com_github_MitjaNemec_ReplicateLayout.replicate_layout 925:Replicating footprint: 'D4'
09-14 12:17:46 com_github_MitjaNemec_ReplicateLayout.replicate_layout 872:Src fp.id: 'C3C48237-0C6A-4E4C-9A1C-50273B5F74C4'
09-14 12:17:46 com_github_MitjaNemec_ReplicateLayout.replicate_layout 876:Dst fp.id: 'C3C48237-0C6A-4E4C-9A1C-50273B5F74C4'
09-14 12:17:46 com_github_MitjaNemec_ReplicateLayout.replicate_layout 932:found match in dst footprint: 'D17'
09-14 12:17:46 com_github_MitjaNemec_ReplicateLayout.replicate_layout 1027:Src text UUid:c9f31c96-5ebe-4856-a816-893fd66bfa61
09-14 12:17:46 com_github_MitjaNemec_ReplicateLayout.replicate_layout 1028:Dst text UUid:2a085c48-39e9-4436-b980-9edfa7e1f0b8
09-14 12:17:46 com_github_MitjaNemec_ReplicateLayout.replicate_layout 1027:Src text UUid:9fe84d2d-bf3c-405f-8fb3-e6567a8450e1
09-14 12:17:46 com_github_MitjaNemec_ReplicateLayout.replicate_layout 1028:Dst text UUid:f16d7003-f2fa-4583-bca6-f6b6ed756439
09-14 12:17:46 com_github_MitjaNemec_ReplicateLayout.replicate_layout 1027:Src text UUid:d0db19a7-80a0-4099-b40d-2ab382043753
09-14 12:17:46 com_github_MitjaNemec_ReplicateLayout.replicate_layout 1028:Dst text UUid:1417a279-14e4-4def-b195-1bd3410a8be4
09-14 12:17:46 com_github_MitjaNemec_ReplicateLayout.replicate_layout 925:Replicating footprint: 'C4'
09-14 12:17:46 com_github_MitjaNemec_ReplicateLayout.replicate_layout 872:Src fp.id: 'D1D3ACD0-F428-4C88-819C-E786B60BDB6C'
09-14 12:17:46 com_github_MitjaNemec_ReplicateLayout.replicate_layout 876:Dst fp.id: 'D1D3ACD0-F428-4C88-819C-E786B60BDB6C'
09-14 12:17:46 com_github_MitjaNemec_ReplicateLayout.replicate_layout 932:found match in dst footprint: 'C61'
09-14 12:17:46 com_github_MitjaNemec_ReplicateLayout.replicate_layout 1027:Src text UUid:ce474946-4d27-409b-aada-ce7515f060ef
09-14 12:17:46 com_github_MitjaNemec_ReplicateLayout.replicate_layout 1028:Dst text UUid:efbfa4cd-9f0c-47d8-97b4-46833ede471c
09-14 12:17:46 com_github_MitjaNemec_ReplicateLayout.replicate_layout 1027:Src text UUid:c87bbc3c-16af-4b00-ae4e-d8d470d4ed2a
09-14 12:17:46 com_github_MitjaNemec_ReplicateLayout.replicate_layout 1028:Dst text UUid:35a6aa33-a526-47ec-b58c-6b3d3607be82
09-14 12:17:46 com_github_MitjaNemec_ReplicateLayout.replicate_layout 1027:Src text UUid:65efd81d-a15c-4ba9-9796-49368d4e520d
09-14 12:17:46 com_github_MitjaNemec_ReplicateLayout.replicate_layout 1028:Dst text UUid:cc14c4ee-ed02-4aa1-ae86-388639bae6ea
09-14 12:17:46 com_github_MitjaNemec_ReplicateLayout.replicate_layout 925:Replicating footprint: 'IC1'
09-14 12:17:46 com_github_MitjaNemec_ReplicateLayout.replicate_layout 872:Src fp.id: '3FCFE323-4A78-474E-8A8B-D81BDA0A663C'
09-14 12:17:46 com_github_MitjaNemec_ReplicateLayout.replicate_layout 876:Dst fp.id: '3FCFE323-4A78-474E-8A8B-D81BDA0A663C'
09-14 12:17:46 com_github_MitjaNemec_ReplicateLayout.replicate_layout 932:found match in dst footprint: 'IC4'
09-14 12:17:46 com_github_MitjaNemec_ReplicateLayout.replicate_layout 1027:Src text UUid:cdda3d9c-50b7-4dea-b08e-1ac79a07ce60
09-14 12:17:46 com_github_MitjaNemec_ReplicateLayout.replicate_layout 1028:Dst text UUid:344afc4c-ba3b-44f9-96e3-6bc991d51c58
09-14 12:17:46 com_github_MitjaNemec_ReplicateLayout.replicate_layout 1027:Src text UUid:bdd2edd9-201b-498e-9fdb-52a21e619d78
09-14 12:17:46 com_github_MitjaNemec_ReplicateLayout.replicate_layout 1028:Dst text UUid:c16c90e4-9bc5-4cc4-9b16-23398a4e88cd
09-14 12:17:46 com_github_MitjaNemec_ReplicateLayout.replicate_layout 1027:Src text UUid:e9758a16-bdf1-4e3e-b656-5b96dc8ad0d4
09-14 12:17:46 com_github_MitjaNemec_ReplicateLayout.replicate_layout 1028:Dst text UUid:503f6b82-ec3b-4d84-9bb2-3b11c5e5b32d
09-14 12:17:46 com_github_MitjaNemec_ReplicateLayout.replicate_layout 925:Replicating footprint: 'Q3'
09-14 12:17:46 com_github_MitjaNemec_ReplicateLayout.replicate_layout 872:Src fp.id: '4D3C2B2F-0678-41BC-9FFF-B1D3D5666087'
09-14 12:17:46 com_github_MitjaNemec_ReplicateLayout.replicate_layout 876:Dst fp.id: '4D3C2B2F-0678-41BC-9FFF-B1D3D5666087'
09-14 12:17:46 com_github_MitjaNemec_ReplicateLayout.replicate_layout 932:found match in dst footprint: 'Q13'
09-14 12:17:46 com_github_MitjaNemec_ReplicateLayout.replicate_layout 1027:Src text UUid:67ba9aad-de28-471f-9c9d-38a6b383f229
09-14 12:17:46 com_github_MitjaNemec_ReplicateLayout.replicate_layout 1028:Dst text UUid:95370689-280e-4208-8c8f-905db7045f85
09-14 12:17:46 com_github_MitjaNemec_ReplicateLayout.replicate_layout 1027:Src text UUid:c6fa2b7e-6ebb-49a2-b354-c5f6c6ab752d
09-14 12:17:46 com_github_MitjaNemec_ReplicateLayout.replicate_layout 1028:Dst text UUid:4b889858-5f1a-4933-ab82-4ef87d3e00d2
09-14 12:17:46 com_github_MitjaNemec_ReplicateLayout.replicate_layout 1027:Src text UUid:810ba70a-69cd-44df-b7c9-800e3c93a116
09-14 12:17:46 com_github_MitjaNemec_ReplicateLayout.replicate_layout 1028:Dst text UUid:7f320df4-0349-417b-ba9b-eb9b569a259e
09-14 12:17:46 com_github_MitjaNemec_ReplicateLayout.replicate_layout 925:Replicating footprint: 'C3'
09-14 12:17:46 com_github_MitjaNemec_ReplicateLayout.replicate_layout 872:Src fp.id: 'ADEF563F-E6DE-4FF6-A171-379AF5118CCB'
09-14 12:17:46 com_github_MitjaNemec_ReplicateLayout.replicate_layout 876:Dst fp.id: 'ADEF563F-E6DE-4FF6-A171-379AF5118CCB'
09-14 12:17:46 com_github_MitjaNemec_ReplicateLayout.replicate_layout 932:found match in dst footprint: 'C60'
09-14 12:17:46 com_github_MitjaNemec_ReplicateLayout.replicate_layout 1027:Src text UUid:0156a5ac-409b-4872-8b68-ba0e5851c981
09-14 12:17:46 com_github_MitjaNemec_ReplicateLayout.replicate_layout 1028:Dst text UUid:4d8fdba2-0db5-4eca-bbbc-6dee90cf0be6
09-14 12:17:46 com_github_MitjaNemec_ReplicateLayout.replicate_layout 1027:Src text UUid:b468aaf4-1101-472c-8658-39cda265520d
09-14 12:17:46 com_github_MitjaNemec_ReplicateLayout.replicate_layout 1028:Dst text UUid:04544913-1ec3-454f-868b-55c9f7897dcb
09-14 12:17:46 com_github_MitjaNemec_ReplicateLayout.replicate_layout 1027:Src text UUid:e004602b-4782-4605-b6ab-2adf9d630b9e
09-14 12:17:46 com_github_MitjaNemec_ReplicateLayout.replicate_layout 1028:Dst text UUid:9b7b6f11-003e-4ba0-b748-ad4a954d7628
09-14 12:17:46 com_github_MitjaNemec_ReplicateLayout.replicate_layout 925:Replicating footprint: 'C1'
09-14 12:17:46 com_github_MitjaNemec_ReplicateLayout.replicate_layout 872:Src fp.id: '37DF0A0E-754A-4038-8FCE-D14333AB1C0D'
09-14 12:17:46 com_github_MitjaNemec_ReplicateLayout.replicate_layout 876:Dst fp.id: '37DF0A0E-754A-4038-8FCE-D14333AB1C0D'
09-14 12:17:46 com_github_MitjaNemec_ReplicateLayout.replicate_layout 932:found match in dst footprint: 'C58'
09-14 12:17:46 com_github_MitjaNemec_ReplicateLayout.replicate_layout 1027:Src text UUid:de00eed0-f845-423b-8fa1-a9271aa71cd5
09-14 12:17:46 com_github_MitjaNemec_ReplicateLayout.replicate_layout 1028:Dst text UUid:82b19432-e4d4-4b38-bc8d-6e602ef01259
09-14 12:17:46 com_github_MitjaNemec_ReplicateLayout.replicate_layout 1027:Src text UUid:0aba8ad2-3fd1-46d8-899d-ac26f1c49382
09-14 12:17:46 com_github_MitjaNemec_ReplicateLayout.replicate_layout 1028:Dst text UUid:2e7ede99-046b-4e5c-8a9a-2cd12cadf754
09-14 12:17:46 com_github_MitjaNemec_ReplicateLayout.replicate_layout 1027:Src text UUid:12710d22-73b5-4908-911e-b2c0ceeae848
09-14 12:17:46 com_github_MitjaNemec_ReplicateLayout.replicate_layout 1028:Dst text UUid:98f8c190-aa54-47e8-ad57-e10354675040
09-14 12:17:46 com_github_MitjaNemec_ReplicateLayout.replicate_layout 925:Replicating footprint: 'R16'
09-14 12:17:46 com_github_MitjaNemec_ReplicateLayout.replicate_layout 872:Src fp.id: '04597BAB-A257-402B-B91B-E4F1BA862DAE'
09-14 12:17:46 com_github_MitjaNemec_ReplicateLayout.replicate_layout 876:Dst fp.id: '04597BAB-A257-402B-B91B-E4F1BA862DAE'
09-14 12:17:46 com_github_MitjaNemec_ReplicateLayout.replicate_layout 932:found match in dst footprint: 'R85'
09-14 12:17:46 com_github_MitjaNemec_ReplicateLayout.replicate_layout 1027:Src text UUid:a3444669-ced3-416b-8a8f-b7be1e95486a
09-14 12:17:46 com_github_MitjaNemec_ReplicateLayout.replicate_layout 1028:Dst text UUid:4a812146-dfee-49dc-ad4d-06810606aa7b
09-14 12:17:46 com_github_MitjaNemec_ReplicateLayout.replicate_layout 1027:Src text UUid:d9a7caac-6bf4-4d96-82a7-90a1ce9e9d78
09-14 12:17:46 com_github_MitjaNemec_ReplicateLayout.replicate_layout 1028:Dst text UUid:29a93b48-75c7-48ab-8702-4e311bf9ef95
09-14 12:17:46 com_github_MitjaNemec_ReplicateLayout.replicate_layout 1027:Src text UUid:89e2183c-e036-4214-8fcf-7074c0ea757b
09-14 12:17:46 com_github_MitjaNemec_ReplicateLayout.replicate_layout 1028:Dst text UUid:43c195e4-1cf7-4d9c-97a3-e5b2bd594b2a
09-14 12:17:46 com_github_MitjaNemec_ReplicateLayout.replicate_layout 925:Replicating footprint: 'Q4'
09-14 12:17:46 com_github_MitjaNemec_ReplicateLayout.replicate_layout 872:Src fp.id: '9E41BD37-C488-442D-9D88-11BB4317E192'
09-14 12:17:46 com_github_MitjaNemec_ReplicateLayout.replicate_layout 876:Dst fp.id: '9E41BD37-C488-442D-9D88-11BB4317E192'
09-14 12:17:46 com_github_MitjaNemec_ReplicateLayout.replicate_layout 932:found match in dst footprint: 'Q14'
09-14 12:17:46 com_github_MitjaNemec_ReplicateLayout.replicate_layout 1027:Src text UUid:bb14aad6-a67f-47f9-9db9-f8272ef53ef1
09-14 12:17:46 com_github_MitjaNemec_ReplicateLayout.replicate_layout 1028:Dst text UUid:5b8d3ac4-d386-4d11-93cc-5cc897dd0fdd
09-14 12:17:46 com_github_MitjaNemec_ReplicateLayout.replicate_layout 1027:Src text UUid:6c3795ea-6e3b-4860-a69a-54bca2a42098
09-14 12:17:46 com_github_MitjaNemec_ReplicateLayout.replicate_layout 1028:Dst text UUid:85d0d34b-3bde-456a-acdf-e864be047646
09-14 12:17:46 com_github_MitjaNemec_ReplicateLayout.replicate_layout 1027:Src text UUid:c5381476-4096-442d-aaa8-b38c24d53e9a
09-14 12:17:46 com_github_MitjaNemec_ReplicateLayout.replicate_layout 1028:Dst text UUid:7f6848bd-13ca-446f-afca-abc33fdfb549
09-14 12:17:46 com_github_MitjaNemec_ReplicateLayout.replicate_layout 907:Replicating footprints on sheet ['/Main Diode ORs/', '/Main Diode ORs/Ideal Diode2/']
09-14 12:17:46 com_github_MitjaNemec_ReplicateLayout.replicate_layout 872:Src fp.id: '9E41BD37-C488-442D-9D88-11BB4317E192'
09-14 12:17:46 com_github_MitjaNemec_ReplicateLayout.replicate_layout 876:Dst fp.id: '9E41BD37-C488-442D-9D88-11BB4317E192'
09-14 12:17:46 com_github_MitjaNemec_ReplicateLayout.replicate_layout 925:Replicating footprint: 'TP3'
09-14 12:17:46 com_github_MitjaNemec_ReplicateLayout.replicate_layout 872:Src fp.id: 'F2E8BA91-5443-4AEC-BC88-DEC51ED0B43C'
09-14 12:17:46 com_github_MitjaNemec_ReplicateLayout.replicate_layout 876:Dst fp.id: 'F2E8BA91-5443-4AEC-BC88-DEC51ED0B43C'
09-14 12:17:46 com_github_MitjaNemec_ReplicateLayout.replicate_layout 932:found match in dst footprint: 'TP31'
09-14 12:17:46 com_github_MitjaNemec_ReplicateLayout.replicate_layout 1027:Src text UUid:62d9492b-bbfc-4cb0-aff6-435390d76875
09-14 12:17:46 com_github_MitjaNemec_ReplicateLayout.replicate_layout 1028:Dst text UUid:7af604dd-9af3-413d-81ec-f9888f487e0d
09-14 12:17:46 com_github_MitjaNemec_ReplicateLayout.replicate_layout 1027:Src text UUid:cbbdf03b-b622-499f-9496-4e70a274791c
09-14 12:17:46 com_github_MitjaNemec_ReplicateLayout.replicate_layout 1028:Dst text UUid:4461ee33-d12f-41c7-b0ed-61f1108ab49e
09-14 12:17:46 com_github_MitjaNemec_ReplicateLayout.replicate_layout 1027:Src text UUid:2c452f14-656d-40dd-83c1-2c0faf1efc9d
09-14 12:17:46 com_github_MitjaNemec_ReplicateLayout.replicate_layout 1028:Dst text UUid:8e2ea423-5a19-4b68-ad69-42fb24ef674b
09-14 12:17:46 com_github_MitjaNemec_ReplicateLayout.replicate_layout 925:Replicating footprint: 'C2'
09-14 12:17:46 com_github_MitjaNemec_ReplicateLayout.replicate_layout 872:Src fp.id: '3C4BDA2D-E1CB-44BC-9A78-A873C3614D4F'
09-14 12:17:46 com_github_MitjaNemec_ReplicateLayout.replicate_layout 876:Dst fp.id: '3C4BDA2D-E1CB-44BC-9A78-A873C3614D4F'
09-14 12:17:46 com_github_MitjaNemec_ReplicateLayout.replicate_layout 932:found match in dst footprint: 'C63'
09-14 12:17:46 com_github_MitjaNemec_ReplicateLayout.replicate_layout 1027:Src text UUid:bc17c69a-51c6-48e5-9d33-32b7c3e208ff
09-14 12:17:46 com_github_MitjaNemec_ReplicateLayout.replicate_layout 1028:Dst text UUid:54ba9fe5-a3e8-412a-8da9-2dcb43c947a5
09-14 12:17:46 com_github_MitjaNemec_ReplicateLayout.replicate_layout 1027:Src text UUid:aff029ec-39a5-4e16-ad33-2af422e55778
09-14 12:17:46 com_github_MitjaNemec_ReplicateLayout.replicate_layout 1028:Dst text UUid:24189d37-99a0-4b1b-9eba-aae64ff991ca
09-14 12:17:46 com_github_MitjaNemec_ReplicateLayout.replicate_layout 1027:Src text UUid:35ea7ed2-5b5a-42d1-8f2a-f480cac7b38d
09-14 12:17:46 com_github_MitjaNemec_ReplicateLayout.replicate_layout 1028:Dst text UUid:c30b4e51-24bf-40e9-9758-d4ca76b20171
09-14 12:17:46 com_github_MitjaNemec_ReplicateLayout.replicate_layout 925:Replicating footprint: 'D5'
09-14 12:17:46 com_github_MitjaNemec_ReplicateLayout.replicate_layout 872:Src fp.id: '7EF58903-C34D-4389-895C-0FF064EDD735'
09-14 12:17:46 com_github_MitjaNemec_ReplicateLayout.replicate_layout 876:Dst fp.id: '7EF58903-C34D-4389-895C-0FF064EDD735'
09-14 12:17:46 com_github_MitjaNemec_ReplicateLayout.replicate_layout 932:found match in dst footprint: 'D20'
09-14 12:17:46 com_github_MitjaNemec_ReplicateLayout.replicate_layout 1027:Src text UUid:b3ffd359-00e0-4687-af42-c1c1ac7d956a
09-14 12:17:46 com_github_MitjaNemec_ReplicateLayout.replicate_layout 1028:Dst text UUid:bb16ac81-6132-4e30-9dde-4135c4456ea6
09-14 12:17:46 com_github_MitjaNemec_ReplicateLayout.replicate_layout 1027:Src text UUid:c062579f-9265-4756-aa01-50adb2bf21f0
09-14 12:17:46 com_github_MitjaNemec_ReplicateLayout.replicate_layout 1028:Dst text UUid:da4c02f7-eef4-48fa-92fa-79b997b54f63
09-14 12:17:46 com_github_MitjaNemec_ReplicateLayout.replicate_layout 1027:Src text UUid:15145472-9a73-45cf-b1e8-d267e127aebf
09-14 12:17:46 com_github_MitjaNemec_ReplicateLayout.replicate_layout 1028:Dst text UUid:58240a6e-4151-4ecd-a2dd-27065b35764c
09-14 12:17:46 com_github_MitjaNemec_ReplicateLayout.replicate_layout 925:Replicating footprint: 'D4'
09-14 12:17:46 com_github_MitjaNemec_ReplicateLayout.replicate_layout 872:Src fp.id: 'C3C48237-0C6A-4E4C-9A1C-50273B5F74C4'
09-14 12:17:46 com_github_MitjaNemec_ReplicateLayout.replicate_layout 876:Dst fp.id: 'C3C48237-0C6A-4E4C-9A1C-50273B5F74C4'
09-14 12:17:46 com_github_MitjaNemec_ReplicateLayout.replicate_layout 932:found match in dst footprint: 'D19'
09-14 12:17:46 com_github_MitjaNemec_ReplicateLayout.replicate_layout 1027:Src text UUid:c9f31c96-5ebe-4856-a816-893fd66bfa61
09-14 12:17:46 com_github_MitjaNemec_ReplicateLayout.replicate_layout 1028:Dst text UUid:b90874c9-3a44-45b5-8bf7-4b5832772f6c
09-14 12:17:46 com_github_MitjaNemec_ReplicateLayout.replicate_layout 1027:Src text UUid:9fe84d2d-bf3c-405f-8fb3-e6567a8450e1
09-14 12:17:46 com_github_MitjaNemec_ReplicateLayout.replicate_layout 1028:Dst text UUid:6851c8e0-0bad-4ed0-810c-319ac0a60b9f
09-14 12:17:46 com_github_MitjaNemec_ReplicateLayout.replicate_layout 1027:Src text UUid:d0db19a7-80a0-4099-b40d-2ab382043753
09-14 12:17:46 com_github_MitjaNemec_ReplicateLayout.replicate_layout 1028:Dst text UUid:e8d85953-cf71-4afa-93ba-0b8544934b2f
09-14 12:17:46 com_github_MitjaNemec_ReplicateLayout.replicate_layout 925:Replicating footprint: 'C4'
09-14 12:17:46 root 377:updating GUI with: 24
09-14 12:17:46 com_github_MitjaNemec_ReplicateLayout.replicate_layout 872:Src fp.id: 'D1D3ACD0-F428-4C88-819C-E786B60BDB6C'
09-14 12:17:46 com_github_MitjaNemec_ReplicateLayout.replicate_layout 876:Dst fp.id: 'D1D3ACD0-F428-4C88-819C-E786B60BDB6C'
09-14 12:17:46 com_github_MitjaNemec_ReplicateLayout.replicate_layout 932:found match in dst footprint: 'C65'
09-14 12:17:46 com_github_MitjaNemec_ReplicateLayout.replicate_layout 1027:Src text UUid:ce474946-4d27-409b-aada-ce7515f060ef
09-14 12:17:46 com_github_MitjaNemec_ReplicateLayout.replicate_layout 1028:Dst text UUid:318ffecb-c081-4706-91b1-1312beb394bb
09-14 12:17:46 com_github_MitjaNemec_ReplicateLayout.replicate_layout 1027:Src text UUid:c87bbc3c-16af-4b00-ae4e-d8d470d4ed2a
09-14 12:17:46 com_github_MitjaNemec_ReplicateLayout.replicate_layout 1028:Dst text UUid:3f9b2ff0-c3d5-435a-8241-20ec11fe0f7d
09-14 12:17:46 com_github_MitjaNemec_ReplicateLayout.replicate_layout 1027:Src text UUid:65efd81d-a15c-4ba9-9796-49368d4e520d
09-14 12:17:46 com_github_MitjaNemec_ReplicateLayout.replicate_layout 1028:Dst text UUid:f0f2e101-cb1c-499c-9c3a-1c4552ee348d
09-14 12:17:46 com_github_MitjaNemec_ReplicateLayout.replicate_layout 925:Replicating footprint: 'IC1'
09-14 12:17:46 com_github_MitjaNemec_ReplicateLayout.replicate_layout 872:Src fp.id: '3FCFE323-4A78-474E-8A8B-D81BDA0A663C'
09-14 12:17:46 com_github_MitjaNemec_ReplicateLayout.replicate_layout 876:Dst fp.id: '3FCFE323-4A78-474E-8A8B-D81BDA0A663C'
09-14 12:17:46 com_github_MitjaNemec_ReplicateLayout.replicate_layout 932:found match in dst footprint: 'IC5'
09-14 12:17:46 com_github_MitjaNemec_ReplicateLayout.replicate_layout 1027:Src text UUid:cdda3d9c-50b7-4dea-b08e-1ac79a07ce60
09-14 12:17:46 com_github_MitjaNemec_ReplicateLayout.replicate_layout 1028:Dst text UUid:14e77969-09b0-4b04-be9d-4354034d6ee7
09-14 12:17:46 com_github_MitjaNemec_ReplicateLayout.replicate_layout 1027:Src text UUid:bdd2edd9-201b-498e-9fdb-52a21e619d78
09-14 12:17:46 com_github_MitjaNemec_ReplicateLayout.replicate_layout 1028:Dst text UUid:99c3b060-57bd-43fc-9967-7f679c056acd
09-14 12:17:46 com_github_MitjaNemec_ReplicateLayout.replicate_layout 1027:Src text UUid:e9758a16-bdf1-4e3e-b656-5b96dc8ad0d4
09-14 12:17:46 com_github_MitjaNemec_ReplicateLayout.replicate_layout 1028:Dst text UUid:62ac5e7f-c7a5-499f-8bd2-46d321b7b42f
09-14 12:17:46 com_github_MitjaNemec_ReplicateLayout.replicate_layout 925:Replicating footprint: 'Q3'
09-14 12:17:46 com_github_MitjaNemec_ReplicateLayout.replicate_layout 872:Src fp.id: '4D3C2B2F-0678-41BC-9FFF-B1D3D5666087'
09-14 12:17:46 com_github_MitjaNemec_ReplicateLayout.replicate_layout 876:Dst fp.id: '4D3C2B2F-0678-41BC-9FFF-B1D3D5666087'
09-14 12:17:46 com_github_MitjaNemec_ReplicateLayout.replicate_layout 932:found match in dst footprint: 'Q15'
09-14 12:17:46 com_github_MitjaNemec_ReplicateLayout.replicate_layout 1027:Src text UUid:67ba9aad-de28-471f-9c9d-38a6b383f229
09-14 12:17:46 com_github_MitjaNemec_ReplicateLayout.replicate_layout 1028:Dst text UUid:a167c388-004a-4b76-9d8b-7629f6e5d914
09-14 12:17:46 com_github_MitjaNemec_ReplicateLayout.replicate_layout 1027:Src text UUid:c6fa2b7e-6ebb-49a2-b354-c5f6c6ab752d
09-14 12:17:46 com_github_MitjaNemec_ReplicateLayout.replicate_layout 1028:Dst text UUid:c831aae7-3465-4164-83b8-ee04e8506bab
09-14 12:17:46 com_github_MitjaNemec_ReplicateLayout.replicate_layout 1027:Src text UUid:810ba70a-69cd-44df-b7c9-800e3c93a116
09-14 12:17:46 com_github_MitjaNemec_ReplicateLayout.replicate_layout 1028:Dst text UUid:922ebf06-bf16-4e1b-a33e-5daa789422b4
09-14 12:17:46 com_github_MitjaNemec_ReplicateLayout.replicate_layout 925:Replicating footprint: 'C3'
09-14 12:17:46 com_github_MitjaNemec_ReplicateLayout.replicate_layout 872:Src fp.id: 'ADEF563F-E6DE-4FF6-A171-379AF5118CCB'
09-14 12:17:46 com_github_MitjaNemec_ReplicateLayout.replicate_layout 876:Dst fp.id: 'ADEF563F-E6DE-4FF6-A171-379AF5118CCB'
09-14 12:17:46 com_github_MitjaNemec_ReplicateLayout.replicate_layout 932:found match in dst footprint: 'C64'
09-14 12:17:46 com_github_MitjaNemec_ReplicateLayout.replicate_layout 1027:Src text UUid:0156a5ac-409b-4872-8b68-ba0e5851c981
09-14 12:17:46 com_github_MitjaNemec_ReplicateLayout.replicate_layout 1028:Dst text UUid:cca3e7a0-ba70-416f-a25f-cacfd42b2f14
09-14 12:17:46 com_github_MitjaNemec_ReplicateLayout.replicate_layout 1027:Src text UUid:b468aaf4-1101-472c-8658-39cda265520d
09-14 12:17:46 com_github_MitjaNemec_ReplicateLayout.replicate_layout 1028:Dst text UUid:38fc84a4-1e80-402d-8f0f-01a42bc98a3c
09-14 12:17:46 com_github_MitjaNemec_ReplicateLayout.replicate_layout 1027:Src text UUid:e004602b-4782-4605-b6ab-2adf9d630b9e
09-14 12:17:46 com_github_MitjaNemec_ReplicateLayout.replicate_layout 1028:Dst text UUid:d9c99585-14f9-4919-bef7-1f8983996b5f
09-14 12:17:46 com_github_MitjaNemec_ReplicateLayout.replicate_layout 925:Replicating footprint: 'C1'
09-14 12:17:46 com_github_MitjaNemec_ReplicateLayout.replicate_layout 872:Src fp.id: '37DF0A0E-754A-4038-8FCE-D14333AB1C0D'
09-14 12:17:46 com_github_MitjaNemec_ReplicateLayout.replicate_layout 876:Dst fp.id: '37DF0A0E-754A-4038-8FCE-D14333AB1C0D'
09-14 12:17:46 com_github_MitjaNemec_ReplicateLayout.replicate_layout 932:found match in dst footprint: 'C62'
09-14 12:17:46 com_github_MitjaNemec_ReplicateLayout.replicate_layout 1027:Src text UUid:de00eed0-f845-423b-8fa1-a9271aa71cd5
09-14 12:17:46 com_github_MitjaNemec_ReplicateLayout.replicate_layout 1028:Dst text UUid:189a7c72-ca8f-468c-8d41-ce624bb09505
09-14 12:17:46 com_github_MitjaNemec_ReplicateLayout.replicate_layout 1027:Src text UUid:0aba8ad2-3fd1-46d8-899d-ac26f1c49382
09-14 12:17:46 com_github_MitjaNemec_ReplicateLayout.replicate_layout 1028:Dst text UUid:b8e56b9c-257e-4779-92dd-3a3729e2653d
09-14 12:17:46 com_github_MitjaNemec_ReplicateLayout.replicate_layout 1027:Src text UUid:12710d22-73b5-4908-911e-b2c0ceeae848
09-14 12:17:46 com_github_MitjaNemec_ReplicateLayout.replicate_layout 1028:Dst text UUid:8574a78b-ab0c-4ea9-ba37-fa863d628083
09-14 12:17:46 com_github_MitjaNemec_ReplicateLayout.replicate_layout 925:Replicating footprint: 'R16'
09-14 12:17:46 com_github_MitjaNemec_ReplicateLayout.replicate_layout 872:Src fp.id: '04597BAB-A257-402B-B91B-E4F1BA862DAE'
09-14 12:17:46 com_github_MitjaNemec_ReplicateLayout.replicate_layout 876:Dst fp.id: '04597BAB-A257-402B-B91B-E4F1BA862DAE'
09-14 12:17:46 com_github_MitjaNemec_ReplicateLayout.replicate_layout 932:found match in dst footprint: 'R86'
09-14 12:17:46 com_github_MitjaNemec_ReplicateLayout.replicate_layout 1027:Src text UUid:a3444669-ced3-416b-8a8f-b7be1e95486a
09-14 12:17:46 com_github_MitjaNemec_ReplicateLayout.replicate_layout 1028:Dst text UUid:a87287cf-686b-458c-819b-e419324fd6e4
09-14 12:17:46 com_github_MitjaNemec_ReplicateLayout.replicate_layout 1027:Src text UUid:d9a7caac-6bf4-4d96-82a7-90a1ce9e9d78
09-14 12:17:46 com_github_MitjaNemec_ReplicateLayout.replicate_layout 1028:Dst text UUid:022cb179-d8b2-4a9f-bcc0-c711d2185c3d
09-14 12:17:46 com_github_MitjaNemec_ReplicateLayout.replicate_layout 1027:Src text UUid:89e2183c-e036-4214-8fcf-7074c0ea757b
09-14 12:17:46 com_github_MitjaNemec_ReplicateLayout.replicate_layout 1028:Dst text UUid:f4041cea-1773-4abc-9df4-df3a8c3ea472
09-14 12:17:46 com_github_MitjaNemec_ReplicateLayout.replicate_layout 925:Replicating footprint: 'Q4'
09-14 12:17:46 com_github_MitjaNemec_ReplicateLayout.replicate_layout 872:Src fp.id: '9E41BD37-C488-442D-9D88-11BB4317E192'
09-14 12:17:46 com_github_MitjaNemec_ReplicateLayout.replicate_layout 876:Dst fp.id: '9E41BD37-C488-442D-9D88-11BB4317E192'
09-14 12:17:46 com_github_MitjaNemec_ReplicateLayout.replicate_layout 932:found match in dst footprint: 'Q16'
09-14 12:17:46 com_github_MitjaNemec_ReplicateLayout.replicate_layout 1027:Src text UUid:bb14aad6-a67f-47f9-9db9-f8272ef53ef1
09-14 12:17:46 com_github_MitjaNemec_ReplicateLayout.replicate_layout 1028:Dst text UUid:133ce2d3-5464-401a-8376-6308b00cb67f
09-14 12:17:46 com_github_MitjaNemec_ReplicateLayout.replicate_layout 1027:Src text UUid:6c3795ea-6e3b-4860-a69a-54bca2a42098
09-14 12:17:46 com_github_MitjaNemec_ReplicateLayout.replicate_layout 1028:Dst text UUid:0863f5ac-ab2c-48ee-9e88-1cf98c39bcce
09-14 12:17:46 com_github_MitjaNemec_ReplicateLayout.replicate_layout 1027:Src text UUid:c5381476-4096-442d-aaa8-b38c24d53e9a
09-14 12:17:46 com_github_MitjaNemec_ReplicateLayout.replicate_layout 1028:Dst text UUid:91238dd5-4de6-4e83-a661-32e76a75b24f
09-14 12:17:46 com_github_MitjaNemec_ReplicateLayout.replicate_layout 907:Replicating footprints on sheet ['/Main Diode ORs/', '/Main Diode ORs/Ideal Diode3/']
09-14 12:17:46 com_github_MitjaNemec_ReplicateLayout.replicate_layout 872:Src fp.id: '9E41BD37-C488-442D-9D88-11BB4317E192'
09-14 12:17:46 com_github_MitjaNemec_ReplicateLayout.replicate_layout 876:Dst fp.id: '9E41BD37-C488-442D-9D88-11BB4317E192'
09-14 12:17:46 com_github_MitjaNemec_ReplicateLayout.replicate_layout 925:Replicating footprint: 'TP3'
09-14 12:17:46 com_github_MitjaNemec_ReplicateLayout.replicate_layout 872:Src fp.id: 'F2E8BA91-5443-4AEC-BC88-DEC51ED0B43C'
09-14 12:17:46 com_github_MitjaNemec_ReplicateLayout.replicate_layout 876:Dst fp.id: 'F2E8BA91-5443-4AEC-BC88-DEC51ED0B43C'
09-14 12:17:46 com_github_MitjaNemec_ReplicateLayout.replicate_layout 932:found match in dst footprint: 'TP32'
09-14 12:17:46 com_github_MitjaNemec_ReplicateLayout.replicate_layout 1027:Src text UUid:62d9492b-bbfc-4cb0-aff6-435390d76875
09-14 12:17:46 com_github_MitjaNemec_ReplicateLayout.replicate_layout 1028:Dst text UUid:45ff7a29-46a0-4f68-9628-514ddb30a8cd
09-14 12:17:46 com_github_MitjaNemec_ReplicateLayout.replicate_layout 1027:Src text UUid:cbbdf03b-b622-499f-9496-4e70a274791c
09-14 12:17:46 com_github_MitjaNemec_ReplicateLayout.replicate_layout 1028:Dst text UUid:5b289fc0-7251-4802-841b-ebc4041d3597
09-14 12:17:46 com_github_MitjaNemec_ReplicateLayout.replicate_layout 1027:Src text UUid:2c452f14-656d-40dd-83c1-2c0faf1efc9d
09-14 12:17:46 com_github_MitjaNemec_ReplicateLayout.replicate_layout 1028:Dst text UUid:abc53b2b-3b7f-4f28-bbc0-ed4a998f595c
09-14 12:17:46 com_github_MitjaNemec_ReplicateLayout.replicate_layout 925:Replicating footprint: 'C2'
09-14 12:17:46 com_github_MitjaNemec_ReplicateLayout.replicate_layout 872:Src fp.id: '3C4BDA2D-E1CB-44BC-9A78-A873C3614D4F'
09-14 12:17:46 com_github_MitjaNemec_ReplicateLayout.replicate_layout 876:Dst fp.id: '3C4BDA2D-E1CB-44BC-9A78-A873C3614D4F'
09-14 12:17:46 com_github_MitjaNemec_ReplicateLayout.replicate_layout 932:found match in dst footprint: 'C67'
09-14 12:17:46 com_github_MitjaNemec_ReplicateLayout.replicate_layout 1027:Src text UUid:bc17c69a-51c6-48e5-9d33-32b7c3e208ff
09-14 12:17:46 com_github_MitjaNemec_ReplicateLayout.replicate_layout 1028:Dst text UUid:3f3c4a02-44b6-42c3-a6c7-85fb7ca13907
09-14 12:17:46 com_github_MitjaNemec_ReplicateLayout.replicate_layout 1027:Src text UUid:aff029ec-39a5-4e16-ad33-2af422e55778
09-14 12:17:46 com_github_MitjaNemec_ReplicateLayout.replicate_layout 1028:Dst text UUid:8473b3bb-370c-4182-9918-734253505ac8
09-14 12:17:46 com_github_MitjaNemec_ReplicateLayout.replicate_layout 1027:Src text UUid:35ea7ed2-5b5a-42d1-8f2a-f480cac7b38d
09-14 12:17:46 com_github_MitjaNemec_ReplicateLayout.replicate_layout 1028:Dst text UUid:f2b012c2-8335-4760-a1eb-e2604795a0ef
09-14 12:17:46 com_github_MitjaNemec_ReplicateLayout.replicate_layout 925:Replicating footprint: 'D5'
09-14 12:17:46 com_github_MitjaNemec_ReplicateLayout.replicate_layout 872:Src fp.id: '7EF58903-C34D-4389-895C-0FF064EDD735'
09-14 12:17:46 com_github_MitjaNemec_ReplicateLayout.replicate_layout 876:Dst fp.id: '7EF58903-C34D-4389-895C-0FF064EDD735'
09-14 12:17:46 com_github_MitjaNemec_ReplicateLayout.replicate_layout 932:found match in dst footprint: 'D22'
09-14 12:17:46 com_github_MitjaNemec_ReplicateLayout.replicate_layout 1027:Src text UUid:b3ffd359-00e0-4687-af42-c1c1ac7d956a
09-14 12:17:46 com_github_MitjaNemec_ReplicateLayout.replicate_layout 1028:Dst text UUid:c72c5dad-2ce0-4fdf-a87c-1afd275f401a
09-14 12:17:46 com_github_MitjaNemec_ReplicateLayout.replicate_layout 1027:Src text UUid:c062579f-9265-4756-aa01-50adb2bf21f0
09-14 12:17:46 com_github_MitjaNemec_ReplicateLayout.replicate_layout 1028:Dst text UUid:eae53d55-52be-49dc-84b9-f5538bf3f211
09-14 12:17:46 com_github_MitjaNemec_ReplicateLayout.replicate_layout 1027:Src text UUid:15145472-9a73-45cf-b1e8-d267e127aebf
09-14 12:17:46 com_github_MitjaNemec_ReplicateLayout.replicate_layout 1028:Dst text UUid:37d12af8-eb3b-4446-b8f4-d655f7d0add1
09-14 12:17:46 com_github_MitjaNemec_ReplicateLayout.replicate_layout 925:Replicating footprint: 'D4'
09-14 12:17:46 com_github_MitjaNemec_ReplicateLayout.replicate_layout 872:Src fp.id: 'C3C48237-0C6A-4E4C-9A1C-50273B5F74C4'
09-14 12:17:46 com_github_MitjaNemec_ReplicateLayout.replicate_layout 876:Dst fp.id: 'C3C48237-0C6A-4E4C-9A1C-50273B5F74C4'
09-14 12:17:46 com_github_MitjaNemec_ReplicateLayout.replicate_layout 932:found match in dst footprint: 'D21'
09-14 12:17:46 com_github_MitjaNemec_ReplicateLayout.replicate_layout 1027:Src text UUid:c9f31c96-5ebe-4856-a816-893fd66bfa61
09-14 12:17:46 com_github_MitjaNemec_ReplicateLayout.replicate_layout 1028:Dst text UUid:f3e075b8-1fa6-4646-be90-1abaa95e2195
09-14 12:17:46 com_github_MitjaNemec_ReplicateLayout.replicate_layout 1027:Src text UUid:9fe84d2d-bf3c-405f-8fb3-e6567a8450e1
09-14 12:17:46 com_github_MitjaNemec_ReplicateLayout.replicate_layout 1028:Dst text UUid:07780983-2219-4a03-ace0-4914396ebfce
09-14 12:17:46 com_github_MitjaNemec_ReplicateLayout.replicate_layout 1027:Src text UUid:d0db19a7-80a0-4099-b40d-2ab382043753
09-14 12:17:46 com_github_MitjaNemec_ReplicateLayout.replicate_layout 1028:Dst text UUid:5343df90-6c28-4823-bfaf-c67a4fc1c583
09-14 12:17:46 com_github_MitjaNemec_ReplicateLayout.replicate_layout 925:Replicating footprint: 'C4'
09-14 12:17:46 com_github_MitjaNemec_ReplicateLayout.replicate_layout 872:Src fp.id: 'D1D3ACD0-F428-4C88-819C-E786B60BDB6C'
09-14 12:17:46 com_github_MitjaNemec_ReplicateLayout.replicate_layout 876:Dst fp.id: 'D1D3ACD0-F428-4C88-819C-E786B60BDB6C'
09-14 12:17:46 com_github_MitjaNemec_ReplicateLayout.replicate_layout 932:found match in dst footprint: 'C69'
09-14 12:17:46 com_github_MitjaNemec_ReplicateLayout.replicate_layout 1027:Src text UUid:ce474946-4d27-409b-aada-ce7515f060ef
09-14 12:17:46 com_github_MitjaNemec_ReplicateLayout.replicate_layout 1028:Dst text UUid:1e274f55-92df-4269-9deb-9b45c15f6d5d
09-14 12:17:46 com_github_MitjaNemec_ReplicateLayout.replicate_layout 1027:Src text UUid:c87bbc3c-16af-4b00-ae4e-d8d470d4ed2a
09-14 12:17:46 com_github_MitjaNemec_ReplicateLayout.replicate_layout 1028:Dst text UUid:2a341d04-d9ac-4609-a335-8ffc7a740269
09-14 12:17:46 com_github_MitjaNemec_ReplicateLayout.replicate_layout 1027:Src text UUid:65efd81d-a15c-4ba9-9796-49368d4e520d
09-14 12:17:46 com_github_MitjaNemec_ReplicateLayout.replicate_layout 1028:Dst text UUid:a91fe300-5ee5-4a2c-b617-057e077cdd39
09-14 12:17:46 com_github_MitjaNemec_ReplicateLayout.replicate_layout 925:Replicating footprint: 'IC1'
09-14 12:17:46 com_github_MitjaNemec_ReplicateLayout.replicate_layout 872:Src fp.id: '3FCFE323-4A78-474E-8A8B-D81BDA0A663C'
09-14 12:17:46 com_github_MitjaNemec_ReplicateLayout.replicate_layout 876:Dst fp.id: '3FCFE323-4A78-474E-8A8B-D81BDA0A663C'
09-14 12:17:46 com_github_MitjaNemec_ReplicateLayout.replicate_layout 932:found match in dst footprint: 'IC6'
09-14 12:17:46 com_github_MitjaNemec_ReplicateLayout.replicate_layout 1027:Src text UUid:cdda3d9c-50b7-4dea-b08e-1ac79a07ce60
09-14 12:17:46 com_github_MitjaNemec_ReplicateLayout.replicate_layout 1028:Dst text UUid:212d2607-cf87-437d-a146-5f4ee40fec0f
09-14 12:17:46 com_github_MitjaNemec_ReplicateLayout.replicate_layout 1027:Src text UUid:bdd2edd9-201b-498e-9fdb-52a21e619d78
09-14 12:17:46 com_github_MitjaNemec_ReplicateLayout.replicate_layout 1028:Dst text UUid:9fa23e0e-97ef-463d-aad4-88d44f65befd
09-14 12:17:46 com_github_MitjaNemec_ReplicateLayout.replicate_layout 1027:Src text UUid:e9758a16-bdf1-4e3e-b656-5b96dc8ad0d4
09-14 12:17:46 com_github_MitjaNemec_ReplicateLayout.replicate_layout 1028:Dst text UUid:a903ae36-1b59-4caa-a4cb-367fc3f7b017
09-14 12:17:46 com_github_MitjaNemec_ReplicateLayout.replicate_layout 925:Replicating footprint: 'Q3'
09-14 12:17:46 com_github_MitjaNemec_ReplicateLayout.replicate_layout 872:Src fp.id: '4D3C2B2F-0678-41BC-9FFF-B1D3D5666087'
09-14 12:17:46 com_github_MitjaNemec_ReplicateLayout.replicate_layout 876:Dst fp.id: '4D3C2B2F-0678-41BC-9FFF-B1D3D5666087'
09-14 12:17:46 com_github_MitjaNemec_ReplicateLayout.replicate_layout 932:found match in dst footprint: 'Q17'
09-14 12:17:46 com_github_MitjaNemec_ReplicateLayout.replicate_layout 1027:Src text UUid:67ba9aad-de28-471f-9c9d-38a6b383f229
09-14 12:17:46 com_github_MitjaNemec_ReplicateLayout.replicate_layout 1028:Dst text UUid:e563f993-5c70-429f-b90f-18cd41aaa912
09-14 12:17:46 com_github_MitjaNemec_ReplicateLayout.replicate_layout 1027:Src text UUid:c6fa2b7e-6ebb-49a2-b354-c5f6c6ab752d
09-14 12:17:46 com_github_MitjaNemec_ReplicateLayout.replicate_layout 1028:Dst text UUid:318d2a14-6b8b-4c9d-b415-87a70ed8e9f8
09-14 12:17:46 com_github_MitjaNemec_ReplicateLayout.replicate_layout 1027:Src text UUid:810ba70a-69cd-44df-b7c9-800e3c93a116
09-14 12:17:46 com_github_MitjaNemec_ReplicateLayout.replicate_layout 1028:Dst text UUid:01df1f21-d597-40cb-af15-116edd559941
09-14 12:17:46 com_github_MitjaNemec_ReplicateLayout.replicate_layout 925:Replicating footprint: 'C3'
09-14 12:17:46 com_github_MitjaNemec_ReplicateLayout.replicate_layout 872:Src fp.id: 'ADEF563F-E6DE-4FF6-A171-379AF5118CCB'
09-14 12:17:46 com_github_MitjaNemec_ReplicateLayout.replicate_layout 876:Dst fp.id: 'ADEF563F-E6DE-4FF6-A171-379AF5118CCB'
09-14 12:17:46 com_github_MitjaNemec_ReplicateLayout.replicate_layout 932:found match in dst footprint: 'C68'
09-14 12:17:46 com_github_MitjaNemec_ReplicateLayout.replicate_layout 1027:Src text UUid:0156a5ac-409b-4872-8b68-ba0e5851c981
09-14 12:17:46 com_github_MitjaNemec_ReplicateLayout.replicate_layout 1028:Dst text UUid:925fc224-ed5e-4751-9908-e2717273384a
09-14 12:17:46 com_github_MitjaNemec_ReplicateLayout.replicate_layout 1027:Src text UUid:b468aaf4-1101-472c-8658-39cda265520d
09-14 12:17:46 com_github_MitjaNemec_ReplicateLayout.replicate_layout 1028:Dst text UUid:3420f6d2-9ff3-43a6-b3e8-0892aa6c6837
09-14 12:17:46 com_github_MitjaNemec_ReplicateLayout.replicate_layout 1027:Src text UUid:e004602b-4782-4605-b6ab-2adf9d630b9e
09-14 12:17:46 com_github_MitjaNemec_ReplicateLayout.replicate_layout 1028:Dst text UUid:9c5117ce-faa8-43e7-bef0-408436186c34
09-14 12:17:46 com_github_MitjaNemec_ReplicateLayout.replicate_layout 925:Replicating footprint: 'C1'
09-14 12:17:46 com_github_MitjaNemec_ReplicateLayout.replicate_layout 872:Src fp.id: '37DF0A0E-754A-4038-8FCE-D14333AB1C0D'
09-14 12:17:46 com_github_MitjaNemec_ReplicateLayout.replicate_layout 876:Dst fp.id: '37DF0A0E-754A-4038-8FCE-D14333AB1C0D'
09-14 12:17:46 com_github_MitjaNemec_ReplicateLayout.replicate_layout 932:found match in dst footprint: 'C66'
09-14 12:17:46 com_github_MitjaNemec_ReplicateLayout.replicate_layout 1027:Src text UUid:de00eed0-f845-423b-8fa1-a9271aa71cd5
09-14 12:17:46 com_github_MitjaNemec_ReplicateLayout.replicate_layout 1028:Dst text UUid:b39a1879-888a-4ffa-b3eb-6836b6a1cc14
09-14 12:17:46 com_github_MitjaNemec_ReplicateLayout.replicate_layout 1027:Src text UUid:0aba8ad2-3fd1-46d8-899d-ac26f1c49382
09-14 12:17:46 com_github_MitjaNemec_ReplicateLayout.replicate_layout 1028:Dst text UUid:cd3ed372-b7f5-438f-88a1-5eb300e1e1d8
09-14 12:17:46 com_github_MitjaNemec_ReplicateLayout.replicate_layout 1027:Src text UUid:12710d22-73b5-4908-911e-b2c0ceeae848
09-14 12:17:46 com_github_MitjaNemec_ReplicateLayout.replicate_layout 1028:Dst text UUid:a6032f4f-f9a1-46d3-8b62-33c93267e642
09-14 12:17:46 com_github_MitjaNemec_ReplicateLayout.replicate_layout 925:Replicating footprint: 'R16'
09-14 12:17:46 com_github_MitjaNemec_ReplicateLayout.replicate_layout 872:Src fp.id: '04597BAB-A257-402B-B91B-E4F1BA862DAE'
09-14 12:17:46 com_github_MitjaNemec_ReplicateLayout.replicate_layout 876:Dst fp.id: '04597BAB-A257-402B-B91B-E4F1BA862DAE'
09-14 12:17:46 com_github_MitjaNemec_ReplicateLayout.replicate_layout 932:found match in dst footprint: 'R87'
09-14 12:17:46 com_github_MitjaNemec_ReplicateLayout.replicate_layout 1027:Src text UUid:a3444669-ced3-416b-8a8f-b7be1e95486a
09-14 12:17:46 com_github_MitjaNemec_ReplicateLayout.replicate_layout 1028:Dst text UUid:52286698-9de9-4667-be04-c9513c8665c2
09-14 12:17:46 com_github_MitjaNemec_ReplicateLayout.replicate_layout 1027:Src text UUid:d9a7caac-6bf4-4d96-82a7-90a1ce9e9d78
09-14 12:17:46 com_github_MitjaNemec_ReplicateLayout.replicate_layout 1028:Dst text UUid:d1266ff8-d2de-4a85-b0e1-acfebaa013fc
09-14 12:17:46 com_github_MitjaNemec_ReplicateLayout.replicate_layout 1027:Src text UUid:89e2183c-e036-4214-8fcf-7074c0ea757b
09-14 12:17:46 com_github_MitjaNemec_ReplicateLayout.replicate_layout 1028:Dst text UUid:e0277c9d-b652-4794-a0ac-34f00c140188
09-14 12:17:46 com_github_MitjaNemec_ReplicateLayout.replicate_layout 925:Replicating footprint: 'Q4'
09-14 12:17:46 root 377:updating GUI with: 49
09-14 12:17:46 com_github_MitjaNemec_ReplicateLayout.replicate_layout 872:Src fp.id: '9E41BD37-C488-442D-9D88-11BB4317E192'
09-14 12:17:46 com_github_MitjaNemec_ReplicateLayout.replicate_layout 876:Dst fp.id: '9E41BD37-C488-442D-9D88-11BB4317E192'
09-14 12:17:46 com_github_MitjaNemec_ReplicateLayout.replicate_layout 932:found match in dst footprint: 'Q18'
09-14 12:17:46 com_github_MitjaNemec_ReplicateLayout.replicate_layout 1027:Src text UUid:bb14aad6-a67f-47f9-9db9-f8272ef53ef1
09-14 12:17:46 com_github_MitjaNemec_ReplicateLayout.replicate_layout 1028:Dst text UUid:ea83669c-2e6b-402d-bb99-33d1ef47c8be
09-14 12:17:46 com_github_MitjaNemec_ReplicateLayout.replicate_layout 1027:Src text UUid:6c3795ea-6e3b-4860-a69a-54bca2a42098
09-14 12:17:46 com_github_MitjaNemec_ReplicateLayout.replicate_layout 1028:Dst text UUid:1079a191-bcc1-44f1-ae8d-0a596920cc38
09-14 12:17:46 com_github_MitjaNemec_ReplicateLayout.replicate_layout 1027:Src text UUid:c5381476-4096-442d-aaa8-b38c24d53e9a
09-14 12:17:46 com_github_MitjaNemec_ReplicateLayout.replicate_layout 1028:Dst text UUid:17bae4ae-de91-4f67-a123-9d46ed95b83d
09-14 12:17:46 com_github_MitjaNemec_ReplicateLayout.replicate_layout 907:Replicating footprints on sheet ['/Ouput/', '/Ouput/Ideal Diode/']
09-14 12:17:46 com_github_MitjaNemec_ReplicateLayout.replicate_layout 872:Src fp.id: '9E41BD37-C488-442D-9D88-11BB4317E192'
09-14 12:17:46 com_github_MitjaNemec_ReplicateLayout.replicate_layout 876:Dst fp.id: '9E41BD37-C488-442D-9D88-11BB4317E192'
09-14 12:17:46 com_github_MitjaNemec_ReplicateLayout.replicate_layout 925:Replicating footprint: 'TP3'
09-14 12:17:46 com_github_MitjaNemec_ReplicateLayout.replicate_layout 872:Src fp.id: 'F2E8BA91-5443-4AEC-BC88-DEC51ED0B43C'
09-14 12:17:46 com_github_MitjaNemec_ReplicateLayout.replicate_layout 876:Dst fp.id: 'F2E8BA91-5443-4AEC-BC88-DEC51ED0B43C'
09-14 12:17:46 com_github_MitjaNemec_ReplicateLayout.replicate_layout 932:found match in dst footprint: 'TP39'
09-14 12:17:46 com_github_MitjaNemec_ReplicateLayout.replicate_layout 1027:Src text UUid:62d9492b-bbfc-4cb0-aff6-435390d76875
09-14 12:17:46 com_github_MitjaNemec_ReplicateLayout.replicate_layout 1028:Dst text UUid:ec3a8cf2-60ca-452c-b914-504544b6b756
09-14 12:17:46 com_github_MitjaNemec_ReplicateLayout.replicate_layout 1027:Src text UUid:cbbdf03b-b622-499f-9496-4e70a274791c
09-14 12:17:46 com_github_MitjaNemec_ReplicateLayout.replicate_layout 1028:Dst text UUid:77e77753-4cf0-433c-b77d-4b280b672c48
09-14 12:17:46 com_github_MitjaNemec_ReplicateLayout.replicate_layout 1027:Src text UUid:2c452f14-656d-40dd-83c1-2c0faf1efc9d
09-14 12:17:46 com_github_MitjaNemec_ReplicateLayout.replicate_layout 1028:Dst text UUid:8cda61c5-b1fb-456b-b9ee-3e91b1207111
09-14 12:17:46 com_github_MitjaNemec_ReplicateLayout.replicate_layout 925:Replicating footprint: 'C2'
09-14 12:17:46 com_github_MitjaNemec_ReplicateLayout.replicate_layout 872:Src fp.id: '3C4BDA2D-E1CB-44BC-9A78-A873C3614D4F'
09-14 12:17:46 com_github_MitjaNemec_ReplicateLayout.replicate_layout 876:Dst fp.id: '3C4BDA2D-E1CB-44BC-9A78-A873C3614D4F'
09-14 12:17:46 com_github_MitjaNemec_ReplicateLayout.replicate_layout 932:found match in dst footprint: 'C76'
09-14 12:17:46 com_github_MitjaNemec_ReplicateLayout.replicate_layout 1027:Src text UUid:bc17c69a-51c6-48e5-9d33-32b7c3e208ff
09-14 12:17:46 com_github_MitjaNemec_ReplicateLayout.replicate_layout 1028:Dst text UUid:0a22a16b-d631-4c85-8b03-70f30abc2fac
09-14 12:17:46 com_github_MitjaNemec_ReplicateLayout.replicate_layout 1027:Src text UUid:aff029ec-39a5-4e16-ad33-2af422e55778
09-14 12:17:46 com_github_MitjaNemec_ReplicateLayout.replicate_layout 1028:Dst text UUid:c23c3b03-eb96-4526-82b6-1bbc0fc36e7c
09-14 12:17:46 com_github_MitjaNemec_ReplicateLayout.replicate_layout 1027:Src text UUid:35ea7ed2-5b5a-42d1-8f2a-f480cac7b38d
09-14 12:17:46 com_github_MitjaNemec_ReplicateLayout.replicate_layout 1028:Dst text UUid:e4352f20-0111-473f-872d-7c2aeeab886e
09-14 12:17:46 com_github_MitjaNemec_ReplicateLayout.replicate_layout 925:Replicating footprint: 'D5'
09-14 12:17:46 com_github_MitjaNemec_ReplicateLayout.replicate_layout 872:Src fp.id: '7EF58903-C34D-4389-895C-0FF064EDD735'
09-14 12:17:46 com_github_MitjaNemec_ReplicateLayout.replicate_layout 876:Dst fp.id: '7EF58903-C34D-4389-895C-0FF064EDD735'
09-14 12:17:46 com_github_MitjaNemec_ReplicateLayout.replicate_layout 932:found match in dst footprint: 'D29'
09-14 12:17:46 com_github_MitjaNemec_ReplicateLayout.replicate_layout 1027:Src text UUid:b3ffd359-00e0-4687-af42-c1c1ac7d956a
09-14 12:17:46 com_github_MitjaNemec_ReplicateLayout.replicate_layout 1028:Dst text UUid:d10c29dd-4811-4af0-b668-65f65db4fa49
09-14 12:17:46 com_github_MitjaNemec_ReplicateLayout.replicate_layout 1027:Src text UUid:c062579f-9265-4756-aa01-50adb2bf21f0
09-14 12:17:46 com_github_MitjaNemec_ReplicateLayout.replicate_layout 1028:Dst text UUid:fecd7171-f201-4b0e-baa1-4b7d590db35e
09-14 12:17:46 com_github_MitjaNemec_ReplicateLayout.replicate_layout 1027:Src text UUid:15145472-9a73-45cf-b1e8-d267e127aebf
09-14 12:17:46 com_github_MitjaNemec_ReplicateLayout.replicate_layout 1028:Dst text UUid:18dd075d-4074-48bf-9ec0-f210fa6812cd
09-14 12:17:46 com_github_MitjaNemec_ReplicateLayout.replicate_layout 925:Replicating footprint: 'D4'
09-14 12:17:46 com_github_MitjaNemec_ReplicateLayout.replicate_layout 872:Src fp.id: 'C3C48237-0C6A-4E4C-9A1C-50273B5F74C4'
09-14 12:17:46 com_github_MitjaNemec_ReplicateLayout.replicate_layout 876:Dst fp.id: 'C3C48237-0C6A-4E4C-9A1C-50273B5F74C4'
09-14 12:17:46 com_github_MitjaNemec_ReplicateLayout.replicate_layout 932:found match in dst footprint: 'D28'
09-14 12:17:46 com_github_MitjaNemec_ReplicateLayout.replicate_layout 1027:Src text UUid:c9f31c96-5ebe-4856-a816-893fd66bfa61
09-14 12:17:46 com_github_MitjaNemec_ReplicateLayout.replicate_layout 1028:Dst text UUid:decb761d-e913-45cc-9763-4ef174fb3e1b
09-14 12:17:46 com_github_MitjaNemec_ReplicateLayout.replicate_layout 1027:Src text UUid:9fe84d2d-bf3c-405f-8fb3-e6567a8450e1
09-14 12:17:46 com_github_MitjaNemec_ReplicateLayout.replicate_layout 1028:Dst text UUid:a3c1d2d7-46bc-44d1-a84d-5d3d3bfecf85
09-14 12:17:46 com_github_MitjaNemec_ReplicateLayout.replicate_layout 1027:Src text UUid:d0db19a7-80a0-4099-b40d-2ab382043753
09-14 12:17:46 com_github_MitjaNemec_ReplicateLayout.replicate_layout 1028:Dst text UUid:074d7091-cf76-42db-8c51-5446f5dee14b
09-14 12:17:46 com_github_MitjaNemec_ReplicateLayout.replicate_layout 925:Replicating footprint: 'C4'
09-14 12:17:46 com_github_MitjaNemec_ReplicateLayout.replicate_layout 872:Src fp.id: 'D1D3ACD0-F428-4C88-819C-E786B60BDB6C'
09-14 12:17:46 com_github_MitjaNemec_ReplicateLayout.replicate_layout 876:Dst fp.id: 'D1D3ACD0-F428-4C88-819C-E786B60BDB6C'
09-14 12:17:46 com_github_MitjaNemec_ReplicateLayout.replicate_layout 932:found match in dst footprint: 'C78'
09-14 12:17:46 com_github_MitjaNemec_ReplicateLayout.replicate_layout 1027:Src text UUid:ce474946-4d27-409b-aada-ce7515f060ef
09-14 12:17:46 com_github_MitjaNemec_ReplicateLayout.replicate_layout 1028:Dst text UUid:4e10afa9-4c94-497b-bbee-7673a4fec197
09-14 12:17:46 com_github_MitjaNemec_ReplicateLayout.replicate_layout 1027:Src text UUid:c87bbc3c-16af-4b00-ae4e-d8d470d4ed2a
09-14 12:17:46 com_github_MitjaNemec_ReplicateLayout.replicate_layout 1028:Dst text UUid:4d5a9881-351f-4f09-9939-4aa1f969e90e
09-14 12:17:46 com_github_MitjaNemec_ReplicateLayout.replicate_layout 1027:Src text UUid:65efd81d-a15c-4ba9-9796-49368d4e520d
09-14 12:17:46 com_github_MitjaNemec_ReplicateLayout.replicate_layout 1028:Dst text UUid:d7b91370-c95e-4788-af85-a7363e24c709
09-14 12:17:46 com_github_MitjaNemec_ReplicateLayout.replicate_layout 925:Replicating footprint: 'IC1'
09-14 12:17:46 com_github_MitjaNemec_ReplicateLayout.replicate_layout 872:Src fp.id: '3FCFE323-4A78-474E-8A8B-D81BDA0A663C'
09-14 12:17:46 com_github_MitjaNemec_ReplicateLayout.replicate_layout 876:Dst fp.id: '3FCFE323-4A78-474E-8A8B-D81BDA0A663C'
09-14 12:17:46 com_github_MitjaNemec_ReplicateLayout.replicate_layout 932:found match in dst footprint: 'IC7'
09-14 12:17:46 com_github_MitjaNemec_ReplicateLayout.replicate_layout 1027:Src text UUid:cdda3d9c-50b7-4dea-b08e-1ac79a07ce60
09-14 12:17:46 com_github_MitjaNemec_ReplicateLayout.replicate_layout 1028:Dst text UUid:4c07bc1a-5502-4df5-96a7-b95f88a56c52
09-14 12:17:46 com_github_MitjaNemec_ReplicateLayout.replicate_layout 1027:Src text UUid:bdd2edd9-201b-498e-9fdb-52a21e619d78
09-14 12:17:46 com_github_MitjaNemec_ReplicateLayout.replicate_layout 1028:Dst text UUid:3c51036b-c0f4-4916-b074-8af17dccb594
09-14 12:17:46 com_github_MitjaNemec_ReplicateLayout.replicate_layout 1027:Src text UUid:e9758a16-bdf1-4e3e-b656-5b96dc8ad0d4
09-14 12:17:46 com_github_MitjaNemec_ReplicateLayout.replicate_layout 1028:Dst text UUid:f6597ad7-2141-4f9b-ba1f-8b031588d0c8
09-14 12:17:46 com_github_MitjaNemec_ReplicateLayout.replicate_layout 925:Replicating footprint: 'Q3'
09-14 12:17:46 com_github_MitjaNemec_ReplicateLayout.replicate_layout 872:Src fp.id: '4D3C2B2F-0678-41BC-9FFF-B1D3D5666087'
09-14 12:17:46 com_github_MitjaNemec_ReplicateLayout.replicate_layout 876:Dst fp.id: '4D3C2B2F-0678-41BC-9FFF-B1D3D5666087'
09-14 12:17:46 com_github_MitjaNemec_ReplicateLayout.replicate_layout 932:found match in dst footprint: 'Q19'
09-14 12:17:46 com_github_MitjaNemec_ReplicateLayout.replicate_layout 1027:Src text UUid:67ba9aad-de28-471f-9c9d-38a6b383f229
09-14 12:17:46 com_github_MitjaNemec_ReplicateLayout.replicate_layout 1028:Dst text UUid:60fba521-19a7-4943-97f3-c7bc3d0ee2c1
09-14 12:17:46 com_github_MitjaNemec_ReplicateLayout.replicate_layout 1027:Src text UUid:c6fa2b7e-6ebb-49a2-b354-c5f6c6ab752d
09-14 12:17:46 com_github_MitjaNemec_ReplicateLayout.replicate_layout 1028:Dst text UUid:1608e545-8b94-4968-80e8-1c495212b4ba
09-14 12:17:46 com_github_MitjaNemec_ReplicateLayout.replicate_layout 1027:Src text UUid:810ba70a-69cd-44df-b7c9-800e3c93a116
09-14 12:17:46 com_github_MitjaNemec_ReplicateLayout.replicate_layout 1028:Dst text UUid:47342315-7115-4917-871c-1187f9236bad
09-14 12:17:46 com_github_MitjaNemec_ReplicateLayout.replicate_layout 925:Replicating footprint: 'C3'
09-14 12:17:46 com_github_MitjaNemec_ReplicateLayout.replicate_layout 872:Src fp.id: 'ADEF563F-E6DE-4FF6-A171-379AF5118CCB'
09-14 12:17:46 com_github_MitjaNemec_ReplicateLayout.replicate_layout 876:Dst fp.id: 'ADEF563F-E6DE-4FF6-A171-379AF5118CCB'
09-14 12:17:46 com_github_MitjaNemec_ReplicateLayout.replicate_layout 932:found match in dst footprint: 'C77'
09-14 12:17:46 com_github_MitjaNemec_ReplicateLayout.replicate_layout 1027:Src text UUid:0156a5ac-409b-4872-8b68-ba0e5851c981
09-14 12:17:46 com_github_MitjaNemec_ReplicateLayout.replicate_layout 1028:Dst text UUid:d79ddd73-7e20-4dcb-b47d-90b80285c72e
09-14 12:17:46 com_github_MitjaNemec_ReplicateLayout.replicate_layout 1027:Src text UUid:b468aaf4-1101-472c-8658-39cda265520d
09-14 12:17:46 com_github_MitjaNemec_ReplicateLayout.replicate_layout 1028:Dst text UUid:7035fa27-c303-41b5-9fa3-dc4cf3a2b8f1
09-14 12:17:46 com_github_MitjaNemec_ReplicateLayout.replicate_layout 1027:Src text UUid:e004602b-4782-4605-b6ab-2adf9d630b9e
09-14 12:17:46 com_github_MitjaNemec_ReplicateLayout.replicate_layout 1028:Dst text UUid:ad8dd9cc-6a71-4994-bf4b-fe249ff8e4a7
09-14 12:17:46 com_github_MitjaNemec_ReplicateLayout.replicate_layout 925:Replicating footprint: 'C1'
09-14 12:17:46 com_github_MitjaNemec_ReplicateLayout.replicate_layout 872:Src fp.id: '37DF0A0E-754A-4038-8FCE-D14333AB1C0D'
09-14 12:17:46 com_github_MitjaNemec_ReplicateLayout.replicate_layout 876:Dst fp.id: '37DF0A0E-754A-4038-8FCE-D14333AB1C0D'
09-14 12:17:46 com_github_MitjaNemec_ReplicateLayout.replicate_layout 932:found match in dst footprint: 'C75'
09-14 12:17:46 com_github_MitjaNemec_ReplicateLayout.replicate_layout 1027:Src text UUid:de00eed0-f845-423b-8fa1-a9271aa71cd5
09-14 12:17:46 com_github_MitjaNemec_ReplicateLayout.replicate_layout 1028:Dst text UUid:fce76642-c441-44b5-8c24-d1dd5a6cc831
09-14 12:17:46 com_github_MitjaNemec_ReplicateLayout.replicate_layout 1027:Src text UUid:0aba8ad2-3fd1-46d8-899d-ac26f1c49382
09-14 12:17:46 com_github_MitjaNemec_ReplicateLayout.replicate_layout 1028:Dst text UUid:47e66787-e5c0-4f31-8646-aa8e48a14e11
09-14 12:17:46 com_github_MitjaNemec_ReplicateLayout.replicate_layout 1027:Src text UUid:12710d22-73b5-4908-911e-b2c0ceeae848
09-14 12:17:46 com_github_MitjaNemec_ReplicateLayout.replicate_layout 1028:Dst text UUid:9b9d7164-8af3-447c-8102-9bb9fc32aa8a
09-14 12:17:46 com_github_MitjaNemec_ReplicateLayout.replicate_layout 925:Replicating footprint: 'R16'
09-14 12:17:46 com_github_MitjaNemec_ReplicateLayout.replicate_layout 872:Src fp.id: '04597BAB-A257-402B-B91B-E4F1BA862DAE'
09-14 12:17:46 com_github_MitjaNemec_ReplicateLayout.replicate_layout 876:Dst fp.id: '04597BAB-A257-402B-B91B-E4F1BA862DAE'
09-14 12:17:46 com_github_MitjaNemec_ReplicateLayout.replicate_layout 932:found match in dst footprint: 'R95'
09-14 12:17:46 com_github_MitjaNemec_ReplicateLayout.replicate_layout 1027:Src text UUid:a3444669-ced3-416b-8a8f-b7be1e95486a
09-14 12:17:46 com_github_MitjaNemec_ReplicateLayout.replicate_layout 1028:Dst text UUid:027470be-e776-49b6-add3-554050ea6724
09-14 12:17:46 com_github_MitjaNemec_ReplicateLayout.replicate_layout 1027:Src text UUid:d9a7caac-6bf4-4d96-82a7-90a1ce9e9d78
09-14 12:17:46 com_github_MitjaNemec_ReplicateLayout.replicate_layout 1028:Dst text UUid:28922f75-8866-4b12-b55d-16b41cb16238
09-14 12:17:46 com_github_MitjaNemec_ReplicateLayout.replicate_layout 1027:Src text UUid:89e2183c-e036-4214-8fcf-7074c0ea757b
09-14 12:17:46 com_github_MitjaNemec_ReplicateLayout.replicate_layout 1028:Dst text UUid:2cffb63c-2dce-4ac8-8b30-e05f735dbe70
09-14 12:17:46 com_github_MitjaNemec_ReplicateLayout.replicate_layout 925:Replicating footprint: 'Q4'
09-14 12:17:46 com_github_MitjaNemec_ReplicateLayout.replicate_layout 872:Src fp.id: '9E41BD37-C488-442D-9D88-11BB4317E192'
09-14 12:17:46 com_github_MitjaNemec_ReplicateLayout.replicate_layout 876:Dst fp.id: '9E41BD37-C488-442D-9D88-11BB4317E192'
09-14 12:17:46 com_github_MitjaNemec_ReplicateLayout.replicate_layout 932:found match in dst footprint: 'Q20'
09-14 12:17:46 com_github_MitjaNemec_ReplicateLayout.replicate_layout 1027:Src text UUid:bb14aad6-a67f-47f9-9db9-f8272ef53ef1
09-14 12:17:46 com_github_MitjaNemec_ReplicateLayout.replicate_layout 1028:Dst text UUid:bc1e87bd-5801-4653-9f54-c59ca2637e58
09-14 12:17:46 com_github_MitjaNemec_ReplicateLayout.replicate_layout 1027:Src text UUid:6c3795ea-6e3b-4860-a69a-54bca2a42098
09-14 12:17:46 com_github_MitjaNemec_ReplicateLayout.replicate_layout 1028:Dst text UUid:6e73b295-129c-407b-a6d9-a155daa987cc
09-14 12:17:46 com_github_MitjaNemec_ReplicateLayout.replicate_layout 1027:Src text UUid:c5381476-4096-442d-aaa8-b38c24d53e9a
09-14 12:17:46 com_github_MitjaNemec_ReplicateLayout.replicate_layout 1028:Dst text UUid:639ae873-8312-426f-85d5-9faf88ca2769
09-14 12:17:46 com_github_MitjaNemec_ReplicateLayout.replicate_layout 907:Replicating footprints on sheet ['/Supp Input/', '/Supp Input/Ideal Diode1/']
09-14 12:17:46 com_github_MitjaNemec_ReplicateLayout.replicate_layout 872:Src fp.id: '9E41BD37-C488-442D-9D88-11BB4317E192'
09-14 12:17:46 com_github_MitjaNemec_ReplicateLayout.replicate_layout 876:Dst fp.id: '9E41BD37-C488-442D-9D88-11BB4317E192'
09-14 12:17:46 com_github_MitjaNemec_ReplicateLayout.replicate_layout 925:Replicating footprint: 'TP3'
09-14 12:17:46 com_github_MitjaNemec_ReplicateLayout.replicate_layout 872:Src fp.id: 'F2E8BA91-5443-4AEC-BC88-DEC51ED0B43C'
09-14 12:17:46 com_github_MitjaNemec_ReplicateLayout.replicate_layout 876:Dst fp.id: 'F2E8BA91-5443-4AEC-BC88-DEC51ED0B43C'
09-14 12:17:46 com_github_MitjaNemec_ReplicateLayout.replicate_layout 932:found match in dst footprint: 'TP4'
09-14 12:17:46 com_github_MitjaNemec_ReplicateLayout.replicate_layout 1027:Src text UUid:62d9492b-bbfc-4cb0-aff6-435390d76875
09-14 12:17:46 com_github_MitjaNemec_ReplicateLayout.replicate_layout 1028:Dst text UUid:cd7fb240-3221-499f-b8bf-0a8e478450fa
09-14 12:17:46 com_github_MitjaNemec_ReplicateLayout.replicate_layout 1027:Src text UUid:cbbdf03b-b622-499f-9496-4e70a274791c
09-14 12:17:46 com_github_MitjaNemec_ReplicateLayout.replicate_layout 1028:Dst text UUid:e164cb5d-fad7-451b-96ef-d7be719cdc15
09-14 12:17:46 com_github_MitjaNemec_ReplicateLayout.replicate_layout 1027:Src text UUid:2c452f14-656d-40dd-83c1-2c0faf1efc9d
09-14 12:17:46 com_github_MitjaNemec_ReplicateLayout.replicate_layout 1028:Dst text UUid:9693d8dc-b696-4981-a49a-f09345a74893
09-14 12:17:46 com_github_MitjaNemec_ReplicateLayout.replicate_layout 925:Replicating footprint: 'C2'
09-14 12:17:46 com_github_MitjaNemec_ReplicateLayout.replicate_layout 872:Src fp.id: '3C4BDA2D-E1CB-44BC-9A78-A873C3614D4F'
09-14 12:17:46 com_github_MitjaNemec_ReplicateLayout.replicate_layout 876:Dst fp.id: '3C4BDA2D-E1CB-44BC-9A78-A873C3614D4F'
09-14 12:17:46 com_github_MitjaNemec_ReplicateLayout.replicate_layout 932:found match in dst footprint: 'C6'
09-14 12:17:46 com_github_MitjaNemec_ReplicateLayout.replicate_layout 1027:Src text UUid:bc17c69a-51c6-48e5-9d33-32b7c3e208ff
09-14 12:17:46 com_github_MitjaNemec_ReplicateLayout.replicate_layout 1028:Dst text UUid:5aa061af-2bfa-48bf-8173-e7831cd5e56d
09-14 12:17:46 com_github_MitjaNemec_ReplicateLayout.replicate_layout 1027:Src text UUid:aff029ec-39a5-4e16-ad33-2af422e55778
09-14 12:17:46 com_github_MitjaNemec_ReplicateLayout.replicate_layout 1028:Dst text UUid:2270e6fe-72d9-4dc1-a565-a73e43993410
09-14 12:17:46 com_github_MitjaNemec_ReplicateLayout.replicate_layout 1027:Src text UUid:35ea7ed2-5b5a-42d1-8f2a-f480cac7b38d
09-14 12:17:46 com_github_MitjaNemec_ReplicateLayout.replicate_layout 1028:Dst text UUid:03fa242b-648d-4750-85dd-98d077818f0a
09-14 12:17:46 com_github_MitjaNemec_ReplicateLayout.replicate_layout 925:Replicating footprint: 'D5'
09-14 12:17:46 com_github_MitjaNemec_ReplicateLayout.replicate_layout 872:Src fp.id: '7EF58903-C34D-4389-895C-0FF064EDD735'
09-14 12:17:46 com_github_MitjaNemec_ReplicateLayout.replicate_layout 876:Dst fp.id: '7EF58903-C34D-4389-895C-0FF064EDD735'
09-14 12:17:46 com_github_MitjaNemec_ReplicateLayout.replicate_layout 932:found match in dst footprint: 'D7'
09-14 12:17:46 com_github_MitjaNemec_ReplicateLayout.replicate_layout 1027:Src text UUid:b3ffd359-00e0-4687-af42-c1c1ac7d956a
09-14 12:17:46 com_github_MitjaNemec_ReplicateLayout.replicate_layout 1028:Dst text UUid:1f797d0b-d48c-4d4f-a454-7b285610733e
09-14 12:17:46 com_github_MitjaNemec_ReplicateLayout.replicate_layout 1027:Src text UUid:c062579f-9265-4756-aa01-50adb2bf21f0
09-14 12:17:46 com_github_MitjaNemec_ReplicateLayout.replicate_layout 1028:Dst text UUid:2105efcd-e3c9-432d-a499-91c908526d66
09-14 12:17:46 com_github_MitjaNemec_ReplicateLayout.replicate_layout 1027:Src text UUid:15145472-9a73-45cf-b1e8-d267e127aebf
09-14 12:17:46 com_github_MitjaNemec_ReplicateLayout.replicate_layout 1028:Dst text UUid:2a91c4e6-b755-43e8-ac7e-7b713940538d
09-14 12:17:46 com_github_MitjaNemec_ReplicateLayout.replicate_layout 925:Replicating footprint: 'D4'
09-14 12:17:46 com_github_MitjaNemec_ReplicateLayout.replicate_layout 872:Src fp.id: 'C3C48237-0C6A-4E4C-9A1C-50273B5F74C4'
09-14 12:17:46 com_github_MitjaNemec_ReplicateLayout.replicate_layout 876:Dst fp.id: 'C3C48237-0C6A-4E4C-9A1C-50273B5F74C4'
09-14 12:17:46 com_github_MitjaNemec_ReplicateLayout.replicate_layout 932:found match in dst footprint: 'D6'
09-14 12:17:46 com_github_MitjaNemec_ReplicateLayout.replicate_layout 1027:Src text UUid:c9f31c96-5ebe-4856-a816-893fd66bfa61
09-14 12:17:46 com_github_MitjaNemec_ReplicateLayout.replicate_layout 1028:Dst text UUid:6a9dbd84-f2df-4394-82ef-3b066e379e48
09-14 12:17:46 com_github_MitjaNemec_ReplicateLayout.replicate_layout 1027:Src text UUid:9fe84d2d-bf3c-405f-8fb3-e6567a8450e1
09-14 12:17:46 com_github_MitjaNemec_ReplicateLayout.replicate_layout 1028:Dst text UUid:78219729-84f4-4887-a62c-d4c84a57b0f3
09-14 12:17:46 com_github_MitjaNemec_ReplicateLayout.replicate_layout 1027:Src text UUid:d0db19a7-80a0-4099-b40d-2ab382043753
09-14 12:17:46 com_github_MitjaNemec_ReplicateLayout.replicate_layout 1028:Dst text UUid:2ea9a1cf-3f75-4f79-ae34-60c93ba92116
09-14 12:17:46 com_github_MitjaNemec_ReplicateLayout.replicate_layout 925:Replicating footprint: 'C4'
09-14 12:17:46 root 377:updating GUI with: 74
09-14 12:17:46 com_github_MitjaNemec_ReplicateLayout.replicate_layout 872:Src fp.id: 'D1D3ACD0-F428-4C88-819C-E786B60BDB6C'
09-14 12:17:46 com_github_MitjaNemec_ReplicateLayout.replicate_layout 876:Dst fp.id: 'D1D3ACD0-F428-4C88-819C-E786B60BDB6C'
09-14 12:17:46 com_github_MitjaNemec_ReplicateLayout.replicate_layout 932:found match in dst footprint: 'C8'
09-14 12:17:46 com_github_MitjaNemec_ReplicateLayout.replicate_layout 1027:Src text UUid:ce474946-4d27-409b-aada-ce7515f060ef
09-14 12:17:46 com_github_MitjaNemec_ReplicateLayout.replicate_layout 1028:Dst text UUid:114d6fef-fd67-4ef8-b7b2-5424f067dd7d
09-14 12:17:46 com_github_MitjaNemec_ReplicateLayout.replicate_layout 1027:Src text UUid:c87bbc3c-16af-4b00-ae4e-d8d470d4ed2a
09-14 12:17:46 com_github_MitjaNemec_ReplicateLayout.replicate_layout 1028:Dst text UUid:f4369db1-9a16-4ce6-9477-4fbd78c99eab
09-14 12:17:46 com_github_MitjaNemec_ReplicateLayout.replicate_layout 1027:Src text UUid:65efd81d-a15c-4ba9-9796-49368d4e520d
09-14 12:17:46 com_github_MitjaNemec_ReplicateLayout.replicate_layout 1028:Dst text UUid:7440f2c0-838d-483b-8a7c-ae43a24dfa6d
09-14 12:17:46 com_github_MitjaNemec_ReplicateLayout.replicate_layout 925:Replicating footprint: 'IC1'
09-14 12:17:46 com_github_MitjaNemec_ReplicateLayout.replicate_layout 872:Src fp.id: '3FCFE323-4A78-474E-8A8B-D81BDA0A663C'
09-14 12:17:46 com_github_MitjaNemec_ReplicateLayout.replicate_layout 876:Dst fp.id: '3FCFE323-4A78-474E-8A8B-D81BDA0A663C'
09-14 12:17:46 com_github_MitjaNemec_ReplicateLayout.replicate_layout 932:found match in dst footprint: 'IC2'
09-14 12:17:46 com_github_MitjaNemec_ReplicateLayout.replicate_layout 1027:Src text UUid:cdda3d9c-50b7-4dea-b08e-1ac79a07ce60
09-14 12:17:46 com_github_MitjaNemec_ReplicateLayout.replicate_layout 1028:Dst text UUid:516e831f-53a0-4591-83ca-d30675f78fb5
09-14 12:17:46 com_github_MitjaNemec_ReplicateLayout.replicate_layout 1027:Src text UUid:bdd2edd9-201b-498e-9fdb-52a21e619d78
09-14 12:17:46 com_github_MitjaNemec_ReplicateLayout.replicate_layout 1028:Dst text UUid:63236bdb-905c-4e6b-b8aa-4cbcb0afdf54
09-14 12:17:46 com_github_MitjaNemec_ReplicateLayout.replicate_layout 1027:Src text UUid:e9758a16-bdf1-4e3e-b656-5b96dc8ad0d4
09-14 12:17:46 com_github_MitjaNemec_ReplicateLayout.replicate_layout 1028:Dst text UUid:096e9369-0645-441f-9cb8-4b4b8919480d
09-14 12:17:46 com_github_MitjaNemec_ReplicateLayout.replicate_layout 925:Replicating footprint: 'Q3'
09-14 12:17:46 com_github_MitjaNemec_ReplicateLayout.replicate_layout 872:Src fp.id: '4D3C2B2F-0678-41BC-9FFF-B1D3D5666087'
09-14 12:17:46 com_github_MitjaNemec_ReplicateLayout.replicate_layout 876:Dst fp.id: '4D3C2B2F-0678-41BC-9FFF-B1D3D5666087'
09-14 12:17:46 com_github_MitjaNemec_ReplicateLayout.replicate_layout 932:found match in dst footprint: 'Q5'
09-14 12:17:46 com_github_MitjaNemec_ReplicateLayout.replicate_layout 1027:Src text UUid:67ba9aad-de28-471f-9c9d-38a6b383f229
09-14 12:17:46 com_github_MitjaNemec_ReplicateLayout.replicate_layout 1028:Dst text UUid:a96e3572-0e6b-4885-80ef-88af3cd06792
09-14 12:17:46 com_github_MitjaNemec_ReplicateLayout.replicate_layout 1027:Src text UUid:c6fa2b7e-6ebb-49a2-b354-c5f6c6ab752d
09-14 12:17:46 com_github_MitjaNemec_ReplicateLayout.replicate_layout 1028:Dst text UUid:bf6ca61f-77c3-41e1-9596-b49e1fe02abe
09-14 12:17:46 com_github_MitjaNemec_ReplicateLayout.replicate_layout 1027:Src text UUid:810ba70a-69cd-44df-b7c9-800e3c93a116
09-14 12:17:46 com_github_MitjaNemec_ReplicateLayout.replicate_layout 1028:Dst text UUid:2616264b-c639-4ead-85c7-bca71e53eae4
09-14 12:17:46 com_github_MitjaNemec_ReplicateLayout.replicate_layout 925:Replicating footprint: 'C3'
09-14 12:17:46 com_github_MitjaNemec_ReplicateLayout.replicate_layout 872:Src fp.id: 'ADEF563F-E6DE-4FF6-A171-379AF5118CCB'
09-14 12:17:46 com_github_MitjaNemec_ReplicateLayout.replicate_layout 876:Dst fp.id: 'ADEF563F-E6DE-4FF6-A171-379AF5118CCB'
09-14 12:17:46 com_github_MitjaNemec_ReplicateLayout.replicate_layout 932:found match in dst footprint: 'C7'
09-14 12:17:46 com_github_MitjaNemec_ReplicateLayout.replicate_layout 1027:Src text UUid:0156a5ac-409b-4872-8b68-ba0e5851c981
09-14 12:17:46 com_github_MitjaNemec_ReplicateLayout.replicate_layout 1028:Dst text UUid:121df436-cc5d-4a78-b0be-c10d5cf1b3be
09-14 12:17:46 com_github_MitjaNemec_ReplicateLayout.replicate_layout 1027:Src text UUid:b468aaf4-1101-472c-8658-39cda265520d
09-14 12:17:46 com_github_MitjaNemec_ReplicateLayout.replicate_layout 1028:Dst text UUid:88864c35-0cf4-4e02-9bc7-dbd20c7657a5
09-14 12:17:46 com_github_MitjaNemec_ReplicateLayout.replicate_layout 1027:Src text UUid:e004602b-4782-4605-b6ab-2adf9d630b9e
09-14 12:17:46 com_github_MitjaNemec_ReplicateLayout.replicate_layout 1028:Dst text UUid:30364f23-2a64-4834-bf5c-8d638c359d9f
09-14 12:17:46 com_github_MitjaNemec_ReplicateLayout.replicate_layout 925:Replicating footprint: 'C1'
09-14 12:17:46 com_github_MitjaNemec_ReplicateLayout.replicate_layout 872:Src fp.id: '37DF0A0E-754A-4038-8FCE-D14333AB1C0D'
09-14 12:17:46 com_github_MitjaNemec_ReplicateLayout.replicate_layout 876:Dst fp.id: '37DF0A0E-754A-4038-8FCE-D14333AB1C0D'
09-14 12:17:46 com_github_MitjaNemec_ReplicateLayout.replicate_layout 932:found match in dst footprint: 'C5'
09-14 12:17:46 com_github_MitjaNemec_ReplicateLayout.replicate_layout 1027:Src text UUid:de00eed0-f845-423b-8fa1-a9271aa71cd5
09-14 12:17:46 com_github_MitjaNemec_ReplicateLayout.replicate_layout 1028:Dst text UUid:f8555264-79df-45cd-824f-6e9075b1a8f3
09-14 12:17:46 com_github_MitjaNemec_ReplicateLayout.replicate_layout 1027:Src text UUid:0aba8ad2-3fd1-46d8-899d-ac26f1c49382
09-14 12:17:46 com_github_MitjaNemec_ReplicateLayout.replicate_layout 1028:Dst text UUid:cc03e21b-4492-4abb-b85e-3592e3563340
09-14 12:17:46 com_github_MitjaNemec_ReplicateLayout.replicate_layout 1027:Src text UUid:12710d22-73b5-4908-911e-b2c0ceeae848
09-14 12:17:46 com_github_MitjaNemec_ReplicateLayout.replicate_layout 1028:Dst text UUid:8f5e1d10-3ef2-43d5-b748-a75136c5f623
09-14 12:17:46 com_github_MitjaNemec_ReplicateLayout.replicate_layout 925:Replicating footprint: 'R16'
09-14 12:17:46 com_github_MitjaNemec_ReplicateLayout.replicate_layout 872:Src fp.id: '04597BAB-A257-402B-B91B-E4F1BA862DAE'
09-14 12:17:46 com_github_MitjaNemec_ReplicateLayout.replicate_layout 876:Dst fp.id: '04597BAB-A257-402B-B91B-E4F1BA862DAE'
09-14 12:17:46 com_github_MitjaNemec_ReplicateLayout.replicate_layout 932:found match in dst footprint: 'R17'
09-14 12:17:46 com_github_MitjaNemec_ReplicateLayout.replicate_layout 1027:Src text UUid:a3444669-ced3-416b-8a8f-b7be1e95486a
09-14 12:17:46 com_github_MitjaNemec_ReplicateLayout.replicate_layout 1028:Dst text UUid:7d921b60-9735-4ba2-815c-ed00acf9a034
09-14 12:17:46 com_github_MitjaNemec_ReplicateLayout.replicate_layout 1027:Src text UUid:d9a7caac-6bf4-4d96-82a7-90a1ce9e9d78
09-14 12:17:46 com_github_MitjaNemec_ReplicateLayout.replicate_layout 1028:Dst text UUid:cb3a9bd0-b3b1-4e16-b2b4-53c02ae0c81f
09-14 12:17:46 com_github_MitjaNemec_ReplicateLayout.replicate_layout 1027:Src text UUid:89e2183c-e036-4214-8fcf-7074c0ea757b
09-14 12:17:46 com_github_MitjaNemec_ReplicateLayout.replicate_layout 1028:Dst text UUid:c6090b93-6b68-42bf-8ee8-e9b27df23720
09-14 12:17:46 com_github_MitjaNemec_ReplicateLayout.replicate_layout 925:Replicating footprint: 'Q4'
09-14 12:17:46 com_github_MitjaNemec_ReplicateLayout.replicate_layout 872:Src fp.id: '9E41BD37-C488-442D-9D88-11BB4317E192'
09-14 12:17:46 com_github_MitjaNemec_ReplicateLayout.replicate_layout 876:Dst fp.id: '9E41BD37-C488-442D-9D88-11BB4317E192'
09-14 12:17:46 com_github_MitjaNemec_ReplicateLayout.replicate_layout 932:found match in dst footprint: 'Q6'
09-14 12:17:46 com_github_MitjaNemec_ReplicateLayout.replicate_layout 1027:Src text UUid:bb14aad6-a67f-47f9-9db9-f8272ef53ef1
09-14 12:17:46 com_github_MitjaNemec_ReplicateLayout.replicate_layout 1028:Dst text UUid:a2797236-30fe-4de1-8566-d283445b2a62
09-14 12:17:46 com_github_MitjaNemec_ReplicateLayout.replicate_layout 1027:Src text UUid:6c3795ea-6e3b-4860-a69a-54bca2a42098
09-14 12:17:46 com_github_MitjaNemec_ReplicateLayout.replicate_layout 1028:Dst text UUid:3dfa850c-50f0-4274-8df4-e3513761bcb6
09-14 12:17:46 com_github_MitjaNemec_ReplicateLayout.replicate_layout 1027:Src text UUid:c5381476-4096-442d-aaa8-b38c24d53e9a
09-14 12:17:46 com_github_MitjaNemec_ReplicateLayout.replicate_layout 1028:Dst text UUid:2e9fe702-0154-47f9-9a0d-642af85f7f73
09-14 12:17:46 com_github_MitjaNemec_ReplicateLayout.replicate_layout 907:Replicating footprints on sheet ['/Supp Input/', '/Supp Input/Ideal Diode4/']
09-14 12:17:46 com_github_MitjaNemec_ReplicateLayout.replicate_layout 872:Src fp.id: '9E41BD37-C488-442D-9D88-11BB4317E192'
09-14 12:17:46 com_github_MitjaNemec_ReplicateLayout.replicate_layout 876:Dst fp.id: '9E41BD37-C488-442D-9D88-11BB4317E192'
09-14 12:17:46 com_github_MitjaNemec_ReplicateLayout.replicate_layout 925:Replicating footprint: 'TP3'
09-14 12:17:46 com_github_MitjaNemec_ReplicateLayout.replicate_layout 872:Src fp.id: 'F2E8BA91-5443-4AEC-BC88-DEC51ED0B43C'
09-14 12:17:46 com_github_MitjaNemec_ReplicateLayout.replicate_layout 876:Dst fp.id: 'F2E8BA91-5443-4AEC-BC88-DEC51ED0B43C'
09-14 12:17:46 com_github_MitjaNemec_ReplicateLayout.replicate_layout 932:found match in dst footprint: 'TP9'
09-14 12:17:46 com_github_MitjaNemec_ReplicateLayout.replicate_layout 1027:Src text UUid:62d9492b-bbfc-4cb0-aff6-435390d76875
09-14 12:17:46 com_github_MitjaNemec_ReplicateLayout.replicate_layout 1028:Dst text UUid:67b0112a-d7ad-42e5-a900-581f81de246a
09-14 12:17:46 com_github_MitjaNemec_ReplicateLayout.replicate_layout 1027:Src text UUid:cbbdf03b-b622-499f-9496-4e70a274791c
09-14 12:17:46 com_github_MitjaNemec_ReplicateLayout.replicate_layout 1028:Dst text UUid:e110ac99-b57a-4f3b-a301-3dea01ec20ba
09-14 12:17:46 com_github_MitjaNemec_ReplicateLayout.replicate_layout 1027:Src text UUid:2c452f14-656d-40dd-83c1-2c0faf1efc9d
09-14 12:17:46 com_github_MitjaNemec_ReplicateLayout.replicate_layout 1028:Dst text UUid:1cd5f175-a014-4d2b-9a80-eae0630cf98b
09-14 12:17:46 com_github_MitjaNemec_ReplicateLayout.replicate_layout 925:Replicating footprint: 'C2'
09-14 12:17:46 com_github_MitjaNemec_ReplicateLayout.replicate_layout 872:Src fp.id: '3C4BDA2D-E1CB-44BC-9A78-A873C3614D4F'
09-14 12:17:46 com_github_MitjaNemec_ReplicateLayout.replicate_layout 876:Dst fp.id: '3C4BDA2D-E1CB-44BC-9A78-A873C3614D4F'
09-14 12:17:46 com_github_MitjaNemec_ReplicateLayout.replicate_layout 932:found match in dst footprint: 'C25'
09-14 12:17:46 com_github_MitjaNemec_ReplicateLayout.replicate_layout 1027:Src text UUid:bc17c69a-51c6-48e5-9d33-32b7c3e208ff
09-14 12:17:46 com_github_MitjaNemec_ReplicateLayout.replicate_layout 1028:Dst text UUid:b13d901a-df7d-4ec8-ad08-26e35f22b38f
09-14 12:17:46 com_github_MitjaNemec_ReplicateLayout.replicate_layout 1027:Src text UUid:aff029ec-39a5-4e16-ad33-2af422e55778
09-14 12:17:46 com_github_MitjaNemec_ReplicateLayout.replicate_layout 1028:Dst text UUid:0aa35392-6183-4bbd-8ee8-632fcde095f6
09-14 12:17:46 com_github_MitjaNemec_ReplicateLayout.replicate_layout 1027:Src text UUid:35ea7ed2-5b5a-42d1-8f2a-f480cac7b38d
09-14 12:17:46 com_github_MitjaNemec_ReplicateLayout.replicate_layout 1028:Dst text UUid:de08a4c5-03dc-46f2-a64b-ac447085ccc7
09-14 12:17:46 com_github_MitjaNemec_ReplicateLayout.replicate_layout 925:Replicating footprint: 'D5'
09-14 12:17:46 com_github_MitjaNemec_ReplicateLayout.replicate_layout 872:Src fp.id: '7EF58903-C34D-4389-895C-0FF064EDD735'
09-14 12:17:46 com_github_MitjaNemec_ReplicateLayout.replicate_layout 876:Dst fp.id: '7EF58903-C34D-4389-895C-0FF064EDD735'
09-14 12:17:46 com_github_MitjaNemec_ReplicateLayout.replicate_layout 932:found match in dst footprint: 'D11'
09-14 12:17:46 com_github_MitjaNemec_ReplicateLayout.replicate_layout 1027:Src text UUid:b3ffd359-00e0-4687-af42-c1c1ac7d956a
09-14 12:17:46 com_github_MitjaNemec_ReplicateLayout.replicate_layout 1028:Dst text UUid:e9785e52-5fe5-4b9a-ac0d-2b21b54690ed
09-14 12:17:46 com_github_MitjaNemec_ReplicateLayout.replicate_layout 1027:Src text UUid:c062579f-9265-4756-aa01-50adb2bf21f0
09-14 12:17:46 com_github_MitjaNemec_ReplicateLayout.replicate_layout 1028:Dst text UUid:43f0fb79-c8c0-4f9c-ba53-f96a71f52ea2
09-14 12:17:46 com_github_MitjaNemec_ReplicateLayout.replicate_layout 1027:Src text UUid:15145472-9a73-45cf-b1e8-d267e127aebf
09-14 12:17:46 com_github_MitjaNemec_ReplicateLayout.replicate_layout 1028:Dst text UUid:43a7e4f3-3f81-41bc-b567-615f22c97666
09-14 12:17:46 com_github_MitjaNemec_ReplicateLayout.replicate_layout 925:Replicating footprint: 'D4'
09-14 12:17:46 com_github_MitjaNemec_ReplicateLayout.replicate_layout 872:Src fp.id: 'C3C48237-0C6A-4E4C-9A1C-50273B5F74C4'
09-14 12:17:46 com_github_MitjaNemec_ReplicateLayout.replicate_layout 876:Dst fp.id: 'C3C48237-0C6A-4E4C-9A1C-50273B5F74C4'
09-14 12:17:46 com_github_MitjaNemec_ReplicateLayout.replicate_layout 932:found match in dst footprint: 'D10'
09-14 12:17:46 com_github_MitjaNemec_ReplicateLayout.replicate_layout 1027:Src text UUid:c9f31c96-5ebe-4856-a816-893fd66bfa61
09-14 12:17:46 com_github_MitjaNemec_ReplicateLayout.replicate_layout 1028:Dst text UUid:845a778c-9d7d-4aa6-b1e9-8e53729026de
09-14 12:17:46 com_github_MitjaNemec_ReplicateLayout.replicate_layout 1027:Src text UUid:9fe84d2d-bf3c-405f-8fb3-e6567a8450e1
09-14 12:17:46 com_github_MitjaNemec_ReplicateLayout.replicate_layout 1028:Dst text UUid:e31d4c6b-ac93-4250-85f3-54b9b7acae95
09-14 12:17:46 com_github_MitjaNemec_ReplicateLayout.replicate_layout 1027:Src text UUid:d0db19a7-80a0-4099-b40d-2ab382043753
09-14 12:17:46 com_github_MitjaNemec_ReplicateLayout.replicate_layout 1028:Dst text UUid:67a9694d-337d-40c0-9cf6-43163502f25e
09-14 12:17:46 com_github_MitjaNemec_ReplicateLayout.replicate_layout 925:Replicating footprint: 'C4'
09-14 12:17:46 com_github_MitjaNemec_ReplicateLayout.replicate_layout 872:Src fp.id: 'D1D3ACD0-F428-4C88-819C-E786B60BDB6C'
09-14 12:17:46 com_github_MitjaNemec_ReplicateLayout.replicate_layout 876:Dst fp.id: 'D1D3ACD0-F428-4C88-819C-E786B60BDB6C'
09-14 12:17:46 com_github_MitjaNemec_ReplicateLayout.replicate_layout 932:found match in dst footprint: 'C27'
09-14 12:17:46 com_github_MitjaNemec_ReplicateLayout.replicate_layout 1027:Src text UUid:ce474946-4d27-409b-aada-ce7515f060ef
09-14 12:17:46 com_github_MitjaNemec_ReplicateLayout.replicate_layout 1028:Dst text UUid:8d31e809-a3f4-4548-81fe-07a36d592cbb
09-14 12:17:46 com_github_MitjaNemec_ReplicateLayout.replicate_layout 1027:Src text UUid:c87bbc3c-16af-4b00-ae4e-d8d470d4ed2a
09-14 12:17:46 com_github_MitjaNemec_ReplicateLayout.replicate_layout 1028:Dst text UUid:9ff4bfed-6007-4a81-a84c-e46913439d01
09-14 12:17:46 com_github_MitjaNemec_ReplicateLayout.replicate_layout 1027:Src text UUid:65efd81d-a15c-4ba9-9796-49368d4e520d
09-14 12:17:46 com_github_MitjaNemec_ReplicateLayout.replicate_layout 1028:Dst text UUid:ef97d957-579e-45a9-93f3-ac846b733e47
09-14 12:17:46 com_github_MitjaNemec_ReplicateLayout.replicate_layout 925:Replicating footprint: 'IC1'
09-14 12:17:46 com_github_MitjaNemec_ReplicateLayout.replicate_layout 872:Src fp.id: '3FCFE323-4A78-474E-8A8B-D81BDA0A663C'
09-14 12:17:46 com_github_MitjaNemec_ReplicateLayout.replicate_layout 876:Dst fp.id: '3FCFE323-4A78-474E-8A8B-D81BDA0A663C'
09-14 12:17:46 com_github_MitjaNemec_ReplicateLayout.replicate_layout 932:found match in dst footprint: 'IC3'
09-14 12:17:46 com_github_MitjaNemec_ReplicateLayout.replicate_layout 1027:Src text UUid:cdda3d9c-50b7-4dea-b08e-1ac79a07ce60
09-14 12:17:46 com_github_MitjaNemec_ReplicateLayout.replicate_layout 1028:Dst text UUid:a75d5fee-fa6a-4277-b1b6-46d7c9c2b30d
09-14 12:17:46 com_github_MitjaNemec_ReplicateLayout.replicate_layout 1027:Src text UUid:bdd2edd9-201b-498e-9fdb-52a21e619d78
09-14 12:17:46 com_github_MitjaNemec_ReplicateLayout.replicate_layout 1028:Dst text UUid:24b5f803-9408-40de-863d-c58d23f553c3
09-14 12:17:46 com_github_MitjaNemec_ReplicateLayout.replicate_layout 1027:Src text UUid:e9758a16-bdf1-4e3e-b656-5b96dc8ad0d4
09-14 12:17:46 com_github_MitjaNemec_ReplicateLayout.replicate_layout 1028:Dst text UUid:20812e16-6bd5-4c89-881c-8b70186c040c
09-14 12:17:46 com_github_MitjaNemec_ReplicateLayout.replicate_layout 925:Replicating footprint: 'Q3'
09-14 12:17:46 com_github_MitjaNemec_ReplicateLayout.replicate_layout 872:Src fp.id: '4D3C2B2F-0678-41BC-9FFF-B1D3D5666087'
09-14 12:17:46 com_github_MitjaNemec_ReplicateLayout.replicate_layout 876:Dst fp.id: '4D3C2B2F-0678-41BC-9FFF-B1D3D5666087'
09-14 12:17:46 com_github_MitjaNemec_ReplicateLayout.replicate_layout 932:found match in dst footprint: 'Q8'
09-14 12:17:46 com_github_MitjaNemec_ReplicateLayout.replicate_layout 1027:Src text UUid:67ba9aad-de28-471f-9c9d-38a6b383f229
09-14 12:17:46 com_github_MitjaNemec_ReplicateLayout.replicate_layout 1028:Dst text UUid:726eafee-1bc2-47b0-bf71-892fd7abde56
09-14 12:17:46 com_github_MitjaNemec_ReplicateLayout.replicate_layout 1027:Src text UUid:c6fa2b7e-6ebb-49a2-b354-c5f6c6ab752d
09-14 12:17:46 com_github_MitjaNemec_ReplicateLayout.replicate_layout 1028:Dst text UUid:dc6759fa-c8fe-442b-b691-863f1a86ad79
09-14 12:17:46 com_github_MitjaNemec_ReplicateLayout.replicate_layout 1027:Src text UUid:810ba70a-69cd-44df-b7c9-800e3c93a116
09-14 12:17:46 com_github_MitjaNemec_ReplicateLayout.replicate_layout 1028:Dst text UUid:0679712d-f73d-4a88-84b6-c036623aaedf
09-14 12:17:46 com_github_MitjaNemec_ReplicateLayout.replicate_layout 925:Replicating footprint: 'C3'
09-14 12:17:46 com_github_MitjaNemec_ReplicateLayout.replicate_layout 872:Src fp.id: 'ADEF563F-E6DE-4FF6-A171-379AF5118CCB'
09-14 12:17:46 com_github_MitjaNemec_ReplicateLayout.replicate_layout 876:Dst fp.id: 'ADEF563F-E6DE-4FF6-A171-379AF5118CCB'
09-14 12:17:46 com_github_MitjaNemec_ReplicateLayout.replicate_layout 932:found match in dst footprint: 'C26'
09-14 12:17:46 com_github_MitjaNemec_ReplicateLayout.replicate_layout 1027:Src text UUid:0156a5ac-409b-4872-8b68-ba0e5851c981
09-14 12:17:46 com_github_MitjaNemec_ReplicateLayout.replicate_layout 1028:Dst text UUid:c290f157-beeb-4031-bee8-309bcba958ba
09-14 12:17:46 com_github_MitjaNemec_ReplicateLayout.replicate_layout 1027:Src text UUid:b468aaf4-1101-472c-8658-39cda265520d
09-14 12:17:46 com_github_MitjaNemec_ReplicateLayout.replicate_layout 1028:Dst text UUid:4ef80723-c44c-4a97-a613-a6ad6508d3e8
09-14 12:17:46 com_github_MitjaNemec_ReplicateLayout.replicate_layout 1027:Src text UUid:e004602b-4782-4605-b6ab-2adf9d630b9e
09-14 12:17:46 com_github_MitjaNemec_ReplicateLayout.replicate_layout 1028:Dst text UUid:d532e4d9-619d-4493-9887-7338c8ab9ac8
09-14 12:17:46 com_github_MitjaNemec_ReplicateLayout.replicate_layout 925:Replicating footprint: 'C1'
09-14 12:17:46 com_github_MitjaNemec_ReplicateLayout.replicate_layout 872:Src fp.id: '37DF0A0E-754A-4038-8FCE-D14333AB1C0D'
09-14 12:17:46 com_github_MitjaNemec_ReplicateLayout.replicate_layout 876:Dst fp.id: '37DF0A0E-754A-4038-8FCE-D14333AB1C0D'
09-14 12:17:46 com_github_MitjaNemec_ReplicateLayout.replicate_layout 932:found match in dst footprint: 'C24'
09-14 12:17:46 com_github_MitjaNemec_ReplicateLayout.replicate_layout 1027:Src text UUid:de00eed0-f845-423b-8fa1-a9271aa71cd5
09-14 12:17:46 com_github_MitjaNemec_ReplicateLayout.replicate_layout 1028:Dst text UUid:405ffeb0-3148-4a5b-afd1-736ccc82a6fb
09-14 12:17:46 com_github_MitjaNemec_ReplicateLayout.replicate_layout 1027:Src text UUid:0aba8ad2-3fd1-46d8-899d-ac26f1c49382
09-14 12:17:46 com_github_MitjaNemec_ReplicateLayout.replicate_layout 1028:Dst text UUid:27a58564-8d04-4855-b048-76da28f9308f
09-14 12:17:46 com_github_MitjaNemec_ReplicateLayout.replicate_layout 1027:Src text UUid:12710d22-73b5-4908-911e-b2c0ceeae848
09-14 12:17:46 com_github_MitjaNemec_ReplicateLayout.replicate_layout 1028:Dst text UUid:42702fe7-e9ed-4f39-9a86-ce38b4fa23c0
09-14 12:17:46 com_github_MitjaNemec_ReplicateLayout.replicate_layout 925:Replicating footprint: 'R16'
09-14 12:17:46 com_github_MitjaNemec_ReplicateLayout.replicate_layout 872:Src fp.id: '04597BAB-A257-402B-B91B-E4F1BA862DAE'
09-14 12:17:46 com_github_MitjaNemec_ReplicateLayout.replicate_layout 876:Dst fp.id: '04597BAB-A257-402B-B91B-E4F1BA862DAE'
09-14 12:17:46 com_github_MitjaNemec_ReplicateLayout.replicate_layout 932:found match in dst footprint: 'R31'
09-14 12:17:46 com_github_MitjaNemec_ReplicateLayout.replicate_layout 1027:Src text UUid:a3444669-ced3-416b-8a8f-b7be1e95486a
09-14 12:17:46 com_github_MitjaNemec_ReplicateLayout.replicate_layout 1028:Dst text UUid:e9c50c2f-7e29-45b3-996f-2c1fc9e2bde4
09-14 12:17:46 com_github_MitjaNemec_ReplicateLayout.replicate_layout 1027:Src text UUid:d9a7caac-6bf4-4d96-82a7-90a1ce9e9d78
09-14 12:17:46 com_github_MitjaNemec_ReplicateLayout.replicate_layout 1028:Dst text UUid:d451c7d7-5f07-4719-b933-df641e9ffdbc
09-14 12:17:46 com_github_MitjaNemec_ReplicateLayout.replicate_layout 1027:Src text UUid:89e2183c-e036-4214-8fcf-7074c0ea757b
09-14 12:17:46 com_github_MitjaNemec_ReplicateLayout.replicate_layout 1028:Dst text UUid:46453b31-62c4-4e9b-88cb-c31989512e3a
09-14 12:17:46 com_github_MitjaNemec_ReplicateLayout.replicate_layout 925:Replicating footprint: 'Q4'
09-14 12:17:46 root 377:updating GUI with: 99
09-14 12:17:46 com_github_MitjaNemec_ReplicateLayout.replicate_layout 872:Src fp.id: '9E41BD37-C488-442D-9D88-11BB4317E192'
09-14 12:17:46 com_github_MitjaNemec_ReplicateLayout.replicate_layout 876:Dst fp.id: '9E41BD37-C488-442D-9D88-11BB4317E192'
09-14 12:17:46 com_github_MitjaNemec_ReplicateLayout.replicate_layout 932:found match in dst footprint: 'Q9'
09-14 12:17:46 com_github_MitjaNemec_ReplicateLayout.replicate_layout 1027:Src text UUid:bb14aad6-a67f-47f9-9db9-f8272ef53ef1
09-14 12:17:46 com_github_MitjaNemec_ReplicateLayout.replicate_layout 1028:Dst text UUid:993f28b3-2bf7-47a8-8210-888b0f000456
09-14 12:17:46 com_github_MitjaNemec_ReplicateLayout.replicate_layout 1027:Src text UUid:6c3795ea-6e3b-4860-a69a-54bca2a42098
09-14 12:17:46 com_github_MitjaNemec_ReplicateLayout.replicate_layout 1028:Dst text UUid:9ef7b43d-2577-41dc-bd75-e39c8cd1e804
09-14 12:17:46 com_github_MitjaNemec_ReplicateLayout.replicate_layout 1027:Src text UUid:c5381476-4096-442d-aaa8-b38c24d53e9a
09-14 12:17:46 com_github_MitjaNemec_ReplicateLayout.replicate_layout 1028:Dst text UUid:c4cf0275-cb73-46cc-b020-17b89e3eb304
09-14 12:17:46 root 372:updating GUI message: 'Replicating tracks'
09-14 12:17:46 com_github_MitjaNemec_ReplicateLayout.replicate_layout 1051:Replicating tracks
09-14 12:17:46 com_github_MitjaNemec_ReplicateLayout.replicate_layout 1057:Replicating tracks on sheet ['/Main Diode ORs/', '/Main Diode ORs/Ideal Diode1/']
09-14 12:17:46 com_github_MitjaNemec_ReplicateLayout.replicate_layout 872:Src fp.id: '9E41BD37-C488-442D-9D88-11BB4317E192'
09-14 12:17:46 com_github_MitjaNemec_ReplicateLayout.replicate_layout 876:Dst fp.id: '9E41BD37-C488-442D-9D88-11BB4317E192'
09-14 12:17:46 com_github_MitjaNemec_ReplicateLayout.replicate_layout 813:Significant difference between src net: ['', 'Supp Input', 'CC Buck', 'CC_VIN'] and dst net: ['', 'Main Diode ORs', '12V_FUSED'], with src_net_depth=4, dst_net_depth=3, src_fp_depth=2, dst_fp_depth=2, match level 0.47
09-14 12:17:46 com_github_MitjaNemec_ReplicateLayout.replicate_layout 813:Significant difference between src net: ['', 'Supp Input', 'CC Buck', 'CC_VIN'] and dst net: ['', 'Main Diode ORs', '12V_FUSED'], with src_net_depth=4, dst_net_depth=3, src_fp_depth=2, dst_fp_depth=2, match level 0.47
09-14 12:17:46 com_github_MitjaNemec_ReplicateLayout.replicate_layout 813:Significant difference between src net: ['', 'Supp Input', 'CC Buck', 'CC_VIN'] and dst net: ['', 'Main Diode ORs', '12V_FUSED'], with src_net_depth=4, dst_net_depth=3, src_fp_depth=2, dst_fp_depth=2, match level 0.47
09-14 12:17:46 com_github_MitjaNemec_ReplicateLayout.replicate_layout 813:Significant difference between src net: ['', 'Supp Input', 'CC Buck', 'CC_VIN'] and dst net: ['', 'Main Diode ORs', '12V_FUSED'], with src_net_depth=4, dst_net_depth=3, src_fp_depth=2, dst_fp_depth=2, match level 0.47
09-14 12:17:46 com_github_MitjaNemec_ReplicateLayout.replicate_layout 813:Significant difference between src net: ['', 'Supp Input', 'CC Buck', 'CC_VIN'] and dst net: ['', 'Main Diode ORs', '12V_FUSED'], with src_net_depth=4, dst_net_depth=3, src_fp_depth=2, dst_fp_depth=2, match level 0.47
09-14 12:17:46 com_github_MitjaNemec_ReplicateLayout.replicate_layout 813:Significant difference between src net: ['', 'Supp Input', 'HV_OVLO'] and dst net: ['', 'Main Diode ORs', 'SUPP_OVLO'], with src_net_depth=3, dst_net_depth=3, src_fp_depth=2, dst_fp_depth=2, match level 0.64
09-14 12:17:46 com_github_MitjaNemec_ReplicateLayout.replicate_layout 813:Significant difference between src net: ['', 'Supp Input', 'CC Buck', 'CC_VIN'] and dst net: ['', 'Main Diode ORs', '12V_FUSED'], with src_net_depth=4, dst_net_depth=3, src_fp_depth=2, dst_fp_depth=2, match level 0.47
09-14 12:17:46 com_github_MitjaNemec_ReplicateLayout.replicate_layout 829:Net pairs for sheet ['/Main Diode ORs/', '/Main Diode ORs/Ideal Diode1/'] :[('/Main Diode ORs/Ideal Diode2/VIN', '/Main Diode ORs/Ideal Diode1/VIN'), ('LV_GND', 'LV_GND'), ('Net-(D4-A)', 'Net-(D17-A)'), ('unconnected-(IC1-NC-Pad3)', 'unconnected-(IC4-NC-Pad3)'), ('DIODE_EN', 'DIODE_EN'), ('/Supp Input/Ideal Diode3/GATE', '/Main Diode ORs/Ideal Diode1/GATE'), ('/Supp Input/CC Buck/CC_VIN', '/Main Diode ORs/12V_FUSED'), ('/Supp Input/HV_OVLO', '/Main Diode ORs/SUPP_OVLO'), ('/Supp Input/Ideal Diode3/SRC', '/Main Diode ORs/Ideal Diode1/SRC'), ('Net-(IC1-VCP)', 'Net-(IC4-VCP)')]
09-14 12:17:46 root 377:updating GUI with: 0
09-14 12:17:46 root 377:updating GUI with: 12
09-14 12:17:46 com_github_MitjaNemec_ReplicateLayout.replicate_layout 1057:Replicating tracks on sheet ['/Main Diode ORs/', '/Main Diode ORs/Ideal Diode2/']
09-14 12:17:46 com_github_MitjaNemec_ReplicateLayout.replicate_layout 872:Src fp.id: '9E41BD37-C488-442D-9D88-11BB4317E192'
09-14 12:17:46 com_github_MitjaNemec_ReplicateLayout.replicate_layout 876:Dst fp.id: '9E41BD37-C488-442D-9D88-11BB4317E192'
09-14 12:17:46 com_github_MitjaNemec_ReplicateLayout.replicate_layout 813:Significant difference between src net: ['', 'Supp Input', 'CC Buck', 'CC_VIN'] and dst net: ['', 'Main Diode ORs', '12V_FUSED'], with src_net_depth=4, dst_net_depth=3, src_fp_depth=2, dst_fp_depth=2, match level 0.47
09-14 12:17:46 com_github_MitjaNemec_ReplicateLayout.replicate_layout 813:Significant difference between src net: ['', 'Supp Input', 'CC Buck', 'CC_VIN'] and dst net: ['', 'Main Diode ORs', '12V_FUSED'], with src_net_depth=4, dst_net_depth=3, src_fp_depth=2, dst_fp_depth=2, match level 0.47
09-14 12:17:46 com_github_MitjaNemec_ReplicateLayout.replicate_layout 813:Significant difference between src net: ['', 'Supp Input', 'CC Buck', 'CC_VIN'] and dst net: ['', 'Main Diode ORs', '12V_FUSED'], with src_net_depth=4, dst_net_depth=3, src_fp_depth=2, dst_fp_depth=2, match level 0.47
09-14 12:17:46 com_github_MitjaNemec_ReplicateLayout.replicate_layout 813:Significant difference between src net: ['', 'Supp Input', 'CC Buck', 'CC_VIN'] and dst net: ['', 'Main Diode ORs', '12V_FUSED'], with src_net_depth=4, dst_net_depth=3, src_fp_depth=2, dst_fp_depth=2, match level 0.47
09-14 12:17:46 com_github_MitjaNemec_ReplicateLayout.replicate_layout 813:Significant difference between src net: ['', 'Supp Input', 'CC Buck', 'CC_VIN'] and dst net: ['', 'Main Diode ORs', '12V_FUSED'], with src_net_depth=4, dst_net_depth=3, src_fp_depth=2, dst_fp_depth=2, match level 0.47
09-14 12:17:46 com_github_MitjaNemec_ReplicateLayout.replicate_layout 813:Significant difference between src net: ['', 'Supp Input', 'CC Buck', 'CC_VIN'] and dst net: ['', 'Main Diode ORs', '12V_FUSED'], with src_net_depth=4, dst_net_depth=3, src_fp_depth=2, dst_fp_depth=2, match level 0.47
09-14 12:17:46 com_github_MitjaNemec_ReplicateLayout.replicate_layout 813:Significant difference between src net: ['', 'Supp Input', 'HV_OVLO'] and dst net: ['', 'Main Diode ORs', 'HV_OVLO'], with src_net_depth=3, dst_net_depth=3, src_fp_depth=2, dst_fp_depth=2, match level 0.73
09-14 12:17:46 com_github_MitjaNemec_ReplicateLayout.replicate_layout 829:Net pairs for sheet ['/Main Diode ORs/', '/Main Diode ORs/Ideal Diode2/'] :[('LV_GND', 'LV_GND'), ('DIODE_EN', 'DIODE_EN'), ('/Supp Input/Ideal Diode3/SRC', '/Main Diode ORs/Ideal Diode2/SRC'), ('/Supp Input/Ideal Diode3/GATE', '/Main Diode ORs/Ideal Diode2/GATE'), ('Net-(IC1-VCP)', 'Net-(IC5-VCP)'), ('Net-(D4-A)', 'Net-(D19-A)'), ('/Main Diode ORs/Ideal Diode2/VIN', '/Main Diode ORs/Ideal Diode2/VIN'), ('/Supp Input/HV_OVLO', '/Main Diode ORs/HV_OVLO'), ('/Supp Input/CC Buck/CC_VIN', '/Main Diode ORs/12V_FUSED'), ('unconnected-(IC1-NC-Pad3)', 'unconnected-(IC5-NC-Pad3)')]
09-14 12:17:46 com_github_MitjaNemec_ReplicateLayout.replicate_layout 1057:Replicating tracks on sheet ['/Main Diode ORs/', '/Main Diode ORs/Ideal Diode3/']
09-14 12:17:46 com_github_MitjaNemec_ReplicateLayout.replicate_layout 872:Src fp.id: '9E41BD37-C488-442D-9D88-11BB4317E192'
09-14 12:17:46 com_github_MitjaNemec_ReplicateLayout.replicate_layout 876:Dst fp.id: '9E41BD37-C488-442D-9D88-11BB4317E192'
09-14 12:17:46 com_github_MitjaNemec_ReplicateLayout.replicate_layout 813:Significant difference between src net: ['', 'Supp Input', 'CC Buck', 'CC_VIN'] and dst net: ['', 'Main Diode ORs', '12V_FUSED'], with src_net_depth=4, dst_net_depth=3, src_fp_depth=2, dst_fp_depth=2, match level 0.47
09-14 12:17:46 com_github_MitjaNemec_ReplicateLayout.replicate_layout 813:Significant difference between src net: ['', 'Supp Input', 'HV_OVLO'] and dst net: ['', 'Main Diode ORs', 'PS_OVLO'], with src_net_depth=3, dst_net_depth=3, src_fp_depth=2, dst_fp_depth=2, match level 0.67
09-14 12:17:46 com_github_MitjaNemec_ReplicateLayout.replicate_layout 813:Significant difference between src net: ['', 'Supp Input', 'CC Buck', 'CC_VIN'] and dst net: ['', 'Main Diode ORs', '12V_FUSED'], with src_net_depth=4, dst_net_depth=3, src_fp_depth=2, dst_fp_depth=2, match level 0.47
09-14 12:17:46 com_github_MitjaNemec_ReplicateLayout.replicate_layout 813:Significant difference between src net: ['', 'Supp Input', 'CC Buck', 'CC_VIN'] and dst net: ['', 'Main Diode ORs', '12V_FUSED'], with src_net_depth=4, dst_net_depth=3, src_fp_depth=2, dst_fp_depth=2, match level 0.47
09-14 12:17:46 com_github_MitjaNemec_ReplicateLayout.replicate_layout 813:Significant difference between src net: ['', 'Supp Input', 'CC Buck', 'CC_VIN'] and dst net: ['', 'Main Diode ORs', '12V_FUSED'], with src_net_depth=4, dst_net_depth=3, src_fp_depth=2, dst_fp_depth=2, match level 0.47
09-14 12:17:46 com_github_MitjaNemec_ReplicateLayout.replicate_layout 813:Significant difference between src net: ['', 'Supp Input', 'CC Buck', 'CC_VIN'] and dst net: ['', 'Main Diode ORs', '12V_FUSED'], with src_net_depth=4, dst_net_depth=3, src_fp_depth=2, dst_fp_depth=2, match level 0.47
09-14 12:17:46 com_github_MitjaNemec_ReplicateLayout.replicate_layout 813:Significant difference between src net: ['', 'Supp Input', 'CC Buck', 'CC_VIN'] and dst net: ['', 'Main Diode ORs', '12V_FUSED'], with src_net_depth=4, dst_net_depth=3, src_fp_depth=2, dst_fp_depth=2, match level 0.47
09-14 12:17:46 com_github_MitjaNemec_ReplicateLayout.replicate_layout 829:Net pairs for sheet ['/Main Diode ORs/', '/Main Diode ORs/Ideal Diode3/'] :[('/Supp Input/Ideal Diode3/GATE', '/Main Diode ORs/Ideal Diode3/GATE'), ('/Supp Input/HV_OVLO', '/Main Diode ORs/PS_OVLO'), ('LV_GND', 'LV_GND'), ('Net-(IC1-VCP)', 'Net-(IC6-VCP)'), ('/Main Diode ORs/Ideal Diode2/VIN', '/Main Diode ORs/Ideal Diode3/VIN'), ('DIODE_EN', 'DIODE_EN'), ('/Supp Input/Ideal Diode3/SRC', '/Main Diode ORs/Ideal Diode3/SRC'), ('Net-(D4-A)', 'Net-(D21-A)'), ('unconnected-(IC1-NC-Pad3)', 'unconnected-(IC6-NC-Pad3)'), ('/Supp Input/CC Buck/CC_VIN', '/Main Diode ORs/12V_FUSED')]
09-14 12:17:46 root 377:updating GUI with: 33
09-14 12:17:46 com_github_MitjaNemec_ReplicateLayout.replicate_layout 1057:Replicating tracks on sheet ['/Ouput/', '/Ouput/Ideal Diode/']
09-14 12:17:46 com_github_MitjaNemec_ReplicateLayout.replicate_layout 872:Src fp.id: '9E41BD37-C488-442D-9D88-11BB4317E192'
09-14 12:17:46 com_github_MitjaNemec_ReplicateLayout.replicate_layout 876:Dst fp.id: '9E41BD37-C488-442D-9D88-11BB4317E192'
09-14 12:17:46 com_github_MitjaNemec_ReplicateLayout.replicate_layout 813:Significant difference between src net: ['', 'Supp Input', 'CC Buck', 'CC_VIN'] and dst net: ['', 'Ouput', '12V_OUT'], with src_net_depth=4, dst_net_depth=3, src_fp_depth=2, dst_fp_depth=2, match level 0.62
09-14 12:17:46 com_github_MitjaNemec_ReplicateLayout.replicate_layout 813:Significant difference between src net: ['', 'Supp Input', 'CC Buck', 'CC_VIN'] and dst net: ['', 'Ouput', '12V_OUT'], with src_net_depth=4, dst_net_depth=3, src_fp_depth=2, dst_fp_depth=2, match level 0.62
09-14 12:17:46 com_github_MitjaNemec_ReplicateLayout.replicate_layout 813:Significant difference between src net: ['', 'Supp Input', 'CC Buck', 'CC_VIN'] and dst net: ['', 'Ouput', '12V_OUT'], with src_net_depth=4, dst_net_depth=3, src_fp_depth=2, dst_fp_depth=2, match level 0.62
09-14 12:17:46 com_github_MitjaNemec_ReplicateLayout.replicate_layout 813:Significant difference between src net: ['', 'Supp Input', 'CC Buck', 'CC_VIN'] and dst net: ['', 'Ouput', '12V_OUT'], with src_net_depth=4, dst_net_depth=3, src_fp_depth=2, dst_fp_depth=2, match level 0.62
09-14 12:17:46 com_github_MitjaNemec_ReplicateLayout.replicate_layout 813:Significant difference between src net: ['', 'Supp Input', 'CC Buck', 'CC_VIN'] and dst net: ['', 'Ouput', '12V_OUT'], with src_net_depth=4, dst_net_depth=3, src_fp_depth=2, dst_fp_depth=2, match level 0.62
09-14 12:17:46 com_github_MitjaNemec_ReplicateLayout.replicate_layout 813:Significant difference between src net: ['', 'Supp Input', 'CC Buck', 'CC_VIN'] and dst net: ['', 'Ouput', '12V_OUT'], with src_net_depth=4, dst_net_depth=3, src_fp_depth=2, dst_fp_depth=2, match level 0.62
09-14 12:17:46 com_github_MitjaNemec_ReplicateLayout.replicate_layout 813:Significant difference between src net: ['DIODE_EN'] and dst net: ['', 'OUTPUT_EN'], with src_net_depth=1, dst_net_depth=2, src_fp_depth=2, dst_fp_depth=2, match level 0.47
09-14 12:17:46 com_github_MitjaNemec_ReplicateLayout.replicate_layout 829:Net pairs for sheet ['/Ouput/', '/Ouput/Ideal Diode/'] :[('unconnected-(IC1-NC-Pad3)', 'unconnected-(IC7-NC-Pad3)'), ('Net-(D4-A)', 'Net-(D28-A)'), ('/Main Diode ORs/Ideal Diode2/VIN', '/Ouput/Ideal Diode/VIN'), ('LV_GND', 'LV_GND'), ('/Supp Input/CC Buck/CC_VIN', '/Ouput/12V_OUT'), ('Net-(IC1-VCP)', 'Net-(IC7-VCP)'), ('/Supp Input/Ideal Diode3/GATE', '/Ouput/Ideal Diode/GATE'), ('/Supp Input/Ideal Diode3/SRC', '/Ouput/Ideal Diode/SRC'), ('DIODE_EN', '/OUTPUT_EN'), ('/Supp Input/HV_OVLO', '/Ouput/Ideal Diode/OVLO')]
09-14 12:17:46 com_github_MitjaNemec_ReplicateLayout.replicate_layout 1057:Replicating tracks on sheet ['/Supp Input/', '/Supp Input/Ideal Diode1/']
09-14 12:17:46 com_github_MitjaNemec_ReplicateLayout.replicate_layout 872:Src fp.id: '9E41BD37-C488-442D-9D88-11BB4317E192'
09-14 12:17:46 com_github_MitjaNemec_ReplicateLayout.replicate_layout 876:Dst fp.id: '9E41BD37-C488-442D-9D88-11BB4317E192'
09-14 12:17:46 com_github_MitjaNemec_ReplicateLayout.replicate_layout 829:Net pairs for sheet ['/Supp Input/', '/Supp Input/Ideal Diode1/'] :[('unconnected-(IC1-NC-Pad3)', 'unconnected-(IC2-NC-Pad3)'), ('LV_GND', 'LV_GND'), ('Net-(IC1-VCP)', 'Net-(IC2-VCP)'), ('/Main Diode ORs/Ideal Diode2/VIN', '/Main Diode ORs/Ideal Diode3/VIN'), ('/Supp Input/Ideal Diode3/SRC', '/Supp Input/Ideal Diode1/SRC'), ('DIODE_EN', 'DIODE_EN'), ('Net-(D4-A)', 'Net-(D6-A)'), ('/Supp Input/HV_OVLO', '/Supp Input/PS_OVLO'), ('/Supp Input/Ideal Diode3/GATE', '/Supp Input/Ideal Diode1/GATE'), ('/Supp Input/CC Buck/CC_VIN', '/Supp Input/CC Buck/CC_VIN')]
09-14 12:17:46 root 377:updating GUI with: 66
09-14 12:17:46 com_github_MitjaNemec_ReplicateLayout.replicate_layout 1057:Replicating tracks on sheet ['/Supp Input/', '/Supp Input/Ideal Diode4/']
09-14 12:17:46 com_github_MitjaNemec_ReplicateLayout.replicate_layout 872:Src fp.id: '9E41BD37-C488-442D-9D88-11BB4317E192'
09-14 12:17:46 com_github_MitjaNemec_ReplicateLayout.replicate_layout 876:Dst fp.id: '9E41BD37-C488-442D-9D88-11BB4317E192'
09-14 12:17:46 com_github_MitjaNemec_ReplicateLayout.replicate_layout 813:Significant difference between src net: ['DIODE_EN'] and dst net: ['', 'Supp Input', 'Ideal Diode4', 'VIN'], with src_net_depth=1, dst_net_depth=4, src_fp_depth=2, dst_fp_depth=2, match level 0.57
09-14 12:17:46 com_github_MitjaNemec_ReplicateLayout.replicate_layout 829:Net pairs for sheet ['/Supp Input/', '/Supp Input/Ideal Diode4/'] :[('/Supp Input/Ideal Diode3/SRC', '/Supp Input/Ideal Diode4/SRC'), ('LV_GND', 'LV_GND'), ('DIODE_EN', '/Supp Input/Ideal Diode4/VIN'), ('unconnected-(IC1-NC-Pad3)', 'unconnected-(IC3-NC-Pad3)'), ('/Supp Input/CC Buck/CC_VIN', '/Supp Input/SUPP_FUSED'), ('Net-(IC1-VCP)', 'Net-(IC3-VCP)'), ('/Supp Input/HV_OVLO', '/Supp Input/CC_OVLO'), ('/Supp Input/Ideal Diode3/GATE', '/Supp Input/Ideal Diode4/GATE'), ('/Main Diode ORs/Ideal Diode2/VIN', '/Supp Input/Ideal Diode4/VIN'), ('Net-(D4-A)', 'Net-(D10-A)')]
09-14 12:17:46 root 372:updating GUI message: 'Replicating zones'
09-14 12:17:46 com_github_MitjaNemec_ReplicateLayout.replicate_layout 1121:Replicating zones
09-14 12:17:46 com_github_MitjaNemec_ReplicateLayout.replicate_layout 1128:Replicating zones on sheet ['/Main Diode ORs/', '/Main Diode ORs/Ideal Diode1/']
09-14 12:17:46 com_github_MitjaNemec_ReplicateLayout.replicate_layout 872:Src fp.id: '9E41BD37-C488-442D-9D88-11BB4317E192'
09-14 12:17:46 com_github_MitjaNemec_ReplicateLayout.replicate_layout 876:Dst fp.id: '9E41BD37-C488-442D-9D88-11BB4317E192'
09-14 12:17:46 com_github_MitjaNemec_ReplicateLayout.replicate_layout 813:Significant difference between src net: ['', 'Supp Input', 'CC Buck', 'CC_VIN'] and dst net: ['', 'Main Diode ORs', '12V_FUSED'], with src_net_depth=4, dst_net_depth=3, src_fp_depth=2, dst_fp_depth=2, match level 0.47
09-14 12:17:46 com_github_MitjaNemec_ReplicateLayout.replicate_layout 813:Significant difference between src net: ['', 'Supp Input', 'CC Buck', 'CC_VIN'] and dst net: ['', 'Main Diode ORs', '12V_FUSED'], with src_net_depth=4, dst_net_depth=3, src_fp_depth=2, dst_fp_depth=2, match level 0.47
09-14 12:17:46 com_github_MitjaNemec_ReplicateLayout.replicate_layout 813:Significant difference between src net: ['', 'Supp Input', 'CC Buck', 'CC_VIN'] and dst net: ['', 'Main Diode ORs', '12V_FUSED'], with src_net_depth=4, dst_net_depth=3, src_fp_depth=2, dst_fp_depth=2, match level 0.47
09-14 12:17:46 com_github_MitjaNemec_ReplicateLayout.replicate_layout 813:Significant difference between src net: ['', 'Supp Input', 'CC Buck', 'CC_VIN'] and dst net: ['', 'Main Diode ORs', '12V_FUSED'], with src_net_depth=4, dst_net_depth=3, src_fp_depth=2, dst_fp_depth=2, match level 0.47
09-14 12:17:46 com_github_MitjaNemec_ReplicateLayout.replicate_layout 813:Significant difference between src net: ['', 'Supp Input', 'CC Buck', 'CC_VIN'] and dst net: ['', 'Main Diode ORs', '12V_FUSED'], with src_net_depth=4, dst_net_depth=3, src_fp_depth=2, dst_fp_depth=2, match level 0.47
09-14 12:17:46 com_github_MitjaNemec_ReplicateLayout.replicate_layout 813:Significant difference between src net: ['', 'Supp Input', 'HV_OVLO'] and dst net: ['', 'Main Diode ORs', 'SUPP_OVLO'], with src_net_depth=3, dst_net_depth=3, src_fp_depth=2, dst_fp_depth=2, match level 0.64
09-14 12:17:46 com_github_MitjaNemec_ReplicateLayout.replicate_layout 813:Significant difference between src net: ['', 'Supp Input', 'CC Buck', 'CC_VIN'] and dst net: ['', 'Main Diode ORs', '12V_FUSED'], with src_net_depth=4, dst_net_depth=3, src_fp_depth=2, dst_fp_depth=2, match level 0.47
09-14 12:17:46 com_github_MitjaNemec_ReplicateLayout.replicate_layout 829:Net pairs for sheet ['/Main Diode ORs/', '/Main Diode ORs/Ideal Diode1/'] :[('/Main Diode ORs/Ideal Diode2/VIN', '/Main Diode ORs/Ideal Diode1/VIN'), ('LV_GND', 'LV_GND'), ('Net-(D4-A)', 'Net-(D17-A)'), ('unconnected-(IC1-NC-Pad3)', 'unconnected-(IC4-NC-Pad3)'), ('DIODE_EN', 'DIODE_EN'), ('/Supp Input/Ideal Diode3/GATE', '/Main Diode ORs/Ideal Diode1/GATE'), ('/Supp Input/CC Buck/CC_VIN', '/Main Diode ORs/12V_FUSED'), ('/Supp Input/HV_OVLO', '/Main Diode ORs/SUPP_OVLO'), ('/Supp Input/Ideal Diode3/SRC', '/Main Diode ORs/Ideal Diode1/SRC'), ('Net-(IC1-VCP)', 'Net-(IC4-VCP)')]
09-14 12:17:46 root 377:updating GUI with: 16
09-14 12:17:46 com_github_MitjaNemec_ReplicateLayout.action_replicate_layout 345:Fatal error when running Replicate layout plugin
Traceback (most recent call last):
  File "C:\Users\frank\Documents\KiCad\10.0\3rdparty\\plugins\com_github_MitjaNemec_ReplicateLayout\action_replicate_layout.py", line 292, in on_ok
    self.replicator.replicate_layout(self.src_anchor_fp, self.src_anchor_fp.sheet_id[0:level + 1],
  File "C:\Users\frank\Documents\KiCad\10.0\3rdparty\\plugins\com_github_MitjaNemec_ReplicateLayout\replicate_layout.py", line 340, in replicate_layout
    self.replicate_zones(settings)
  File "C:\Users\frank\Documents\KiCad\10.0\3rdparty\\plugins\com_github_MitjaNemec_ReplicateLayout\replicate_layout.py", line 1187, in replicate_zones
    new_zone = zone.Duplicate(False).Cast()
               ^^^^^^^^^^^^^^^^^^^^^
TypeError: BOARD_ITEM.Duplicate() takes 1 positional argument but 2 were given
