ISO-10303-21;
HEADER;
FILE_DESCRIPTION((''),'2;1');
FILE_NAME('PWP0016P_ASM','2022-12-06T10:40:13',('a0412086'),(''),
'CREO PARAMETRIC BY PTC INC, 2018500','CREO PARAMETRIC BY PTC INC, 2018500','');
FILE_SCHEMA(('CONFIG_CONTROL_DESIGN','SHAPE_APPEARANCE_LAYERS_GROUPS'));
ENDSEC;
DATA;
#31=DIRECTION('',(0.E0,0.E0,-1.E0));
#32=VECTOR('',#31,4.667997944025E0);
#33=CARTESIAN_POINT('',(-2.033998972012E0,-5.5E-1,2.333998972012E0));
#34=LINE('',#33,#32);
#35=DRAUGHTING_PRE_DEFINED_CURVE_FONT('continuous');
#36=CURVE_STYLE('',#35,POSITIVE_LENGTH_MEASURE(2.E-2),#29);
#37=PRESENTATION_STYLE_ASSIGNMENT((#36));
#38=STYLED_ITEM('',(#37),#34);
#39=DIRECTION('',(-1.E0,0.E0,0.E0));
#40=VECTOR('',#39,4.067997944025E0);
#41=CARTESIAN_POINT('',(2.033998972012E0,-5.5E-1,2.333998972012E0));
#42=LINE('',#41,#40);
#43=CURVE_STYLE('',#35,POSITIVE_LENGTH_MEASURE(2.E-2),#29);
#44=PRESENTATION_STYLE_ASSIGNMENT((#43));
#45=STYLED_ITEM('',(#44),#42);
#46=DIRECTION('',(0.E0,0.E0,1.E0));
#47=VECTOR('',#46,4.667997944025E0);
#48=CARTESIAN_POINT('',(2.033998972012E0,-5.5E-1,-2.333998972012E0));
#49=LINE('',#48,#47);
#50=CURVE_STYLE('',#35,POSITIVE_LENGTH_MEASURE(2.E-2),#29);
#51=PRESENTATION_STYLE_ASSIGNMENT((#50));
#52=STYLED_ITEM('',(#51),#49);
#53=DIRECTION('',(1.E0,0.E0,0.E0));
#54=VECTOR('',#53,4.067997944025E0);
#55=CARTESIAN_POINT('',(-2.033998972012E0,-5.5E-1,-2.333998972012E0));
#56=LINE('',#55,#54);
#57=CURVE_STYLE('',#35,POSITIVE_LENGTH_MEASURE(2.E-2),#29);
#58=PRESENTATION_STYLE_ASSIGNMENT((#57));
#59=STYLED_ITEM('',(#58),#56);
#60=DIRECTION('',(1.E0,0.E0,0.E0));
#61=VECTOR('',#60,2.999056908573E-1);
#62=CARTESIAN_POINT('',(-1.499528454287E-1,-5.5E-1,1.922405165973E0));
#63=LINE('',#62,#61);
#64=CURVE_STYLE('',#35,POSITIVE_LENGTH_MEASURE(2.E-2),#29);
#65=PRESENTATION_STYLE_ASSIGNMENT((#64));
#66=STYLED_ITEM('',(#65),#63);
#67=DIRECTION('',(0.E0,0.E0,1.E0));
#68=VECTOR('',#67,1.074051659723E-1);
#69=CARTESIAN_POINT('',(-1.499528454287E-1,-5.5E-1,1.815000000001E0));
#70=LINE('',#69,#68);
#71=CURVE_STYLE('',#35,POSITIVE_LENGTH_MEASURE(2.E-2),#29);
#72=PRESENTATION_STYLE_ASSIGNMENT((#71));
#73=STYLED_ITEM('',(#72),#70);
#74=DIRECTION('',(1.E0,0.E0,-8.149037000775E-13));
#75=VECTOR('',#74,9.999999999968E-2);
#76=CARTESIAN_POINT('',(-2.499528454284E-1,-5.5E-1,1.815000000001E0));
#77=LINE('',#76,#75);
#78=CURVE_STYLE('',#35,POSITIVE_LENGTH_MEASURE(2.E-2),#29);
#79=PRESENTATION_STYLE_ASSIGNMENT((#78));
#80=STYLED_ITEM('',(#79),#77);
#81=DIRECTION('',(0.E0,0.E0,1.E0));
#82=VECTOR('',#81,1.3E-1);
#83=CARTESIAN_POINT('',(-2.499528454284E-1,-5.5E-1,1.685000000001E0));
#84=LINE('',#83,#82);
#85=CURVE_STYLE('',#35,POSITIVE_LENGTH_MEASURE(2.E-2),#29);
#86=PRESENTATION_STYLE_ASSIGNMENT((#85));
#87=STYLED_ITEM('',(#86),#84);
#88=DIRECTION('',(1.E0,0.E0,-8.778189834620E-13));
#89=VECTOR('',#88,1.140047154654E0);
#90=CARTESIAN_POINT('',(-1.390000000082E0,-5.5E-1,1.685000000002E0));
#91=LINE('',#90,#89);
#92=CURVE_STYLE('',#35,POSITIVE_LENGTH_MEASURE(2.E-2),#29);
#93=PRESENTATION_STYLE_ASSIGNMENT((#92));
#94=STYLED_ITEM('',(#93),#91);
#95=DIRECTION('',(-2.255183631232E-11,0.E0,1.E0));
#96=VECTOR('',#95,3.313118200198E0);
#97=CARTESIAN_POINT('',(-1.390000000008E0,-5.5E-1,-1.628118200196E0));
#98=LINE('',#97,#96);
#99=CURVE_STYLE('',#35,POSITIVE_LENGTH_MEASURE(2.E-2),#29);
#100=PRESENTATION_STYLE_ASSIGNMENT((#99));
#101=STYLED_ITEM('',(#100),#98);
#102=DIRECTION('',(1.E0,0.E0,0.E0));
#103=VECTOR('',#102,1.3E-1);
#104=CARTESIAN_POINT('',(-1.520000000008E0,-5.5E-1,-1.628118200196E0));
#105=LINE('',#104,#103);
#106=CURVE_STYLE('',#35,POSITIVE_LENGTH_MEASURE(2.E-2),#29);
#107=PRESENTATION_STYLE_ASSIGNMENT((#106));
#108=STYLED_ITEM('',(#107),#105);
#109=DIRECTION('',(-2.270308540955E-11,0.E0,1.E0));
#110=VECTOR('',#109,3.218817998021E-1);
#111=CARTESIAN_POINT('',(-1.52E0,-5.5E-1,-1.949999999999E0));
#112=LINE('',#111,#110);
#113=CURVE_STYLE('',#35,POSITIVE_LENGTH_MEASURE(2.E-2),#29);
#114=PRESENTATION_STYLE_ASSIGNMENT((#113));
#115=STYLED_ITEM('',(#114),#112);
#116=CARTESIAN_POINT('',(-1.37E0,-5.5E-1,-1.949999999999E0));
#117=DIRECTION('',(0.E0,1.E0,0.E0));
#118=DIRECTION('',(1.968795497003E-13,0.E0,-1.E0));
#119=AXIS2_PLACEMENT_3D('',#116,#117,#118);
#121=CURVE_STYLE('',#35,POSITIVE_LENGTH_MEASURE(2.E-2),#29);
#122=PRESENTATION_STYLE_ASSIGNMENT((#121));
#123=STYLED_ITEM('',(#122),#120);
#124=DIRECTION('',(-1.E0,0.E0,0.E0));
#125=VECTOR('',#124,1.499999994507E-1);
#126=CARTESIAN_POINT('',(-1.220000000550E0,-5.5E-1,-2.099999999999E0));
#127=LINE('',#126,#125);
#128=CURVE_STYLE('',#35,POSITIVE_LENGTH_MEASURE(2.E-2),#29);
#129=PRESENTATION_STYLE_ASSIGNMENT((#128));
#130=STYLED_ITEM('',(#129),#127);
#131=DIRECTION('',(-9.523712516860E-13,0.E0,-1.E0));
#132=VECTOR('',#131,1.918817998021E-1);
#133=CARTESIAN_POINT('',(-1.220000000549E0,-5.5E-1,-1.908118200196E0));
#134=LINE('',#133,#132);
#135=CURVE_STYLE('',#35,POSITIVE_LENGTH_MEASURE(2.E-2),#29);
#136=PRESENTATION_STYLE_ASSIGNMENT((#135));
#137=STYLED_ITEM('',(#136),#134);
#138=DIRECTION('',(1.E0,0.E0,0.E0));
#139=VECTOR('',#138,1.999999999984E-2);
#140=CARTESIAN_POINT('',(-1.240000000549E0,-5.5E-1,-1.908118200196E0));
#141=LINE('',#140,#139);
#142=CURVE_STYLE('',#35,POSITIVE_LENGTH_MEASURE(2.E-2),#29);
#143=PRESENTATION_STYLE_ASSIGNMENT((#142));
#144=STYLED_ITEM('',(#143),#141);
#145=CARTESIAN_POINT('',(-1.240000000549E0,-5.5E-1,-1.828118200196E0));
#146=DIRECTION('',(0.E0,1.E0,0.E0));
#147=DIRECTION('',(-4.163336342343E-14,0.E0,-1.E0));
#148=AXIS2_PLACEMENT_3D('',#145,#146,#147);
#150=CURVE_STYLE('',#35,POSITIVE_LENGTH_MEASURE(2.E-2),#29);
#151=PRESENTATION_STYLE_ASSIGNMENT((#150));
#152=STYLED_ITEM('',(#151),#149);
#153=DIRECTION('',(0.E0,0.E0,-1.E0));
#154=VECTOR('',#153,1.188179980199E-2);
#155=CARTESIAN_POINT('',(-1.320000000549E0,-5.5E-1,-1.816236400394E0));
#156=LINE('',#155,#154);
#157=CURVE_STYLE('',#35,POSITIVE_LENGTH_MEASURE(2.E-2),#29);
#158=PRESENTATION_STYLE_ASSIGNMENT((#157));
#159=STYLED_ITEM('',(#158),#156);
#160=CARTESIAN_POINT('',(-1.220000000549E0,-5.5E-1,-1.816236400394E0));
#161=DIRECTION('',(0.E0,1.E0,0.E0));
#162=DIRECTION('',(-1.E0,0.E0,1.887379141863E-13));
#163=AXIS2_PLACEMENT_3D('',#160,#161,#162);
#165=CURVE_STYLE('',#35,POSITIVE_LENGTH_MEASURE(2.E-2),#29);
#166=PRESENTATION_STYLE_ASSIGNMENT((#165));
#167=STYLED_ITEM('',(#166),#164);
#168=DIRECTION('',(5.165691526537E-13,0.E0,-1.E0));
#169=VECTOR('',#168,8.811820019797E-2);
#170=CARTESIAN_POINT('',(-1.220000000549E0,-5.5E-1,-1.628118200196E0));
#171=LINE('',#170,#169);
#172=CURVE_STYLE('',#35,POSITIVE_LENGTH_MEASURE(2.E-2),#29);
#173=PRESENTATION_STYLE_ASSIGNMENT((#172));
#174=STYLED_ITEM('',(#173),#171);
#175=DIRECTION('',(-1.E0,0.E0,0.E0));
#176=VECTOR('',#175,2.440000001099E0);
#177=CARTESIAN_POINT('',(1.220000000549E0,-5.5E-1,-1.628118200196E0));
#178=LINE('',#177,#176);
#179=CURVE_STYLE('',#35,POSITIVE_LENGTH_MEASURE(2.E-2),#29);
#180=PRESENTATION_STYLE_ASSIGNMENT((#179));
#181=STYLED_ITEM('',(#180),#178);
#182=DIRECTION('',(5.165691526537E-13,0.E0,1.E0));
#183=VECTOR('',#182,8.811820019797E-2);
#184=CARTESIAN_POINT('',(1.220000000549E0,-5.5E-1,-1.716236400394E0));
#185=LINE('',#184,#183);
#186=CURVE_STYLE('',#35,POSITIVE_LENGTH_MEASURE(2.E-2),#29);
#187=PRESENTATION_STYLE_ASSIGNMENT((#186));
#188=STYLED_ITEM('',(#187),#185);
#189=CARTESIAN_POINT('',(1.220000000549E0,-5.5E-1,-1.816236400394E0));
#190=DIRECTION('',(0.E0,1.E0,0.E0));
#191=DIRECTION('',(-1.270095140172E-12,0.E0,1.E0));
#192=AXIS2_PLACEMENT_3D('',#189,#190,#191);
#194=CURVE_STYLE('',#35,POSITIVE_LENGTH_MEASURE(2.E-2),#29);
#195=PRESENTATION_STYLE_ASSIGNMENT((#194));
#196=STYLED_ITEM('',(#195),#193);
#197=DIRECTION('',(-7.475116855197E-14,0.E0,1.E0));
#198=VECTOR('',#197,1.188179980200E-2);
#199=CARTESIAN_POINT('',(1.320000000549E0,-5.5E-1,-1.828118200196E0));
#200=LINE('',#199,#198);
#201=CURVE_STYLE('',#35,POSITIVE_LENGTH_MEASURE(2.E-2),#29);
#202=PRESENTATION_STYLE_ASSIGNMENT((#201));
#203=STYLED_ITEM('',(#202),#200);
#204=CARTESIAN_POINT('',(1.240000000549E0,-5.5E-1,-1.828118200196E0));
#205=DIRECTION('',(0.E0,1.E0,0.E0));
#206=DIRECTION('',(1.E0,0.E0,8.854028621383E-13));
#207=AXIS2_PLACEMENT_3D('',#204,#205,#206);
#209=CURVE_STYLE('',#35,POSITIVE_LENGTH_MEASURE(2.E-2),#29);
#210=PRESENTATION_STYLE_ASSIGNMENT((#209));
#211=STYLED_ITEM('',(#210),#208);
#212=DIRECTION('',(1.E0,0.E0,0.E0));
#213=VECTOR('',#212,1.999999999984E-2);
#214=CARTESIAN_POINT('',(1.220000000550E0,-5.5E-1,-1.908118200196E0));
#215=LINE('',#214,#213);
#216=CURVE_STYLE('',#35,POSITIVE_LENGTH_MEASURE(2.E-2),#29);
#217=PRESENTATION_STYLE_ASSIGNMENT((#216));
#218=STYLED_ITEM('',(#217),#215);
#219=DIRECTION('',(-9.396421098045E-13,0.E0,1.E0));
#220=VECTOR('',#219,1.918817998021E-1);
#221=CARTESIAN_POINT('',(1.220000000550E0,-5.5E-1,-2.099999999999E0));
#222=LINE('',#221,#220);
#223=CURVE_STYLE('',#35,POSITIVE_LENGTH_MEASURE(2.E-2),#29);
#224=PRESENTATION_STYLE_ASSIGNMENT((#223));
#225=STYLED_ITEM('',(#224),#222);
#226=DIRECTION('',(-1.E0,0.E0,-1.480297371589E-14));
#227=VECTOR('',#226,1.499999994506E-1);
#228=CARTESIAN_POINT('',(1.37E0,-5.5E-1,-2.099999999999E0));
#229=LINE('',#228,#227);
#230=CURVE_STYLE('',#35,POSITIVE_LENGTH_MEASURE(2.E-2),#29);
#231=PRESENTATION_STYLE_ASSIGNMENT((#230));
#232=STYLED_ITEM('',(#231),#229);
#233=CARTESIAN_POINT('',(1.37E0,-5.5E-1,-1.949999999999E0));
#234=DIRECTION('',(0.E0,1.E0,0.E0));
#235=DIRECTION('',(1.E0,0.E0,3.878379099359E-13));
#236=AXIS2_PLACEMENT_3D('',#233,#234,#235);
#238=CURVE_STYLE('',#35,POSITIVE_LENGTH_MEASURE(2.E-2),#29);
#239=PRESENTATION_STYLE_ASSIGNMENT((#238));
#240=STYLED_ITEM('',(#239),#237);
#241=DIRECTION('',(-2.269549724938E-11,0.E0,-1.E0));
#242=VECTOR('',#241,3.218817998021E-1);
#243=CARTESIAN_POINT('',(1.520000000008E0,-5.5E-1,-1.628118200196E0));
#244=LINE('',#243,#242);
#245=CURVE_STYLE('',#35,POSITIVE_LENGTH_MEASURE(2.E-2),#29);
#246=PRESENTATION_STYLE_ASSIGNMENT((#245));
#247=STYLED_ITEM('',(#246),#244);
#248=DIRECTION('',(1.E0,0.E0,0.E0));
#249=VECTOR('',#248,1.3E-1);
#250=CARTESIAN_POINT('',(1.390000000008E0,-5.5E-1,-1.628118200196E0));
#251=LINE('',#250,#249);
#252=CURVE_STYLE('',#35,POSITIVE_LENGTH_MEASURE(2.E-2),#29);
#253=PRESENTATION_STYLE_ASSIGNMENT((#252));
#254=STYLED_ITEM('',(#253),#251);
#255=DIRECTION('',(-2.255103207441E-11,0.E0,-1.E0));
#256=VECTOR('',#255,3.313118200198E0);
#257=CARTESIAN_POINT('',(1.390000000082E0,-5.5E-1,1.685000000002E0));
#258=LINE('',#257,#256);
#259=CURVE_STYLE('',#35,POSITIVE_LENGTH_MEASURE(2.E-2),#29);
#260=PRESENTATION_STYLE_ASSIGNMENT((#259));
#261=STYLED_ITEM('',(#260),#258);
#262=DIRECTION('',(1.E0,0.E0,8.778189834620E-13));
#263=VECTOR('',#262,1.140047154654E0);
#264=CARTESIAN_POINT('',(2.499528454284E-1,-5.5E-1,1.685000000001E0));
#265=LINE('',#264,#263);
#266=CURVE_STYLE('',#35,POSITIVE_LENGTH_MEASURE(2.E-2),#29);
#267=PRESENTATION_STYLE_ASSIGNMENT((#266));
#268=STYLED_ITEM('',(#267),#265);
#269=DIRECTION('',(0.E0,0.E0,-1.E0));
#270=VECTOR('',#269,1.3E-1);
#271=CARTESIAN_POINT('',(2.499528454284E-1,-5.5E-1,1.815000000001E0));
#272=LINE('',#271,#270);
#273=CURVE_STYLE('',#35,POSITIVE_LENGTH_MEASURE(2.E-2),#29);
#274=PRESENTATION_STYLE_ASSIGNMENT((#273));
#275=STYLED_ITEM('',(#274),#272);
#276=DIRECTION('',(1.E0,0.E0,8.903988657510E-13));
#277=VECTOR('',#276,9.999999999982E-2);
#278=CARTESIAN_POINT('',(1.499528454286E-1,-5.5E-1,1.815000000001E0));
#279=LINE('',#278,#277);
#280=CURVE_STYLE('',#35,POSITIVE_LENGTH_MEASURE(2.E-2),#29);
#281=PRESENTATION_STYLE_ASSIGNMENT((#280));
#282=STYLED_ITEM('',(#281),#279);
#283=DIRECTION('',(-3.315520551779E-13,0.E0,-1.E0));
#284=VECTOR('',#283,1.074051659723E-1);
#285=CARTESIAN_POINT('',(1.499528454286E-1,-5.5E-1,1.922405165973E0));
#286=LINE('',#285,#284);
#287=CURVE_STYLE('',#35,POSITIVE_LENGTH_MEASURE(2.E-2),#29);
#288=PRESENTATION_STYLE_ASSIGNMENT((#287));
#289=STYLED_ITEM('',(#288),#286);
#290=DIRECTION('',(0.E0,0.E0,-1.E0));
#291=VECTOR('',#290,4.667997944025E0);
#292=CARTESIAN_POINT('',(-2.131813732086E0,-4.707911690818E-1,
2.333998972012E0));
#293=LINE('',#292,#291);
#294=CURVE_STYLE('',#35,POSITIVE_LENGTH_MEASURE(2.E-2),#29);
#295=PRESENTATION_STYLE_ASSIGNMENT((#294));
#296=STYLED_ITEM('',(#295),#293);
#297=DIRECTION('',(2.035585949528E-1,-9.576678948580E-1,2.035585949528E-1));
#298=VECTOR('',#297,3.348563926524E-1);
#299=CARTESIAN_POINT('',(-2.199976628885E0,-1.501099524506E-1,
-2.402161868812E0));
#300=LINE('',#299,#298);
#301=CURVE_STYLE('',#35,POSITIVE_LENGTH_MEASURE(2.E-2),#29);
#302=PRESENTATION_STYLE_ASSIGNMENT((#301));
#303=STYLED_ITEM('',(#302),#300);
#304=CARTESIAN_POINT('',(-2.2E0,-1.5E-1,-2.4E0));
#305=CARTESIAN_POINT('',(-2.2E0,-1.5E-1,-2.400722566200E0));
#306=CARTESIAN_POINT('',(-2.199992169645E0,-1.500368389259E-1,
-2.401443179163E0));
#307=CARTESIAN_POINT('',(-2.199976628885E0,-1.501099524506E-1,
-2.402161868812E0));
#309=CURVE_STYLE('',#35,POSITIVE_LENGTH_MEASURE(2.E-2),#29);
#310=PRESENTATION_STYLE_ASSIGNMENT((#309));
#311=STYLED_ITEM('',(#310),#308);
#312=CARTESIAN_POINT('',(-2.199976628885E0,-1.501099524506E-1,
2.402161868812E0));
#313=CARTESIAN_POINT('',(-2.199992169645E0,-1.500368389259E-1,
2.401443179163E0));
#314=CARTESIAN_POINT('',(-2.2E0,-1.5E-1,2.400722566200E0));
#315=CARTESIAN_POINT('',(-2.2E0,-1.5E-1,2.4E0));
#317=CURVE_STYLE('',#35,POSITIVE_LENGTH_MEASURE(2.E-2),#29);
#318=PRESENTATION_STYLE_ASSIGNMENT((#317));
#319=STYLED_ITEM('',(#318),#316);
#320=DIRECTION('',(2.035585949528E-1,-9.576678948580E-1,-2.035585949528E-1));
#321=VECTOR('',#320,3.348563926524E-1);
#322=CARTESIAN_POINT('',(-2.199976628885E0,-1.501099524506E-1,
2.402161868812E0));
#323=LINE('',#322,#321);
#324=CURVE_STYLE('',#35,POSITIVE_LENGTH_MEASURE(2.E-2),#29);
#325=PRESENTATION_STYLE_ASSIGNMENT((#324));
#326=STYLED_ITEM('',(#325),#323);
#327=DIRECTION('',(-2.035585949528E-1,-9.576678948580E-1,2.035585949528E-1));
#328=VECTOR('',#327,3.348563926524E-1);
#329=CARTESIAN_POINT('',(2.102161868812E0,-1.501099524506E-1,
-2.499976628885E0));
#330=LINE('',#329,#328);
#331=CURVE_STYLE('',#35,POSITIVE_LENGTH_MEASURE(2.E-2),#29);
#332=PRESENTATION_STYLE_ASSIGNMENT((#331));
#333=STYLED_ITEM('',(#332),#330);
#334=CARTESIAN_POINT('',(2.1E0,-1.5E-1,-2.5E0));
#335=CARTESIAN_POINT('',(2.100722566200E0,-1.5E-1,-2.5E0));
#336=CARTESIAN_POINT('',(2.101443179163E0,-1.500368389259E-1,
-2.499992169645E0));
#337=CARTESIAN_POINT('',(2.102161868812E0,-1.501099524506E-1,
-2.499976628885E0));
#339=CURVE_STYLE('',#35,POSITIVE_LENGTH_MEASURE(2.E-2),#29);
#340=PRESENTATION_STYLE_ASSIGNMENT((#339));
#341=STYLED_ITEM('',(#340),#338);
#342=CARTESIAN_POINT('',(-2.102161868812E0,-1.501099524506E-1,
-2.499976628885E0));
#343=CARTESIAN_POINT('',(-2.101443179163E0,-1.500368389259E-1,
-2.499992169645E0));
#344=CARTESIAN_POINT('',(-2.100722566200E0,-1.5E-1,-2.5E0));
#345=CARTESIAN_POINT('',(-2.1E0,-1.5E-1,-2.5E0));
#347=CURVE_STYLE('',#35,POSITIVE_LENGTH_MEASURE(2.E-2),#29);
#348=PRESENTATION_STYLE_ASSIGNMENT((#347));
#349=STYLED_ITEM('',(#348),#346);
#350=DIRECTION('',(2.035585949528E-1,-9.576678948580E-1,2.035585949528E-1));
#351=VECTOR('',#350,3.348563926524E-1);
#352=CARTESIAN_POINT('',(-2.102161868812E0,-1.501099524506E-1,
-2.499976628885E0));
#353=LINE('',#352,#351);
#354=CURVE_STYLE('',#35,POSITIVE_LENGTH_MEASURE(2.E-2),#29);
#355=PRESENTATION_STYLE_ASSIGNMENT((#354));
#356=STYLED_ITEM('',(#355),#353);
#357=DIRECTION('',(1.E0,0.E0,0.E0));
#358=VECTOR('',#357,4.067997944025E0);
#359=CARTESIAN_POINT('',(-2.033998972012E0,-4.707911690818E-1,
-2.431813732086E0));
#360=LINE('',#359,#358);
#361=CURVE_STYLE('',#35,POSITIVE_LENGTH_MEASURE(2.E-2),#29);
#362=PRESENTATION_STYLE_ASSIGNMENT((#361));
#363=STYLED_ITEM('',(#362),#360);
#364=DIRECTION('',(-2.035585949528E-1,-9.576678948580E-1,2.035585949528E-1));
#365=VECTOR('',#364,3.348563926524E-1);
#366=CARTESIAN_POINT('',(2.199976628885E0,-1.501099524506E-1,
-2.402161868812E0));
#367=LINE('',#366,#365);
#368=CURVE_STYLE('',#35,POSITIVE_LENGTH_MEASURE(2.E-2),#29);
#369=PRESENTATION_STYLE_ASSIGNMENT((#368));
#370=STYLED_ITEM('',(#369),#367);
#371=DIRECTION('',(0.E0,0.E0,1.E0));
#372=VECTOR('',#371,4.667997944025E0);
#373=CARTESIAN_POINT('',(2.131813732086E0,-4.707911690818E-1,
-2.333998972012E0));
#374=LINE('',#373,#372);
#375=CURVE_STYLE('',#35,POSITIVE_LENGTH_MEASURE(2.E-2),#29);
#376=PRESENTATION_STYLE_ASSIGNMENT((#375));
#377=STYLED_ITEM('',(#376),#374);
#378=DIRECTION('',(-2.035585949528E-1,-9.576678948580E-1,-2.035585949528E-1));
#379=VECTOR('',#378,3.348563926524E-1);
#380=CARTESIAN_POINT('',(2.199976628885E0,-1.501099524506E-1,2.402161868812E0));
#381=LINE('',#380,#379);
#382=CURVE_STYLE('',#35,POSITIVE_LENGTH_MEASURE(2.E-2),#29);
#383=PRESENTATION_STYLE_ASSIGNMENT((#382));
#384=STYLED_ITEM('',(#383),#381);
#385=CARTESIAN_POINT('',(2.2E0,-1.5E-1,2.4E0));
#386=CARTESIAN_POINT('',(2.2E0,-1.5E-1,2.400722566200E0));
#387=CARTESIAN_POINT('',(2.199992169645E0,-1.500368389259E-1,2.401443179163E0));
#388=CARTESIAN_POINT('',(2.199976628885E0,-1.501099524506E-1,2.402161868812E0));
#390=CURVE_STYLE('',#35,POSITIVE_LENGTH_MEASURE(2.E-2),#29);
#391=PRESENTATION_STYLE_ASSIGNMENT((#390));
#392=STYLED_ITEM('',(#391),#389);
#393=CARTESIAN_POINT('',(2.199976628885E0,-1.501099524506E-1,
-2.402161868812E0));
#394=CARTESIAN_POINT('',(2.199992169645E0,-1.500368389259E-1,
-2.401443179163E0));
#395=CARTESIAN_POINT('',(2.2E0,-1.5E-1,-2.400722566200E0));
#396=CARTESIAN_POINT('',(2.2E0,-1.5E-1,-2.4E0));
#398=CURVE_STYLE('',#35,POSITIVE_LENGTH_MEASURE(2.E-2),#29);
#399=PRESENTATION_STYLE_ASSIGNMENT((#398));
#400=STYLED_ITEM('',(#399),#397);
#401=CARTESIAN_POINT('',(2.033998972012E0,-4.5E-1,2.333998972012E0));
#402=DIRECTION('',(1.E0,0.E0,0.E0));
#403=DIRECTION('',(0.E0,-2.079116908178E-1,9.781476007338E-1));
#404=AXIS2_PLACEMENT_3D('',#401,#402,#403);
#406=CURVE_STYLE('',#35,POSITIVE_LENGTH_MEASURE(2.E-2),#29);
#407=PRESENTATION_STYLE_ASSIGNMENT((#406));
#408=STYLED_ITEM('',(#407),#405);
#409=CARTESIAN_POINT('',(2.033998972012E0,-4.5E-1,2.333998972012E0));
#410=DIRECTION('',(-2.035585949528E-1,-9.576678948580E-1,-2.035585949528E-1));
#411=DIRECTION('',(9.781476007338E-1,-2.079116908178E-1,0.E0));
#412=AXIS2_PLACEMENT_3D('',#409,#410,#411);
#414=CURVE_STYLE('',#35,POSITIVE_LENGTH_MEASURE(2.E-2),#29);
#415=PRESENTATION_STYLE_ASSIGNMENT((#414));
#416=STYLED_ITEM('',(#415),#413);
#417=CARTESIAN_POINT('',(2.033998972012E0,-4.5E-1,2.333998972012E0));
#418=DIRECTION('',(0.E0,0.E0,1.E0));
#419=DIRECTION('',(0.E0,-1.E0,0.E0));
#420=AXIS2_PLACEMENT_3D('',#417,#418,#419);
#422=CURVE_STYLE('',#35,POSITIVE_LENGTH_MEASURE(2.E-2),#29);
#423=PRESENTATION_STYLE_ASSIGNMENT((#422));
#424=STYLED_ITEM('',(#423),#421);
#425=CARTESIAN_POINT('',(-2.033998972012E0,-4.5E-1,2.333998972012E0));
#426=DIRECTION('',(-1.E0,0.E0,0.E0));
#427=DIRECTION('',(0.E0,-1.E0,0.E0));
#428=AXIS2_PLACEMENT_3D('',#425,#426,#427);
#430=CURVE_STYLE('',#35,POSITIVE_LENGTH_MEASURE(2.E-2),#29);
#431=PRESENTATION_STYLE_ASSIGNMENT((#430));
#432=STYLED_ITEM('',(#431),#429);
#433=CARTESIAN_POINT('',(-2.033998972012E0,-4.5E-1,2.333998972012E0));
#434=DIRECTION('',(0.E0,0.E0,1.E0));
#435=DIRECTION('',(-9.781476007338E-1,-2.079116908178E-1,0.E0));
#436=AXIS2_PLACEMENT_3D('',#433,#434,#435);
#438=CURVE_STYLE('',#35,POSITIVE_LENGTH_MEASURE(2.E-2),#29);
#439=PRESENTATION_STYLE_ASSIGNMENT((#438));
#440=STYLED_ITEM('',(#439),#437);
#441=CARTESIAN_POINT('',(-2.033998972012E0,-4.5E-1,2.333998972012E0));
#442=DIRECTION('',(2.035585949528E-1,-9.576678948580E-1,-2.035585949528E-1));
#443=DIRECTION('',(0.E0,-2.079116908178E-1,9.781476007338E-1));
#444=AXIS2_PLACEMENT_3D('',#441,#442,#443);
#446=CURVE_STYLE('',#35,POSITIVE_LENGTH_MEASURE(2.E-2),#29);
#447=PRESENTATION_STYLE_ASSIGNMENT((#446));
#448=STYLED_ITEM('',(#447),#445);
#449=CARTESIAN_POINT('',(-2.102161868812E0,-1.501099524506E-1,
2.499976628885E0));
#450=CARTESIAN_POINT('',(-2.110623505267E0,-1.509707691701E-1,
2.499793656643E0));
#451=CARTESIAN_POINT('',(-2.127513219859E0,-1.524648887998E-1,
2.497273220002E0));
#452=CARTESIAN_POINT('',(-2.151197636601E0,-1.538767279754E-1,
2.487166771938E0));
#453=CARTESIAN_POINT('',(-2.171474915043E0,-1.543535207806E-1,
2.471474915043E0));
#454=CARTESIAN_POINT('',(-2.187166771938E0,-1.538767279754E-1,
2.451197636601E0));
#455=CARTESIAN_POINT('',(-2.197273220002E0,-1.524648887998E-1,
2.427513219859E0));
#456=CARTESIAN_POINT('',(-2.199793656643E0,-1.509707691701E-1,
2.410623505267E0));
#457=CARTESIAN_POINT('',(-2.199976628885E0,-1.501099524506E-1,
2.402161868812E0));
#459=CURVE_STYLE('',#35,POSITIVE_LENGTH_MEASURE(2.E-2),#29);
#460=PRESENTATION_STYLE_ASSIGNMENT((#459));
#461=STYLED_ITEM('',(#460),#458);
#462=CARTESIAN_POINT('',(-2.199976628885E0,1.099524505772E-4,2.402161868812E0));
#463=CARTESIAN_POINT('',(-2.199793656643E0,9.707691701317E-4,2.410623505267E0));
#464=CARTESIAN_POINT('',(-2.197273220002E0,2.464888799839E-3,2.427513219859E0));
#465=CARTESIAN_POINT('',(-2.187166771938E0,3.876727975369E-3,2.451197636601E0));
#466=CARTESIAN_POINT('',(-2.171474915043E0,4.353520780588E-3,2.471474915043E0));
#467=CARTESIAN_POINT('',(-2.151197636601E0,3.876727975369E-3,2.487166771938E0));
#468=CARTESIAN_POINT('',(-2.127513219859E0,2.464888799839E-3,2.497273220002E0));
#469=CARTESIAN_POINT('',(-2.110623505267E0,9.707691701316E-4,2.499793656643E0));
#470=CARTESIAN_POINT('',(-2.102161868812E0,1.099524505770E-4,2.499976628885E0));
#472=CURVE_STYLE('',#35,POSITIVE_LENGTH_MEASURE(2.E-2),#29);
#473=PRESENTATION_STYLE_ASSIGNMENT((#472));
#474=STYLED_ITEM('',(#473),#471);
#475=DIRECTION('',(0.E0,-1.E0,0.E0));
#476=VECTOR('',#475,1.5E-1);
#477=CARTESIAN_POINT('',(2.1E0,0.E0,2.5E0));
#478=LINE('',#477,#476);
#479=CURVE_STYLE('',#35,POSITIVE_LENGTH_MEASURE(2.E-2),#29);
#480=PRESENTATION_STYLE_ASSIGNMENT((#479));
#481=STYLED_ITEM('',(#480),#478);
#482=DIRECTION('',(1.E0,0.E0,0.E0));
#483=VECTOR('',#482,4.2E0);
#484=CARTESIAN_POINT('',(-2.1E0,-1.5E-1,2.5E0));
#485=LINE('',#484,#483);
#486=CURVE_STYLE('',#35,POSITIVE_LENGTH_MEASURE(2.E-2),#29);
#487=PRESENTATION_STYLE_ASSIGNMENT((#486));
#488=STYLED_ITEM('',(#487),#485);
#489=DIRECTION('',(0.E0,-1.E0,0.E0));
#490=VECTOR('',#489,1.5E-1);
#491=CARTESIAN_POINT('',(-2.1E0,0.E0,2.5E0));
#492=LINE('',#491,#490);
#493=CURVE_STYLE('',#35,POSITIVE_LENGTH_MEASURE(2.E-2),#29);
#494=PRESENTATION_STYLE_ASSIGNMENT((#493));
#495=STYLED_ITEM('',(#494),#492);
#496=CARTESIAN_POINT('',(2.199976628885E0,-1.501099524506E-1,2.402161868812E0));
#497=CARTESIAN_POINT('',(2.199793656643E0,-1.509707691701E-1,2.410623505267E0));
#498=CARTESIAN_POINT('',(2.197273220002E0,-1.524648887998E-1,2.427513219859E0));
#499=CARTESIAN_POINT('',(2.187166771938E0,-1.538767279754E-1,2.451197636601E0));
#500=CARTESIAN_POINT('',(2.171474915043E0,-1.543535207806E-1,2.471474915043E0));
#501=CARTESIAN_POINT('',(2.151197636601E0,-1.538767279754E-1,2.487166771938E0));
#502=CARTESIAN_POINT('',(2.127513219859E0,-1.524648887998E-1,2.497273220002E0));
#503=CARTESIAN_POINT('',(2.110623505267E0,-1.509707691701E-1,2.499793656643E0));
#504=CARTESIAN_POINT('',(2.102161868812E0,-1.501099524506E-1,2.499976628885E0));
#506=CURVE_STYLE('',#35,POSITIVE_LENGTH_MEASURE(2.E-2),#29);
#507=PRESENTATION_STYLE_ASSIGNMENT((#506));
#508=STYLED_ITEM('',(#507),#505);
#509=CARTESIAN_POINT('',(2.102161868812E0,1.099524505771E-4,2.499976628885E0));
#510=CARTESIAN_POINT('',(2.110623505267E0,9.707691701318E-4,2.499793656643E0));
#511=CARTESIAN_POINT('',(2.127513219859E0,2.464888799839E-3,2.497273220002E0));
#512=CARTESIAN_POINT('',(2.151197636601E0,3.876727975368E-3,2.487166771938E0));
#513=CARTESIAN_POINT('',(2.171474915043E0,4.353520780586E-3,2.471474915043E0));
#514=CARTESIAN_POINT('',(2.187166771938E0,3.876727975372E-3,2.451197636601E0));
#515=CARTESIAN_POINT('',(2.197273220002E0,2.464888799840E-3,2.427513219859E0));
#516=CARTESIAN_POINT('',(2.199793656643E0,9.707691701324E-4,2.410623505267E0));
#517=CARTESIAN_POINT('',(2.199976628885E0,1.099524505779E-4,2.402161868812E0));
#519=CURVE_STYLE('',#35,POSITIVE_LENGTH_MEASURE(2.E-2),#29);
#520=PRESENTATION_STYLE_ASSIGNMENT((#519));
#521=STYLED_ITEM('',(#520),#518);
#522=DIRECTION('',(0.E0,-1.E0,0.E0));
#523=VECTOR('',#522,1.5E-1);
#524=CARTESIAN_POINT('',(2.2E0,0.E0,-2.4E0));
#525=LINE('',#524,#523);
#526=CURVE_STYLE('',#35,POSITIVE_LENGTH_MEASURE(2.E-2),#29);
#527=PRESENTATION_STYLE_ASSIGNMENT((#526));
#528=STYLED_ITEM('',(#527),#525);
#529=DIRECTION('',(0.E0,0.E0,-1.E0));
#530=VECTOR('',#529,4.8E0);
#531=CARTESIAN_POINT('',(2.2E0,-1.5E-1,2.4E0));
#532=LINE('',#531,#530);
#533=CURVE_STYLE('',#35,POSITIVE_LENGTH_MEASURE(2.E-2),#29);
#534=PRESENTATION_STYLE_ASSIGNMENT((#533));
#535=STYLED_ITEM('',(#534),#532);
#536=DIRECTION('',(0.E0,-1.E0,0.E0));
#537=VECTOR('',#536,1.5E-1);
#538=CARTESIAN_POINT('',(2.2E0,0.E0,2.4E0));
#539=LINE('',#538,#537);
#540=CURVE_STYLE('',#35,POSITIVE_LENGTH_MEASURE(2.E-2),#29);
#541=PRESENTATION_STYLE_ASSIGNMENT((#540));
#542=STYLED_ITEM('',(#541),#539);
#543=CARTESIAN_POINT('',(2.102161868812E0,-1.501099524506E-1,
-2.499976628885E0));
#544=CARTESIAN_POINT('',(2.110623505267E0,-1.509707691701E-1,
-2.499793656643E0));
#545=CARTESIAN_POINT('',(2.127513219859E0,-1.524648887998E-1,
-2.497273220002E0));
#546=CARTESIAN_POINT('',(2.151197636601E0,-1.538767279754E-1,
-2.487166771938E0));
#547=CARTESIAN_POINT('',(2.171474915043E0,-1.543535207806E-1,
-2.471474915043E0));
#548=CARTESIAN_POINT('',(2.187166771938E0,-1.538767279754E-1,
-2.451197636601E0));
#549=CARTESIAN_POINT('',(2.197273220002E0,-1.524648887998E-1,
-2.427513219859E0));
#550=CARTESIAN_POINT('',(2.199793656643E0,-1.509707691701E-1,
-2.410623505267E0));
#551=CARTESIAN_POINT('',(2.199976628885E0,-1.501099524506E-1,
-2.402161868812E0));
#553=CURVE_STYLE('',#35,POSITIVE_LENGTH_MEASURE(2.E-2),#29);
#554=PRESENTATION_STYLE_ASSIGNMENT((#553));
#555=STYLED_ITEM('',(#554),#552);
#556=CARTESIAN_POINT('',(2.199976628885E0,1.099524505772E-4,-2.402161868812E0));
#557=CARTESIAN_POINT('',(2.199793656643E0,9.707691701317E-4,-2.410623505267E0));
#558=CARTESIAN_POINT('',(2.197273220002E0,2.464888799839E-3,-2.427513219859E0));
#559=CARTESIAN_POINT('',(2.187166771938E0,3.876727975369E-3,-2.451197636601E0));
#560=CARTESIAN_POINT('',(2.171474915043E0,4.353520780588E-3,-2.471474915043E0));
#561=CARTESIAN_POINT('',(2.151197636601E0,3.876727975369E-3,-2.487166771938E0));
#562=CARTESIAN_POINT('',(2.127513219859E0,2.464888799839E-3,-2.497273220002E0));
#563=CARTESIAN_POINT('',(2.110623505267E0,9.707691701316E-4,-2.499793656643E0));
#564=CARTESIAN_POINT('',(2.102161868812E0,1.099524505770E-4,-2.499976628885E0));
#566=CURVE_STYLE('',#35,POSITIVE_LENGTH_MEASURE(2.E-2),#29);
#567=PRESENTATION_STYLE_ASSIGNMENT((#566));
#568=STYLED_ITEM('',(#567),#565);
#569=DIRECTION('',(0.E0,-1.E0,0.E0));
#570=VECTOR('',#569,1.5E-1);
#571=CARTESIAN_POINT('',(2.1E0,0.E0,-2.5E0));
#572=LINE('',#571,#570);
#573=CURVE_STYLE('',#35,POSITIVE_LENGTH_MEASURE(2.E-2),#29);
#574=PRESENTATION_STYLE_ASSIGNMENT((#573));
#575=STYLED_ITEM('',(#574),#572);
#576=DIRECTION('',(0.E0,-1.E0,0.E0));
#577=VECTOR('',#576,1.5E-1);
#578=CARTESIAN_POINT('',(-2.1E0,0.E0,-2.5E0));
#579=LINE('',#578,#577);
#580=CURVE_STYLE('',#35,POSITIVE_LENGTH_MEASURE(2.E-2),#29);
#581=PRESENTATION_STYLE_ASSIGNMENT((#580));
#582=STYLED_ITEM('',(#581),#579);
#583=DIRECTION('',(-1.E0,0.E0,0.E0));
#584=VECTOR('',#583,4.2E0);
#585=CARTESIAN_POINT('',(2.1E0,-1.5E-1,-2.5E0));
#586=LINE('',#585,#584);
#587=CURVE_STYLE('',#35,POSITIVE_LENGTH_MEASURE(2.E-2),#29);
#588=PRESENTATION_STYLE_ASSIGNMENT((#587));
#589=STYLED_ITEM('',(#588),#586);
#590=CARTESIAN_POINT('',(2.102161868812E0,1.099524505768E-4,-2.499976628885E0));
#591=CARTESIAN_POINT('',(2.101443179163E0,3.683892593640E-5,-2.499992169645E0));
#592=CARTESIAN_POINT('',(2.100722566200E0,0.E0,-2.5E0));
#593=CARTESIAN_POINT('',(2.1E0,0.E0,-2.5E0));
#595=CURVE_STYLE('',#35,POSITIVE_LENGTH_MEASURE(2.E-2),#29);
#596=PRESENTATION_STYLE_ASSIGNMENT((#595));
#597=STYLED_ITEM('',(#596),#594);
#598=DIRECTION('',(2.035585949528E-1,-9.576678948580E-1,-2.035585949528E-1));
#599=VECTOR('',#598,3.870665588995E-1);
#600=CARTESIAN_POINT('',(2.023371143929E0,3.707911690818E-1,-2.421185904002E0));
#601=LINE('',#600,#599);
#602=CURVE_STYLE('',#35,POSITIVE_LENGTH_MEASURE(2.E-2),#29);
#603=PRESENTATION_STYLE_ASSIGNMENT((#602));
#604=STYLED_ITEM('',(#603),#601);
#605=DIRECTION('',(-1.E0,0.E0,0.E0));
#606=VECTOR('',#605,4.046742287858E0);
#607=CARTESIAN_POINT('',(2.023371143929E0,3.707911690818E-1,-2.421185904002E0));
#608=LINE('',#607,#606);
#609=CURVE_STYLE('',#35,POSITIVE_LENGTH_MEASURE(2.E-2),#29);
#610=PRESENTATION_STYLE_ASSIGNMENT((#609));
#611=STYLED_ITEM('',(#610),#608);
#612=DIRECTION('',(-2.035585949528E-1,-9.576678948580E-1,-2.035585949528E-1));
#613=VECTOR('',#612,3.870665588995E-1);
#614=CARTESIAN_POINT('',(-2.023371143929E0,3.707911690818E-1,
-2.421185904002E0));
#615=LINE('',#614,#613);
#616=CURVE_STYLE('',#35,POSITIVE_LENGTH_MEASURE(2.E-2),#29);
#617=PRESENTATION_STYLE_ASSIGNMENT((#616));
#618=STYLED_ITEM('',(#617),#615);
#619=CARTESIAN_POINT('',(-2.1E0,0.E0,-2.5E0));
#620=CARTESIAN_POINT('',(-2.100722566200E0,0.E0,-2.5E0));
#621=CARTESIAN_POINT('',(-2.101443179163E0,3.683892593643E-5,
-2.499992169645E0));
#622=CARTESIAN_POINT('',(-2.102161868812E0,1.099524505769E-4,
-2.499976628885E0));
#624=CURVE_STYLE('',#35,POSITIVE_LENGTH_MEASURE(2.E-2),#29);
#625=PRESENTATION_STYLE_ASSIGNMENT((#624));
#626=STYLED_ITEM('',(#625),#623);
#627=DIRECTION('',(-1.E0,0.E0,0.E0));
#628=VECTOR('',#627,4.2E0);
#629=CARTESIAN_POINT('',(2.1E0,0.E0,-2.5E0));
#630=LINE('',#629,#628);
#631=CURVE_STYLE('',#35,POSITIVE_LENGTH_MEASURE(2.E-2),#29);
#632=PRESENTATION_STYLE_ASSIGNMENT((#631));
#633=STYLED_ITEM('',(#632),#630);
#634=DIRECTION('',(0.E0,0.E0,-1.E0));
#635=VECTOR('',#634,4.646742287858E0);
#636=CARTESIAN_POINT('',(2.121185904002E0,3.707911690818E-1,2.323371143929E0));
#637=LINE('',#636,#635);
#638=CURVE_STYLE('',#35,POSITIVE_LENGTH_MEASURE(2.E-2),#29);
#639=PRESENTATION_STYLE_ASSIGNMENT((#638));
#640=STYLED_ITEM('',(#639),#637);
#641=DIRECTION('',(2.035585949528E-1,-9.576678948580E-1,-2.035585949528E-1));
#642=VECTOR('',#641,3.870665588995E-1);
#643=CARTESIAN_POINT('',(2.121185904002E0,3.707911690818E-1,-2.323371143929E0));
#644=LINE('',#643,#642);
#645=CURVE_STYLE('',#35,POSITIVE_LENGTH_MEASURE(2.E-2),#29);
#646=PRESENTATION_STYLE_ASSIGNMENT((#645));
#647=STYLED_ITEM('',(#646),#644);
#648=CARTESIAN_POINT('',(2.2E0,0.E0,-2.4E0));
#649=CARTESIAN_POINT('',(2.2E0,0.E0,-2.400722566200E0));
#650=CARTESIAN_POINT('',(2.199992169645E0,3.683892593637E-5,-2.401443179163E0));
#651=CARTESIAN_POINT('',(2.199976628885E0,1.099524505768E-4,-2.402161868812E0));
#653=CURVE_STYLE('',#35,POSITIVE_LENGTH_MEASURE(2.E-2),#29);
#654=PRESENTATION_STYLE_ASSIGNMENT((#653));
#655=STYLED_ITEM('',(#654),#652);
#656=DIRECTION('',(0.E0,0.E0,-1.E0));
#657=VECTOR('',#656,4.8E0);
#658=CARTESIAN_POINT('',(2.2E0,0.E0,2.4E0));
#659=LINE('',#658,#657);
#660=CURVE_STYLE('',#35,POSITIVE_LENGTH_MEASURE(2.E-2),#29);
#661=PRESENTATION_STYLE_ASSIGNMENT((#660));
#662=STYLED_ITEM('',(#661),#659);
#663=CARTESIAN_POINT('',(2.199976628885E0,1.099524505767E-4,2.402161868812E0));
#664=CARTESIAN_POINT('',(2.199992169645E0,3.683892593635E-5,2.401443179163E0));
#665=CARTESIAN_POINT('',(2.2E0,0.E0,2.400722566200E0));
#666=CARTESIAN_POINT('',(2.2E0,0.E0,2.4E0));
#668=CURVE_STYLE('',#35,POSITIVE_LENGTH_MEASURE(2.E-2),#29);
#669=PRESENTATION_STYLE_ASSIGNMENT((#668));
#670=STYLED_ITEM('',(#669),#667);
#671=DIRECTION('',(2.035585949528E-1,-9.576678948580E-1,2.035585949528E-1));
#672=VECTOR('',#671,3.870665588995E-1);
#673=CARTESIAN_POINT('',(2.121185904002E0,3.707911690818E-1,2.323371143929E0));
#674=LINE('',#673,#672);
#675=CURVE_STYLE('',#35,POSITIVE_LENGTH_MEASURE(2.E-2),#29);
#676=PRESENTATION_STYLE_ASSIGNMENT((#675));
#677=STYLED_ITEM('',(#676),#674);
#678=CARTESIAN_POINT('',(2.023371143929E0,3.5E-1,2.323371143929E0));
#679=DIRECTION('',(1.E0,0.E0,0.E0));
#680=DIRECTION('',(0.E0,1.E0,0.E0));
#681=AXIS2_PLACEMENT_3D('',#678,#679,#680);
#683=CURVE_STYLE('',#35,POSITIVE_LENGTH_MEASURE(2.E-2),#29);
#684=PRESENTATION_STYLE_ASSIGNMENT((#683));
#685=STYLED_ITEM('',(#684),#682);
#686=CARTESIAN_POINT('',(2.023371143929E0,3.5E-1,2.323371143929E0));
#687=DIRECTION('',(0.E0,0.E0,1.E0));
#688=DIRECTION('',(9.781476007338E-1,2.079116908178E-1,0.E0));
#689=AXIS2_PLACEMENT_3D('',#686,#687,#688);
#691=CURVE_STYLE('',#35,POSITIVE_LENGTH_MEASURE(2.E-2),#29);
#692=PRESENTATION_STYLE_ASSIGNMENT((#691));
#693=STYLED_ITEM('',(#692),#690);
#694=CARTESIAN_POINT('',(2.023371143929E0,3.5E-1,2.323371143929E0));
#695=DIRECTION('',(-2.035585949528E-1,9.576678948580E-1,-2.035585949528E-1));
#696=DIRECTION('',(0.E0,2.079116908178E-1,9.781476007338E-1));
#697=AXIS2_PLACEMENT_3D('',#694,#695,#696);
#699=CURVE_STYLE('',#35,POSITIVE_LENGTH_MEASURE(2.E-2),#29);
#700=PRESENTATION_STYLE_ASSIGNMENT((#699));
#701=STYLED_ITEM('',(#700),#698);
#702=CARTESIAN_POINT('',(2.1E0,0.E0,2.5E0));
#703=CARTESIAN_POINT('',(2.100722566200E0,0.E0,2.5E0));
#704=CARTESIAN_POINT('',(2.101443179163E0,3.683892593643E-5,2.499992169645E0));
#705=CARTESIAN_POINT('',(2.102161868812E0,1.099524505769E-4,2.499976628885E0));
#707=CURVE_STYLE('',#35,POSITIVE_LENGTH_MEASURE(2.E-2),#29);
#708=PRESENTATION_STYLE_ASSIGNMENT((#707));
#709=STYLED_ITEM('',(#708),#706);
#710=DIRECTION('',(1.E0,0.E0,0.E0));
#711=VECTOR('',#710,4.2E0);
#712=CARTESIAN_POINT('',(-2.1E0,0.E0,2.5E0));
#713=LINE('',#712,#711);
#714=CURVE_STYLE('',#35,POSITIVE_LENGTH_MEASURE(2.E-2),#29);
#715=PRESENTATION_STYLE_ASSIGNMENT((#714));
#716=STYLED_ITEM('',(#715),#713);
#717=CARTESIAN_POINT('',(-2.102161868812E0,1.099524505768E-4,2.499976628885E0));
#718=CARTESIAN_POINT('',(-2.101443179163E0,3.683892593640E-5,2.499992169645E0));
#719=CARTESIAN_POINT('',(-2.100722566200E0,0.E0,2.5E0));
#720=CARTESIAN_POINT('',(-2.1E0,0.E0,2.5E0));
#722=CURVE_STYLE('',#35,POSITIVE_LENGTH_MEASURE(2.E-2),#29);
#723=PRESENTATION_STYLE_ASSIGNMENT((#722));
#724=STYLED_ITEM('',(#723),#721);
#725=DIRECTION('',(-2.035585949528E-1,-9.576678948580E-1,2.035585949528E-1));
#726=VECTOR('',#725,3.870665588995E-1);
#727=CARTESIAN_POINT('',(-2.023371143929E0,3.707911690818E-1,2.421185904002E0));
#728=LINE('',#727,#726);
#729=CURVE_STYLE('',#35,POSITIVE_LENGTH_MEASURE(2.E-2),#29);
#730=PRESENTATION_STYLE_ASSIGNMENT((#729));
#731=STYLED_ITEM('',(#730),#728);
#732=DIRECTION('',(1.E0,0.E0,0.E0));
#733=VECTOR('',#732,4.046742287858E0);
#734=CARTESIAN_POINT('',(-2.023371143929E0,3.707911690818E-1,2.421185904002E0));
#735=LINE('',#734,#733);
#736=CURVE_STYLE('',#35,POSITIVE_LENGTH_MEASURE(2.E-2),#29);
#737=PRESENTATION_STYLE_ASSIGNMENT((#736));
#738=STYLED_ITEM('',(#737),#735);
#739=DIRECTION('',(2.035585949528E-1,-9.576678948580E-1,2.035585949528E-1));
#740=VECTOR('',#739,3.870665588995E-1);
#741=CARTESIAN_POINT('',(2.023371143929E0,3.707911690818E-1,2.421185904002E0));
#742=LINE('',#741,#740);
#743=CURVE_STYLE('',#35,POSITIVE_LENGTH_MEASURE(2.E-2),#29);
#744=PRESENTATION_STYLE_ASSIGNMENT((#743));
#745=STYLED_ITEM('',(#744),#742);
#746=DIRECTION('',(0.E0,0.E0,1.E0));
#747=VECTOR('',#746,4.646742287858E0);
#748=CARTESIAN_POINT('',(-2.121185904002E0,3.707911690818E-1,
-2.323371143929E0));
#749=LINE('',#748,#747);
#750=CURVE_STYLE('',#35,POSITIVE_LENGTH_MEASURE(2.E-2),#29);
#751=PRESENTATION_STYLE_ASSIGNMENT((#750));
#752=STYLED_ITEM('',(#751),#749);
#753=DIRECTION('',(-2.035585949528E-1,-9.576678948580E-1,2.035585949528E-1));
#754=VECTOR('',#753,3.870665588995E-1);
#755=CARTESIAN_POINT('',(-2.121185904002E0,3.707911690818E-1,2.323371143929E0));
#756=LINE('',#755,#754);
#757=CURVE_STYLE('',#35,POSITIVE_LENGTH_MEASURE(2.E-2),#29);
#758=PRESENTATION_STYLE_ASSIGNMENT((#757));
#759=STYLED_ITEM('',(#758),#756);
#760=CARTESIAN_POINT('',(-2.2E0,0.E0,2.4E0));
#761=CARTESIAN_POINT('',(-2.2E0,0.E0,2.400722566200E0));
#762=CARTESIAN_POINT('',(-2.199992169645E0,3.683892593637E-5,2.401443179163E0));
#763=CARTESIAN_POINT('',(-2.199976628885E0,1.099524505768E-4,2.402161868812E0));
#765=CURVE_STYLE('',#35,POSITIVE_LENGTH_MEASURE(2.E-2),#29);
#766=PRESENTATION_STYLE_ASSIGNMENT((#765));
#767=STYLED_ITEM('',(#766),#764);
#768=DIRECTION('',(0.E0,0.E0,1.E0));
#769=VECTOR('',#768,4.8E0);
#770=CARTESIAN_POINT('',(-2.2E0,0.E0,-2.4E0));
#771=LINE('',#770,#769);
#772=CURVE_STYLE('',#35,POSITIVE_LENGTH_MEASURE(2.E-2),#29);
#773=PRESENTATION_STYLE_ASSIGNMENT((#772));
#774=STYLED_ITEM('',(#773),#771);
#775=CARTESIAN_POINT('',(-2.199976628885E0,1.099524505768E-4,
-2.402161868812E0));
#776=CARTESIAN_POINT('',(-2.199992169645E0,3.683892593636E-5,
-2.401443179163E0));
#777=CARTESIAN_POINT('',(-2.2E0,0.E0,-2.400722566200E0));
#778=CARTESIAN_POINT('',(-2.2E0,0.E0,-2.4E0));
#780=CURVE_STYLE('',#35,POSITIVE_LENGTH_MEASURE(2.E-2),#29);
#781=PRESENTATION_STYLE_ASSIGNMENT((#780));
#782=STYLED_ITEM('',(#781),#779);
#783=DIRECTION('',(-2.035585949528E-1,-9.576678948580E-1,-2.035585949528E-1));
#784=VECTOR('',#783,3.870665588995E-1);
#785=CARTESIAN_POINT('',(-2.121185904002E0,3.707911690818E-1,
-2.323371143929E0));
#786=LINE('',#785,#784);
#787=CURVE_STYLE('',#35,POSITIVE_LENGTH_MEASURE(2.E-2),#29);
#788=PRESENTATION_STYLE_ASSIGNMENT((#787));
#789=STYLED_ITEM('',(#788),#786);
#790=CARTESIAN_POINT('',(-2.023371143929E0,3.5E-1,-2.323371143929E0));
#791=DIRECTION('',(2.035585949528E-1,9.576678948580E-1,2.035585949528E-1));
#792=DIRECTION('',(0.E0,2.079116908178E-1,-9.781476007338E-1));
#793=AXIS2_PLACEMENT_3D('',#790,#791,#792);
#795=CURVE_STYLE('',#35,POSITIVE_LENGTH_MEASURE(2.E-2),#29);
#796=PRESENTATION_STYLE_ASSIGNMENT((#795));
#797=STYLED_ITEM('',(#796),#794);
#798=CARTESIAN_POINT('',(-2.023371143929E0,3.5E-1,-2.323371143929E0));
#799=DIRECTION('',(-1.E0,0.E0,0.E0));
#800=DIRECTION('',(0.E0,1.E0,0.E0));
#801=AXIS2_PLACEMENT_3D('',#798,#799,#800);
#803=CURVE_STYLE('',#35,POSITIVE_LENGTH_MEASURE(2.E-2),#29);
#804=PRESENTATION_STYLE_ASSIGNMENT((#803));
#805=STYLED_ITEM('',(#804),#802);
#806=CARTESIAN_POINT('',(-2.023371143929E0,3.5E-1,-2.323371143929E0));
#807=DIRECTION('',(0.E0,0.E0,-1.E0));
#808=DIRECTION('',(-9.781476007338E-1,2.079116908178E-1,0.E0));
#809=AXIS2_PLACEMENT_3D('',#806,#807,#808);
#811=CURVE_STYLE('',#35,POSITIVE_LENGTH_MEASURE(2.E-2),#29);
#812=PRESENTATION_STYLE_ASSIGNMENT((#811));
#813=STYLED_ITEM('',(#812),#810);
#814=CARTESIAN_POINT('',(-2.199976628885E0,-1.501099524506E-1,
-2.402161868812E0));
#815=CARTESIAN_POINT('',(-2.199793656643E0,-1.509707691701E-1,
-2.410623505267E0));
#816=CARTESIAN_POINT('',(-2.197273220002E0,-1.524648887998E-1,
-2.427513219859E0));
#817=CARTESIAN_POINT('',(-2.187166771938E0,-1.538767279754E-1,
-2.451197636601E0));
#818=CARTESIAN_POINT('',(-2.171474915043E0,-1.543535207806E-1,
-2.471474915043E0));
#819=CARTESIAN_POINT('',(-2.151197636601E0,-1.538767279754E-1,
-2.487166771938E0));
#820=CARTESIAN_POINT('',(-2.127513219859E0,-1.524648887998E-1,
-2.497273220002E0));
#821=CARTESIAN_POINT('',(-2.110623505267E0,-1.509707691701E-1,
-2.499793656643E0));
#822=CARTESIAN_POINT('',(-2.102161868812E0,-1.501099524506E-1,
-2.499976628885E0));
#824=CURVE_STYLE('',#35,POSITIVE_LENGTH_MEASURE(2.E-2),#29);
#825=PRESENTATION_STYLE_ASSIGNMENT((#824));
#826=STYLED_ITEM('',(#825),#823);
#827=CARTESIAN_POINT('',(-2.102161868812E0,1.099524505763E-4,
-2.499976628885E0));
#828=CARTESIAN_POINT('',(-2.110623505267E0,9.707691701310E-4,
-2.499793656643E0));
#829=CARTESIAN_POINT('',(-2.127513219859E0,2.464888799839E-3,
-2.497273220002E0));
#830=CARTESIAN_POINT('',(-2.151197636601E0,3.876727975368E-3,
-2.487166771938E0));
#831=CARTESIAN_POINT('',(-2.171474915043E0,4.353520780586E-3,
-2.471474915043E0));
#832=CARTESIAN_POINT('',(-2.187166771938E0,3.876727975369E-3,
-2.451197636601E0));
#833=CARTESIAN_POINT('',(-2.197273220002E0,2.464888799841E-3,
-2.427513219859E0));
#834=CARTESIAN_POINT('',(-2.199793656643E0,9.707691701322E-4,
-2.410623505267E0));
#835=CARTESIAN_POINT('',(-2.199976628885E0,1.099524505777E-4,
-2.402161868812E0));
#837=CURVE_STYLE('',#35,POSITIVE_LENGTH_MEASURE(2.E-2),#29);
#838=PRESENTATION_STYLE_ASSIGNMENT((#837));
#839=STYLED_ITEM('',(#838),#836);
#840=DIRECTION('',(0.E0,-1.E0,0.E0));
#841=VECTOR('',#840,1.5E-1);
#842=CARTESIAN_POINT('',(-2.2E0,0.E0,-2.4E0));
#843=LINE('',#842,#841);
#844=CURVE_STYLE('',#35,POSITIVE_LENGTH_MEASURE(2.E-2),#29);
#845=PRESENTATION_STYLE_ASSIGNMENT((#844));
#846=STYLED_ITEM('',(#845),#843);
#847=DIRECTION('',(0.E0,-1.E0,0.E0));
#848=VECTOR('',#847,1.5E-1);
#849=CARTESIAN_POINT('',(-2.2E0,0.E0,2.4E0));
#850=LINE('',#849,#848);
#851=CURVE_STYLE('',#35,POSITIVE_LENGTH_MEASURE(2.E-2),#29);
#852=PRESENTATION_STYLE_ASSIGNMENT((#851));
#853=STYLED_ITEM('',(#852),#850);
#854=DIRECTION('',(0.E0,0.E0,1.E0));
#855=VECTOR('',#854,4.8E0);
#856=CARTESIAN_POINT('',(-2.2E0,-1.5E-1,-2.4E0));
#857=LINE('',#856,#855);
#858=CURVE_STYLE('',#35,POSITIVE_LENGTH_MEASURE(2.E-2),#29);
#859=PRESENTATION_STYLE_ASSIGNMENT((#858));
#860=STYLED_ITEM('',(#859),#857);
#861=CARTESIAN_POINT('',(-1.4E0,4.5E-1,-1.7E0));
#862=DIRECTION('',(0.E0,-1.E0,0.E0));
#863=DIRECTION('',(1.E0,0.E0,0.E0));
#864=AXIS2_PLACEMENT_3D('',#861,#862,#863);
#866=CURVE_STYLE('',#35,POSITIVE_LENGTH_MEASURE(2.E-2),#29);
#867=PRESENTATION_STYLE_ASSIGNMENT((#866));
#868=STYLED_ITEM('',(#867),#865);
#869=CARTESIAN_POINT('',(-1.4E0,4.5E-1,-1.7E0));
#870=DIRECTION('',(0.E0,-1.E0,0.E0));
#871=DIRECTION('',(-1.E0,0.E0,0.E0));
#872=AXIS2_PLACEMENT_3D('',#869,#870,#871);
#874=CURVE_STYLE('',#35,POSITIVE_LENGTH_MEASURE(2.E-2),#29);
#875=PRESENTATION_STYLE_ASSIGNMENT((#874));
#876=STYLED_ITEM('',(#875),#873);
#877=DIRECTION('',(0.E0,0.E0,1.E0));
#878=VECTOR('',#877,4.646742287858E0);
#879=CARTESIAN_POINT('',(-2.023371143929E0,4.5E-1,-2.323371143929E0));
#880=LINE('',#879,#878);
#881=CURVE_STYLE('',#35,POSITIVE_LENGTH_MEASURE(2.E-2),#29);
#882=PRESENTATION_STYLE_ASSIGNMENT((#881));
#883=STYLED_ITEM('',(#882),#880);
#884=DIRECTION('',(-1.E0,0.E0,0.E0));
#885=VECTOR('',#884,4.046742287858E0);
#886=CARTESIAN_POINT('',(2.023371143929E0,4.5E-1,-2.323371143929E0));
#887=LINE('',#886,#885);
#888=CURVE_STYLE('',#35,POSITIVE_LENGTH_MEASURE(2.E-2),#29);
#889=PRESENTATION_STYLE_ASSIGNMENT((#888));
#890=STYLED_ITEM('',(#889),#887);
#891=DIRECTION('',(0.E0,0.E0,-1.E0));
#892=VECTOR('',#891,4.646742287858E0);
#893=CARTESIAN_POINT('',(2.023371143929E0,4.5E-1,2.323371143929E0));
#894=LINE('',#893,#892);
#895=CURVE_STYLE('',#35,POSITIVE_LENGTH_MEASURE(2.E-2),#29);
#896=PRESENTATION_STYLE_ASSIGNMENT((#895));
#897=STYLED_ITEM('',(#896),#894);
#898=DIRECTION('',(1.E0,0.E0,0.E0));
#899=VECTOR('',#898,4.046742287858E0);
#900=CARTESIAN_POINT('',(-2.023371143929E0,4.5E-1,2.323371143929E0));
#901=LINE('',#900,#899);
#902=CURVE_STYLE('',#35,POSITIVE_LENGTH_MEASURE(2.E-2),#29);
#903=PRESENTATION_STYLE_ASSIGNMENT((#902));
#904=STYLED_ITEM('',(#903),#901);
#905=DIRECTION('',(0.E0,-1.E0,0.E0));
#906=VECTOR('',#905,5.E-2);
#907=CARTESIAN_POINT('',(-1.E0,4.5E-1,-1.7E0));
#908=LINE('',#907,#906);
#909=CURVE_STYLE('',#35,POSITIVE_LENGTH_MEASURE(2.E-2),#29);
#910=PRESENTATION_STYLE_ASSIGNMENT((#909));
#911=STYLED_ITEM('',(#910),#908);
#912=DIRECTION('',(0.E0,-1.E0,0.E0));
#913=VECTOR('',#912,5.E-2);
#914=CARTESIAN_POINT('',(-1.8E0,4.5E-1,-1.7E0));
#915=LINE('',#914,#913);
#916=CURVE_STYLE('',#35,POSITIVE_LENGTH_MEASURE(2.E-2),#29);
#917=PRESENTATION_STYLE_ASSIGNMENT((#916));
#918=STYLED_ITEM('',(#917),#915);
#919=CARTESIAN_POINT('',(-1.4E0,4.E-1,-1.7E0));
#920=DIRECTION('',(0.E0,-1.E0,0.E0));
#921=DIRECTION('',(1.E0,0.E0,0.E0));
#922=AXIS2_PLACEMENT_3D('',#919,#920,#921);
#924=CURVE_STYLE('',#35,POSITIVE_LENGTH_MEASURE(2.E-2),#29);
#925=PRESENTATION_STYLE_ASSIGNMENT((#924));
#926=STYLED_ITEM('',(#925),#923);
#927=CARTESIAN_POINT('',(-1.4E0,4.E-1,-1.7E0));
#928=DIRECTION('',(0.E0,-1.E0,0.E0));
#929=DIRECTION('',(-1.E0,0.E0,0.E0));
#930=AXIS2_PLACEMENT_3D('',#927,#928,#929);
#932=CURVE_STYLE('',#35,POSITIVE_LENGTH_MEASURE(2.E-2),#29);
#933=PRESENTATION_STYLE_ASSIGNMENT((#932));
#934=STYLED_ITEM('',(#933),#931);
#935=CARTESIAN_POINT('',(2.023371143929E0,3.5E-1,-2.323371143929E0));
#936=DIRECTION('',(1.E0,0.E0,0.E0));
#937=DIRECTION('',(0.E0,2.079116908178E-1,-9.781476007338E-1));
#938=AXIS2_PLACEMENT_3D('',#935,#936,#937);
#940=CURVE_STYLE('',#35,POSITIVE_LENGTH_MEASURE(2.E-2),#29);
#941=PRESENTATION_STYLE_ASSIGNMENT((#940));
#942=STYLED_ITEM('',(#941),#939);
#943=CARTESIAN_POINT('',(2.023371143929E0,3.5E-1,-2.323371143929E0));
#944=DIRECTION('',(-2.035585949528E-1,9.576678948580E-1,2.035585949528E-1));
#945=DIRECTION('',(9.781476007338E-1,2.079116908178E-1,0.E0));
#946=AXIS2_PLACEMENT_3D('',#943,#944,#945);
#948=CURVE_STYLE('',#35,POSITIVE_LENGTH_MEASURE(2.E-2),#29);
#949=PRESENTATION_STYLE_ASSIGNMENT((#948));
#950=STYLED_ITEM('',(#949),#947);
#951=CARTESIAN_POINT('',(2.023371143929E0,3.5E-1,-2.323371143929E0));
#952=DIRECTION('',(0.E0,0.E0,-1.E0));
#953=DIRECTION('',(0.E0,1.E0,0.E0));
#954=AXIS2_PLACEMENT_3D('',#951,#952,#953);
#956=CURVE_STYLE('',#35,POSITIVE_LENGTH_MEASURE(2.E-2),#29);
#957=PRESENTATION_STYLE_ASSIGNMENT((#956));
#958=STYLED_ITEM('',(#957),#955);
#959=CARTESIAN_POINT('',(-2.023371143929E0,3.5E-1,2.323371143929E0));
#960=DIRECTION('',(2.035585949528E-1,9.576678948580E-1,-2.035585949528E-1));
#961=DIRECTION('',(-9.781476007338E-1,2.079116908178E-1,0.E0));
#962=AXIS2_PLACEMENT_3D('',#959,#960,#961);
#964=CURVE_STYLE('',#35,POSITIVE_LENGTH_MEASURE(2.E-2),#29);
#965=PRESENTATION_STYLE_ASSIGNMENT((#964));
#966=STYLED_ITEM('',(#965),#963);
#967=CARTESIAN_POINT('',(-2.023371143929E0,3.5E-1,2.323371143929E0));
#968=DIRECTION('',(0.E0,0.E0,1.E0));
#969=DIRECTION('',(0.E0,1.E0,0.E0));
#970=AXIS2_PLACEMENT_3D('',#967,#968,#969);
#972=CURVE_STYLE('',#35,POSITIVE_LENGTH_MEASURE(2.E-2),#29);
#973=PRESENTATION_STYLE_ASSIGNMENT((#972));
#974=STYLED_ITEM('',(#973),#971);
#975=CARTESIAN_POINT('',(-2.023371143929E0,3.5E-1,2.323371143929E0));
#976=DIRECTION('',(-1.E0,0.E0,0.E0));
#977=DIRECTION('',(0.E0,2.079116908178E-1,9.781476007338E-1));
#978=AXIS2_PLACEMENT_3D('',#975,#976,#977);
#980=CURVE_STYLE('',#35,POSITIVE_LENGTH_MEASURE(2.E-2),#29);
#981=PRESENTATION_STYLE_ASSIGNMENT((#980));
#982=STYLED_ITEM('',(#981),#979);
#983=DIRECTION('',(-2.035585949528E-1,-9.576678948580E-1,-2.035585949528E-1));
#984=VECTOR('',#983,3.348563926524E-1);
#985=CARTESIAN_POINT('',(2.102161868812E0,-1.501099524506E-1,2.499976628885E0));
#986=LINE('',#985,#984);
#987=CURVE_STYLE('',#35,POSITIVE_LENGTH_MEASURE(2.E-2),#29);
#988=PRESENTATION_STYLE_ASSIGNMENT((#987));
#989=STYLED_ITEM('',(#988),#986);
#990=DIRECTION('',(-1.E0,0.E0,0.E0));
#991=VECTOR('',#990,4.067997944025E0);
#992=CARTESIAN_POINT('',(2.033998972012E0,-4.707911690818E-1,2.431813732086E0));
#993=LINE('',#992,#991);
#994=CURVE_STYLE('',#35,POSITIVE_LENGTH_MEASURE(2.E-2),#29);
#995=PRESENTATION_STYLE_ASSIGNMENT((#994));
#996=STYLED_ITEM('',(#995),#993);
#997=DIRECTION('',(2.035585949528E-1,-9.576678948580E-1,-2.035585949528E-1));
#998=VECTOR('',#997,3.348563926524E-1);
#999=CARTESIAN_POINT('',(-2.102161868812E0,-1.501099524506E-1,
2.499976628885E0));
#1000=LINE('',#999,#998);
#1001=CURVE_STYLE('',#35,POSITIVE_LENGTH_MEASURE(2.E-2),#29);
#1002=PRESENTATION_STYLE_ASSIGNMENT((#1001));
#1003=STYLED_ITEM('',(#1002),#1000);
#1004=CARTESIAN_POINT('',(-2.1E0,-1.5E-1,2.5E0));
#1005=CARTESIAN_POINT('',(-2.100722566200E0,-1.5E-1,2.5E0));
#1006=CARTESIAN_POINT('',(-2.101443179163E0,-1.500368389259E-1,
2.499992169645E0));
#1007=CARTESIAN_POINT('',(-2.102161868812E0,-1.501099524506E-1,
2.499976628885E0));
#1009=CURVE_STYLE('',#35,POSITIVE_LENGTH_MEASURE(2.E-2),#29);
#1010=PRESENTATION_STYLE_ASSIGNMENT((#1009));
#1011=STYLED_ITEM('',(#1010),#1008);
#1012=CARTESIAN_POINT('',(2.102161868812E0,-1.501099524506E-1,
2.499976628885E0));
#1013=CARTESIAN_POINT('',(2.101443179163E0,-1.500368389259E-1,
2.499992169645E0));
#1014=CARTESIAN_POINT('',(2.100722566200E0,-1.5E-1,2.5E0));
#1015=CARTESIAN_POINT('',(2.1E0,-1.5E-1,2.5E0));
#1017=CURVE_STYLE('',#35,POSITIVE_LENGTH_MEASURE(2.E-2),#29);
#1018=PRESENTATION_STYLE_ASSIGNMENT((#1017));
#1019=STYLED_ITEM('',(#1018),#1016);
#1020=CARTESIAN_POINT('',(2.033998972012E0,-4.5E-1,-2.333998972012E0));
#1021=DIRECTION('',(0.E0,0.E0,-1.E0));
#1022=DIRECTION('',(9.781476007338E-1,-2.079116908178E-1,0.E0));
#1023=AXIS2_PLACEMENT_3D('',#1020,#1021,#1022);
#1025=CURVE_STYLE('',#35,POSITIVE_LENGTH_MEASURE(2.E-2),#29);
#1026=PRESENTATION_STYLE_ASSIGNMENT((#1025));
#1027=STYLED_ITEM('',(#1026),#1024);
#1028=CARTESIAN_POINT('',(2.033998972012E0,-4.5E-1,-2.333998972012E0));
#1029=DIRECTION('',(-2.035585949528E-1,-9.576678948580E-1,2.035585949528E-1));
#1030=DIRECTION('',(0.E0,-2.079116908178E-1,-9.781476007338E-1));
#1031=AXIS2_PLACEMENT_3D('',#1028,#1029,#1030);
#1033=CURVE_STYLE('',#35,POSITIVE_LENGTH_MEASURE(2.E-2),#29);
#1034=PRESENTATION_STYLE_ASSIGNMENT((#1033));
#1035=STYLED_ITEM('',(#1034),#1032);
#1036=CARTESIAN_POINT('',(2.033998972012E0,-4.5E-1,-2.333998972012E0));
#1037=DIRECTION('',(1.E0,0.E0,0.E0));
#1038=DIRECTION('',(0.E0,-1.E0,0.E0));
#1039=AXIS2_PLACEMENT_3D('',#1036,#1037,#1038);
#1041=CURVE_STYLE('',#35,POSITIVE_LENGTH_MEASURE(2.E-2),#29);
#1042=PRESENTATION_STYLE_ASSIGNMENT((#1041));
#1043=STYLED_ITEM('',(#1042),#1040);
#1044=CARTESIAN_POINT('',(-2.033998972012E0,-4.5E-1,-2.333998972012E0));
#1045=DIRECTION('',(-1.E0,0.E0,0.E0));
#1046=DIRECTION('',(0.E0,-2.079116908178E-1,-9.781476007338E-1));
#1047=AXIS2_PLACEMENT_3D('',#1044,#1045,#1046);
#1049=CURVE_STYLE('',#35,POSITIVE_LENGTH_MEASURE(2.E-2),#29);
#1050=PRESENTATION_STYLE_ASSIGNMENT((#1049));
#1051=STYLED_ITEM('',(#1050),#1048);
#1052=CARTESIAN_POINT('',(-2.033998972012E0,-4.5E-1,-2.333998972012E0));
#1053=DIRECTION('',(2.035585949528E-1,-9.576678948580E-1,2.035585949528E-1));
#1054=DIRECTION('',(-9.781476007338E-1,-2.079116908178E-1,0.E0));
#1055=AXIS2_PLACEMENT_3D('',#1052,#1053,#1054);
#1057=CURVE_STYLE('',#35,POSITIVE_LENGTH_MEASURE(2.E-2),#29);
#1058=PRESENTATION_STYLE_ASSIGNMENT((#1057));
#1059=STYLED_ITEM('',(#1058),#1056);
#1060=CARTESIAN_POINT('',(-2.033998972012E0,-4.5E-1,-2.333998972012E0));
#1061=DIRECTION('',(0.E0,0.E0,-1.E0));
#1062=DIRECTION('',(0.E0,-1.E0,0.E0));
#1063=AXIS2_PLACEMENT_3D('',#1060,#1061,#1062);
#1065=CURVE_STYLE('',#35,POSITIVE_LENGTH_MEASURE(2.E-2),#29);
#1066=PRESENTATION_STYLE_ASSIGNMENT((#1065));
#1067=STYLED_ITEM('',(#1066),#1064);
#1068=DIRECTION('',(0.E0,1.E0,0.E0));
#1069=VECTOR('',#1068,1.5E-1);
#1070=CARTESIAN_POINT('',(-1.499528454287E-1,-5.5E-1,1.922405165973E0));
#1071=LINE('',#1070,#1069);
#1072=CURVE_STYLE('',#35,POSITIVE_LENGTH_MEASURE(2.E-2),#29);
#1073=PRESENTATION_STYLE_ASSIGNMENT((#1072));
#1074=STYLED_ITEM('',(#1073),#1071);
#1075=DIRECTION('',(0.E0,1.E0,0.E0));
#1076=VECTOR('',#1075,1.5E-1);
#1077=CARTESIAN_POINT('',(1.499528454286E-1,-5.5E-1,1.922405165973E0));
#1078=LINE('',#1077,#1076);
#1079=CURVE_STYLE('',#35,POSITIVE_LENGTH_MEASURE(2.E-2),#29);
#1080=PRESENTATION_STYLE_ASSIGNMENT((#1079));
#1081=STYLED_ITEM('',(#1080),#1078);
#1082=DIRECTION('',(0.E0,1.E0,0.E0));
#1083=VECTOR('',#1082,1.5E-1);
#1084=CARTESIAN_POINT('',(1.499528454286E-1,-5.5E-1,1.815000000001E0));
#1085=LINE('',#1084,#1083);
#1086=CURVE_STYLE('',#35,POSITIVE_LENGTH_MEASURE(2.E-2),#29);
#1087=PRESENTATION_STYLE_ASSIGNMENT((#1086));
#1088=STYLED_ITEM('',(#1087),#1085);
#1089=DIRECTION('',(0.E0,1.E0,0.E0));
#1090=VECTOR('',#1089,1.5E-1);
#1091=CARTESIAN_POINT('',(2.499528454284E-1,-5.5E-1,1.815000000001E0));
#1092=LINE('',#1091,#1090);
#1093=CURVE_STYLE('',#35,POSITIVE_LENGTH_MEASURE(2.E-2),#29);
#1094=PRESENTATION_STYLE_ASSIGNMENT((#1093));
#1095=STYLED_ITEM('',(#1094),#1092);
#1096=DIRECTION('',(0.E0,1.E0,0.E0));
#1097=VECTOR('',#1096,1.5E-1);
#1098=CARTESIAN_POINT('',(2.499528454284E-1,-5.5E-1,1.685000000001E0));
#1099=LINE('',#1098,#1097);
#1100=CURVE_STYLE('',#35,POSITIVE_LENGTH_MEASURE(2.E-2),#29);
#1101=PRESENTATION_STYLE_ASSIGNMENT((#1100));
#1102=STYLED_ITEM('',(#1101),#1099);
#1103=DIRECTION('',(0.E0,1.E0,0.E0));
#1104=VECTOR('',#1103,1.5E-1);
#1105=CARTESIAN_POINT('',(1.390000000082E0,-5.5E-1,1.685000000002E0));
#1106=LINE('',#1105,#1104);
#1107=CURVE_STYLE('',#35,POSITIVE_LENGTH_MEASURE(2.E-2),#29);
#1108=PRESENTATION_STYLE_ASSIGNMENT((#1107));
#1109=STYLED_ITEM('',(#1108),#1106);
#1110=DIRECTION('',(0.E0,1.E0,0.E0));
#1111=VECTOR('',#1110,1.5E-1);
#1112=CARTESIAN_POINT('',(1.390000000008E0,-5.5E-1,-1.628118200196E0));
#1113=LINE('',#1112,#1111);
#1114=CURVE_STYLE('',#35,POSITIVE_LENGTH_MEASURE(2.E-2),#29);
#1115=PRESENTATION_STYLE_ASSIGNMENT((#1114));
#1116=STYLED_ITEM('',(#1115),#1113);
#1117=DIRECTION('',(0.E0,1.E0,0.E0));
#1118=VECTOR('',#1117,1.5E-1);
#1119=CARTESIAN_POINT('',(1.520000000008E0,-5.5E-1,-1.628118200196E0));
#1120=LINE('',#1119,#1118);
#1121=CURVE_STYLE('',#35,POSITIVE_LENGTH_MEASURE(2.E-2),#29);
#1122=PRESENTATION_STYLE_ASSIGNMENT((#1121));
#1123=STYLED_ITEM('',(#1122),#1120);
#1124=DIRECTION('',(0.E0,1.E0,-2.308523742537E-11));
#1125=VECTOR('',#1124,1.5E-1);
#1126=CARTESIAN_POINT('',(1.52E0,-5.5E-1,-1.949999999999E0));
#1127=LINE('',#1126,#1125);
#1128=CURVE_STYLE('',#35,POSITIVE_LENGTH_MEASURE(2.E-2),#29);
#1129=PRESENTATION_STYLE_ASSIGNMENT((#1128));
#1130=STYLED_ITEM('',(#1129),#1127);
#1131=DIRECTION('',(1.006602208993E-13,1.E0,0.E0));
#1132=VECTOR('',#1131,1.5E-1);
#1133=CARTESIAN_POINT('',(1.37E0,-5.5E-1,-2.099999999999E0));
#1134=LINE('',#1133,#1132);
#1135=CURVE_STYLE('',#35,POSITIVE_LENGTH_MEASURE(2.E-2),#29);
#1136=PRESENTATION_STYLE_ASSIGNMENT((#1135));
#1137=STYLED_ITEM('',(#1136),#1134);
#1138=DIRECTION('',(0.E0,1.E0,0.E0));
#1139=VECTOR('',#1138,1.5E-1);
#1140=CARTESIAN_POINT('',(1.220000000550E0,-5.5E-1,-2.099999999999E0));
#1141=LINE('',#1140,#1139);
#1142=CURVE_STYLE('',#35,POSITIVE_LENGTH_MEASURE(2.E-2),#29);
#1143=PRESENTATION_STYLE_ASSIGNMENT((#1142));
#1144=STYLED_ITEM('',(#1143),#1141);
#1145=DIRECTION('',(0.E0,1.E0,0.E0));
#1146=VECTOR('',#1145,1.5E-1);
#1147=CARTESIAN_POINT('',(1.220000000550E0,-5.5E-1,-1.908118200196E0));
#1148=LINE('',#1147,#1146);
#1149=CURVE_STYLE('',#35,POSITIVE_LENGTH_MEASURE(2.E-2),#29);
#1150=PRESENTATION_STYLE_ASSIGNMENT((#1149));
#1151=STYLED_ITEM('',(#1150),#1148);
#1152=DIRECTION('',(-2.072416312634E-14,1.E0,0.E0));
#1153=VECTOR('',#1152,1.5E-1);
#1154=CARTESIAN_POINT('',(1.240000000549E0,-5.5E-1,-1.908118200196E0));
#1155=LINE('',#1154,#1153);
#1156=CURVE_STYLE('',#35,POSITIVE_LENGTH_MEASURE(2.E-2),#29);
#1157=PRESENTATION_STYLE_ASSIGNMENT((#1156));
#1158=STYLED_ITEM('',(#1157),#1155);
#1159=DIRECTION('',(0.E0,1.E0,-5.417888360171E-13));
#1160=VECTOR('',#1159,1.5E-1);
#1161=CARTESIAN_POINT('',(1.320000000549E0,-5.5E-1,-1.828118200196E0));
#1162=LINE('',#1161,#1160);
#1163=CURVE_STYLE('',#35,POSITIVE_LENGTH_MEASURE(2.E-2),#29);
#1164=PRESENTATION_STYLE_ASSIGNMENT((#1163));
#1165=STYLED_ITEM('',(#1164),#1162);
#1166=DIRECTION('',(0.E0,1.E0,-1.302661682227E-13));
#1167=VECTOR('',#1166,1.5E-1);
#1168=CARTESIAN_POINT('',(1.320000000549E0,-5.5E-1,-1.816236400394E0));
#1169=LINE('',#1168,#1167);
#1170=CURVE_STYLE('',#35,POSITIVE_LENGTH_MEASURE(2.E-2),#29);
#1171=PRESENTATION_STYLE_ASSIGNMENT((#1170));
#1172=STYLED_ITEM('',(#1171),#1169);
#1173=DIRECTION('',(0.E0,1.E0,0.E0));
#1174=VECTOR('',#1173,1.5E-1);
#1175=CARTESIAN_POINT('',(1.220000000549E0,-5.5E-1,-1.716236400394E0));
#1176=LINE('',#1175,#1174);
#1177=CURVE_STYLE('',#35,POSITIVE_LENGTH_MEASURE(2.E-2),#29);
#1178=PRESENTATION_STYLE_ASSIGNMENT((#1177));
#1179=STYLED_ITEM('',(#1178),#1176);
#1180=DIRECTION('',(0.E0,1.E0,0.E0));
#1181=VECTOR('',#1180,1.5E-1);
#1182=CARTESIAN_POINT('',(1.220000000549E0,-5.5E-1,-1.628118200196E0));
#1183=LINE('',#1182,#1181);
#1184=CURVE_STYLE('',#35,POSITIVE_LENGTH_MEASURE(2.E-2),#29);
#1185=PRESENTATION_STYLE_ASSIGNMENT((#1184));
#1186=STYLED_ITEM('',(#1185),#1183);
#1187=DIRECTION('',(0.E0,1.E0,0.E0));
#1188=VECTOR('',#1187,1.5E-1);
#1189=CARTESIAN_POINT('',(-1.220000000549E0,-5.5E-1,-1.628118200196E0));
#1190=LINE('',#1189,#1188);
#1191=CURVE_STYLE('',#35,POSITIVE_LENGTH_MEASURE(2.E-2),#29);
#1192=PRESENTATION_STYLE_ASSIGNMENT((#1191));
#1193=STYLED_ITEM('',(#1192),#1190);
#1194=DIRECTION('',(0.E0,1.E0,0.E0));
#1195=VECTOR('',#1194,1.5E-1);
#1196=CARTESIAN_POINT('',(-1.220000000549E0,-5.5E-1,-1.716236400394E0));
#1197=LINE('',#1196,#1195);
#1198=CURVE_STYLE('',#35,POSITIVE_LENGTH_MEASURE(2.E-2),#29);
#1199=PRESENTATION_STYLE_ASSIGNMENT((#1198));
#1200=STYLED_ITEM('',(#1199),#1197);
#1201=DIRECTION('',(0.E0,1.E0,-1.199040866595E-13));
#1202=VECTOR('',#1201,1.5E-1);
#1203=CARTESIAN_POINT('',(-1.320000000549E0,-5.5E-1,-1.816236400394E0));
#1204=LINE('',#1203,#1202);
#1205=CURVE_STYLE('',#35,POSITIVE_LENGTH_MEASURE(2.E-2),#29);
#1206=PRESENTATION_STYLE_ASSIGNMENT((#1205));
#1207=STYLED_ITEM('',(#1206),#1204);
#1208=DIRECTION('',(0.E0,1.E0,-5.802765675374E-13));
#1209=VECTOR('',#1208,1.5E-1);
#1210=CARTESIAN_POINT('',(-1.320000000549E0,-5.5E-1,-1.828118200196E0));
#1211=LINE('',#1210,#1209);
#1212=CURVE_STYLE('',#35,POSITIVE_LENGTH_MEASURE(2.E-2),#29);
#1213=PRESENTATION_STYLE_ASSIGNMENT((#1212));
#1214=STYLED_ITEM('',(#1213),#1211);
#1215=DIRECTION('',(2.664535259100E-14,1.E0,0.E0));
#1216=VECTOR('',#1215,1.5E-1);
#1217=CARTESIAN_POINT('',(-1.240000000549E0,-5.5E-1,-1.908118200196E0));
#1218=LINE('',#1217,#1216);
#1219=CURVE_STYLE('',#35,POSITIVE_LENGTH_MEASURE(2.E-2),#29);
#1220=PRESENTATION_STYLE_ASSIGNMENT((#1219));
#1221=STYLED_ITEM('',(#1220),#1218);
#1222=DIRECTION('',(0.E0,1.E0,0.E0));
#1223=VECTOR('',#1222,1.5E-1);
#1224=CARTESIAN_POINT('',(-1.220000000549E0,-5.5E-1,-1.908118200196E0));
#1225=LINE('',#1224,#1223);
#1226=CURVE_STYLE('',#35,POSITIVE_LENGTH_MEASURE(2.E-2),#29);
#1227=PRESENTATION_STYLE_ASSIGNMENT((#1226));
#1228=STYLED_ITEM('',(#1227),#1225);
#1229=DIRECTION('',(0.E0,1.E0,0.E0));
#1230=VECTOR('',#1229,1.5E-1);
#1231=CARTESIAN_POINT('',(-1.220000000550E0,-5.5E-1,-2.099999999999E0));
#1232=LINE('',#1231,#1230);
#1233=CURVE_STYLE('',#35,POSITIVE_LENGTH_MEASURE(2.E-2),#29);
#1234=PRESENTATION_STYLE_ASSIGNMENT((#1233));
#1235=STYLED_ITEM('',(#1234),#1232);
#1236=DIRECTION('',(-1.213843840257E-13,1.E0,0.E0));
#1237=VECTOR('',#1236,1.5E-1);
#1238=CARTESIAN_POINT('',(-1.37E0,-5.5E-1,-2.099999999999E0));
#1239=LINE('',#1238,#1237);
#1240=CURVE_STYLE('',#35,POSITIVE_LENGTH_MEASURE(2.E-2),#29);
#1241=PRESENTATION_STYLE_ASSIGNMENT((#1240));
#1242=STYLED_ITEM('',(#1241),#1239);
#1243=DIRECTION('',(0.E0,1.E0,-2.309263891220E-11));
#1244=VECTOR('',#1243,1.5E-1);
#1245=CARTESIAN_POINT('',(-1.52E0,-5.5E-1,-1.949999999999E0));
#1246=LINE('',#1245,#1244);
#1247=CURVE_STYLE('',#35,POSITIVE_LENGTH_MEASURE(2.E-2),#29);
#1248=PRESENTATION_STYLE_ASSIGNMENT((#1247));
#1249=STYLED_ITEM('',(#1248),#1246);
#1250=DIRECTION('',(0.E0,1.E0,0.E0));
#1251=VECTOR('',#1250,1.5E-1);
#1252=CARTESIAN_POINT('',(-1.520000000008E0,-5.5E-1,-1.628118200196E0));
#1253=LINE('',#1252,#1251);
#1254=CURVE_STYLE('',#35,POSITIVE_LENGTH_MEASURE(2.E-2),#29);
#1255=PRESENTATION_STYLE_ASSIGNMENT((#1254));
#1256=STYLED_ITEM('',(#1255),#1253);
#1257=DIRECTION('',(0.E0,1.E0,0.E0));
#1258=VECTOR('',#1257,1.5E-1);
#1259=CARTESIAN_POINT('',(-1.390000000008E0,-5.5E-1,-1.628118200196E0));
#1260=LINE('',#1259,#1258);
#1261=CURVE_STYLE('',#35,POSITIVE_LENGTH_MEASURE(2.E-2),#29);
#1262=PRESENTATION_STYLE_ASSIGNMENT((#1261));
#1263=STYLED_ITEM('',(#1262),#1260);
#1264=DIRECTION('',(0.E0,1.E0,0.E0));
#1265=VECTOR('',#1264,1.5E-1);
#1266=CARTESIAN_POINT('',(-1.390000000082E0,-5.5E-1,1.685000000002E0));
#1267=LINE('',#1266,#1265);
#1268=CURVE_STYLE('',#35,POSITIVE_LENGTH_MEASURE(2.E-2),#29);
#1269=PRESENTATION_STYLE_ASSIGNMENT((#1268));
#1270=STYLED_ITEM('',(#1269),#1267);
#1271=DIRECTION('',(0.E0,1.E0,0.E0));
#1272=VECTOR('',#1271,1.5E-1);
#1273=CARTESIAN_POINT('',(-2.499528454284E-1,-5.5E-1,1.685000000001E0));
#1274=LINE('',#1273,#1272);
#1275=CURVE_STYLE('',#35,POSITIVE_LENGTH_MEASURE(2.E-2),#29);
#1276=PRESENTATION_STYLE_ASSIGNMENT((#1275));
#1277=STYLED_ITEM('',(#1276),#1274);
#1278=DIRECTION('',(0.E0,1.E0,0.E0));
#1279=VECTOR('',#1278,1.5E-1);
#1280=CARTESIAN_POINT('',(-2.499528454284E-1,-5.5E-1,1.815000000001E0));
#1281=LINE('',#1280,#1279);
#1282=CURVE_STYLE('',#35,POSITIVE_LENGTH_MEASURE(2.E-2),#29);
#1283=PRESENTATION_STYLE_ASSIGNMENT((#1282));
#1284=STYLED_ITEM('',(#1283),#1281);
#1285=DIRECTION('',(0.E0,1.E0,0.E0));
#1286=VECTOR('',#1285,1.5E-1);
#1287=CARTESIAN_POINT('',(-1.499528454287E-1,-5.5E-1,1.815000000001E0));
#1288=LINE('',#1287,#1286);
#1289=CURVE_STYLE('',#35,POSITIVE_LENGTH_MEASURE(2.E-2),#29);
#1290=PRESENTATION_STYLE_ASSIGNMENT((#1289));
#1291=STYLED_ITEM('',(#1290),#1288);
#1292=DIRECTION('',(1.E0,0.E0,0.E0));
#1293=VECTOR('',#1292,2.999056908573E-1);
#1294=CARTESIAN_POINT('',(-1.499528454287E-1,-4.E-1,1.922405165973E0));
#1295=LINE('',#1294,#1293);
#1296=CURVE_STYLE('',#35,POSITIVE_LENGTH_MEASURE(2.E-2),#29);
#1297=PRESENTATION_STYLE_ASSIGNMENT((#1296));
#1298=STYLED_ITEM('',(#1297),#1295);
#1299=DIRECTION('',(-3.315520551779E-13,0.E0,-1.E0));
#1300=VECTOR('',#1299,1.074051659723E-1);
#1301=CARTESIAN_POINT('',(1.499528454286E-1,-4.E-1,1.922405165973E0));
#1302=LINE('',#1301,#1300);
#1303=CURVE_STYLE('',#35,POSITIVE_LENGTH_MEASURE(2.E-2),#29);
#1304=PRESENTATION_STYLE_ASSIGNMENT((#1303));
#1305=STYLED_ITEM('',(#1304),#1302);
#1306=DIRECTION('',(1.E0,0.E0,8.903988657510E-13));
#1307=VECTOR('',#1306,9.999999999982E-2);
#1308=CARTESIAN_POINT('',(1.499528454286E-1,-4.E-1,1.815000000001E0));
#1309=LINE('',#1308,#1307);
#1310=CURVE_STYLE('',#35,POSITIVE_LENGTH_MEASURE(2.E-2),#29);
#1311=PRESENTATION_STYLE_ASSIGNMENT((#1310));
#1312=STYLED_ITEM('',(#1311),#1309);
#1313=DIRECTION('',(0.E0,0.E0,-1.E0));
#1314=VECTOR('',#1313,1.3E-1);
#1315=CARTESIAN_POINT('',(2.499528454284E-1,-4.E-1,1.815000000001E0));
#1316=LINE('',#1315,#1314);
#1317=CURVE_STYLE('',#35,POSITIVE_LENGTH_MEASURE(2.E-2),#29);
#1318=PRESENTATION_STYLE_ASSIGNMENT((#1317));
#1319=STYLED_ITEM('',(#1318),#1316);
#1320=DIRECTION('',(1.E0,0.E0,8.778189834620E-13));
#1321=VECTOR('',#1320,1.140047154654E0);
#1322=CARTESIAN_POINT('',(2.499528454284E-1,-4.E-1,1.685000000001E0));
#1323=LINE('',#1322,#1321);
#1324=CURVE_STYLE('',#35,POSITIVE_LENGTH_MEASURE(2.E-2),#29);
#1325=PRESENTATION_STYLE_ASSIGNMENT((#1324));
#1326=STYLED_ITEM('',(#1325),#1323);
#1327=DIRECTION('',(-2.255103207441E-11,0.E0,-1.E0));
#1328=VECTOR('',#1327,3.313118200198E0);
#1329=CARTESIAN_POINT('',(1.390000000082E0,-4.E-1,1.685000000002E0));
#1330=LINE('',#1329,#1328);
#1331=CURVE_STYLE('',#35,POSITIVE_LENGTH_MEASURE(2.E-2),#29);
#1332=PRESENTATION_STYLE_ASSIGNMENT((#1331));
#1333=STYLED_ITEM('',(#1332),#1330);
#1334=DIRECTION('',(1.E0,0.E0,0.E0));
#1335=VECTOR('',#1334,1.3E-1);
#1336=CARTESIAN_POINT('',(1.390000000008E0,-4.E-1,-1.628118200196E0));
#1337=LINE('',#1336,#1335);
#1338=CURVE_STYLE('',#35,POSITIVE_LENGTH_MEASURE(2.E-2),#29);
#1339=PRESENTATION_STYLE_ASSIGNMENT((#1338));
#1340=STYLED_ITEM('',(#1339),#1337);
#1341=DIRECTION('',(-2.269549724913E-11,0.E0,-1.E0));
#1342=VECTOR('',#1341,3.218817998056E-1);
#1343=CARTESIAN_POINT('',(1.520000000008E0,-4.E-1,-1.628118200196E0));
#1344=LINE('',#1343,#1342);
#1345=CURVE_STYLE('',#35,POSITIVE_LENGTH_MEASURE(2.E-2),#29);
#1346=PRESENTATION_STYLE_ASSIGNMENT((#1345));
#1347=STYLED_ITEM('',(#1346),#1344);
#1348=CARTESIAN_POINT('',(1.37E0,-4.E-1,-1.949999999999E0));
#1349=DIRECTION('',(0.E0,1.E0,0.E0));
#1350=DIRECTION('',(1.E0,0.E0,-2.269591921808E-11));
#1351=AXIS2_PLACEMENT_3D('',#1348,#1349,#1350);
#1353=CURVE_STYLE('',#35,POSITIVE_LENGTH_MEASURE(2.E-2),#29);
#1354=PRESENTATION_STYLE_ASSIGNMENT((#1353));
#1355=STYLED_ITEM('',(#1354),#1352);
#1356=DIRECTION('',(-1.E0,0.E0,-1.480297371588E-14));
#1357=VECTOR('',#1356,1.499999994506E-1);
#1358=CARTESIAN_POINT('',(1.37E0,-4.E-1,-2.099999999999E0));
#1359=LINE('',#1358,#1357);
#1360=CURVE_STYLE('',#35,POSITIVE_LENGTH_MEASURE(2.E-2),#29);
#1361=PRESENTATION_STYLE_ASSIGNMENT((#1360));
#1362=STYLED_ITEM('',(#1361),#1359);
#1363=DIRECTION('',(-9.396421098045E-13,0.E0,1.E0));
#1364=VECTOR('',#1363,1.918817998021E-1);
#1365=CARTESIAN_POINT('',(1.220000000550E0,-4.E-1,-2.099999999999E0));
#1366=LINE('',#1365,#1364);
#1367=CURVE_STYLE('',#35,POSITIVE_LENGTH_MEASURE(2.E-2),#29);
#1368=PRESENTATION_STYLE_ASSIGNMENT((#1367));
#1369=STYLED_ITEM('',(#1368),#1366);
#1370=DIRECTION('',(1.E0,0.E0,-1.110223024634E-14));
#1371=VECTOR('',#1370,1.999999999984E-2);
#1372=CARTESIAN_POINT('',(1.220000000550E0,-4.E-1,-1.908118200196E0));
#1373=LINE('',#1372,#1371);
#1374=CURVE_STYLE('',#35,POSITIVE_LENGTH_MEASURE(2.E-2),#29);
#1375=PRESENTATION_STYLE_ASSIGNMENT((#1374));
#1376=STYLED_ITEM('',(#1375),#1373);
#1377=CARTESIAN_POINT('',(1.240000000549E0,-4.E-1,-1.828118200196E0));
#1378=DIRECTION('',(0.E0,-1.E0,0.E0));
#1379=DIRECTION('',(0.E0,0.E0,-1.E0));
#1380=AXIS2_PLACEMENT_3D('',#1377,#1378,#1379);
#1382=CURVE_STYLE('',#35,POSITIVE_LENGTH_MEASURE(2.E-2),#29);
#1383=PRESENTATION_STYLE_ASSIGNMENT((#1382));
#1384=STYLED_ITEM('',(#1383),#1381);
#1385=DIRECTION('',(-1.495023371032E-13,0.E0,1.E0));
#1386=VECTOR('',#1385,1.188179980206E-2);
#1387=CARTESIAN_POINT('',(1.320000000549E0,-4.E-1,-1.828118200196E0));
#1388=LINE('',#1387,#1386);
#1389=CURVE_STYLE('',#35,POSITIVE_LENGTH_MEASURE(2.E-2),#29);
#1390=PRESENTATION_STYLE_ASSIGNMENT((#1389));
#1391=STYLED_ITEM('',(#1390),#1388);
#1392=CARTESIAN_POINT('',(1.220000000549E0,-4.E-1,-1.816236400394E0));
#1393=DIRECTION('',(0.E0,-1.E0,0.E0));
#1394=DIRECTION('',(1.E0,0.E0,0.E0));
#1395=AXIS2_PLACEMENT_3D('',#1392,#1393,#1394);
#1397=CURVE_STYLE('',#35,POSITIVE_LENGTH_MEASURE(2.E-2),#29);
#1398=PRESENTATION_STYLE_ASSIGNMENT((#1397));
#1399=STYLED_ITEM('',(#1398),#1396);
#1400=DIRECTION('',(5.165691526537E-13,0.E0,1.E0));
#1401=VECTOR('',#1400,8.811820019797E-2);
#1402=CARTESIAN_POINT('',(1.220000000549E0,-4.E-1,-1.716236400394E0));
#1403=LINE('',#1402,#1401);
#1404=CURVE_STYLE('',#35,POSITIVE_LENGTH_MEASURE(2.E-2),#29);
#1405=PRESENTATION_STYLE_ASSIGNMENT((#1404));
#1406=STYLED_ITEM('',(#1405),#1403);
#1407=DIRECTION('',(-1.E0,0.E0,0.E0));
#1408=VECTOR('',#1407,2.440000001099E0);
#1409=CARTESIAN_POINT('',(1.220000000549E0,-4.E-1,-1.628118200196E0));
#1410=LINE('',#1409,#1408);
#1411=CURVE_STYLE('',#35,POSITIVE_LENGTH_MEASURE(2.E-2),#29);
#1412=PRESENTATION_STYLE_ASSIGNMENT((#1411));
#1413=STYLED_ITEM('',(#1412),#1410);
#1414=DIRECTION('',(5.165691526537E-13,0.E0,-1.E0));
#1415=VECTOR('',#1414,8.811820019797E-2);
#1416=CARTESIAN_POINT('',(-1.220000000549E0,-4.E-1,-1.628118200196E0));
#1417=LINE('',#1416,#1415);
#1418=CURVE_STYLE('',#35,POSITIVE_LENGTH_MEASURE(2.E-2),#29);
#1419=PRESENTATION_STYLE_ASSIGNMENT((#1418));
#1420=STYLED_ITEM('',(#1419),#1417);
#1421=CARTESIAN_POINT('',(-1.220000000549E0,-4.E-1,-1.816236400394E0));
#1422=DIRECTION('',(0.E0,-1.E0,0.E0));
#1423=DIRECTION('',(8.126832540259E-13,0.E0,1.E0));
#1424=AXIS2_PLACEMENT_3D('',#1421,#1422,#1423);
#1426=CURVE_STYLE('',#35,POSITIVE_LENGTH_MEASURE(2.E-2),#29);
#1427=PRESENTATION_STYLE_ASSIGNMENT((#1426));
#1428=STYLED_ITEM('',(#1427),#1425);
#1429=DIRECTION('',(0.E0,0.E0,-1.E0));
#1430=VECTOR('',#1429,1.188179980206E-2);
#1431=CARTESIAN_POINT('',(-1.320000000549E0,-4.E-1,-1.816236400394E0));
#1432=LINE('',#1431,#1430);
#1433=CURVE_STYLE('',#35,POSITIVE_LENGTH_MEASURE(2.E-2),#29);
#1434=PRESENTATION_STYLE_ASSIGNMENT((#1433));
#1435=STYLED_ITEM('',(#1434),#1432);
#1436=CARTESIAN_POINT('',(-1.240000000549E0,-4.E-1,-1.828118200196E0));
#1437=DIRECTION('',(0.E0,-1.E0,0.E0));
#1438=DIRECTION('',(-1.E0,0.E0,0.E0));
#1439=AXIS2_PLACEMENT_3D('',#1436,#1437,#1438);
#1441=CURVE_STYLE('',#35,POSITIVE_LENGTH_MEASURE(2.E-2),#29);
#1442=PRESENTATION_STYLE_ASSIGNMENT((#1441));
#1443=STYLED_ITEM('',(#1442),#1440);
#1444=DIRECTION('',(1.E0,0.E0,0.E0));
#1445=VECTOR('',#1444,1.999999999984E-2);
#1446=CARTESIAN_POINT('',(-1.240000000549E0,-4.E-1,-1.908118200196E0));
#1447=LINE('',#1446,#1445);
#1448=CURVE_STYLE('',#35,POSITIVE_LENGTH_MEASURE(2.E-2),#29);
#1449=PRESENTATION_STYLE_ASSIGNMENT((#1448));
#1450=STYLED_ITEM('',(#1449),#1447);
#1451=DIRECTION('',(-9.523712516860E-13,0.E0,-1.E0));
#1452=VECTOR('',#1451,1.918817998021E-1);
#1453=CARTESIAN_POINT('',(-1.220000000549E0,-4.E-1,-1.908118200196E0));
#1454=LINE('',#1453,#1452);
#1455=CURVE_STYLE('',#35,POSITIVE_LENGTH_MEASURE(2.E-2),#29);
#1456=PRESENTATION_STYLE_ASSIGNMENT((#1455));
#1457=STYLED_ITEM('',(#1456),#1454);
#1458=DIRECTION('',(-1.E0,0.E0,0.E0));
#1459=VECTOR('',#1458,1.499999994507E-1);
#1460=CARTESIAN_POINT('',(-1.220000000550E0,-4.E-1,-2.099999999999E0));
#1461=LINE('',#1460,#1459);
#1462=CURVE_STYLE('',#35,POSITIVE_LENGTH_MEASURE(2.E-2),#29);
#1463=PRESENTATION_STYLE_ASSIGNMENT((#1462));
#1464=STYLED_ITEM('',(#1463),#1461);
#1465=CARTESIAN_POINT('',(-1.37E0,-4.E-1,-1.949999999999E0));
#1466=DIRECTION('',(0.E0,1.E0,0.E0));
#1467=DIRECTION('',(0.E0,0.E0,-1.E0));
#1468=AXIS2_PLACEMENT_3D('',#1465,#1466,#1467);
#1470=CURVE_STYLE('',#35,POSITIVE_LENGTH_MEASURE(2.E-2),#29);
#1471=PRESENTATION_STYLE_ASSIGNMENT((#1470));
#1472=STYLED_ITEM('',(#1471),#1469);
#1473=DIRECTION('',(-2.270308540931E-11,0.E0,1.E0));
#1474=VECTOR('',#1473,3.218817998056E-1);
#1475=CARTESIAN_POINT('',(-1.52E0,-4.E-1,-1.950000000002E0));
#1476=LINE('',#1475,#1474);
#1477=CURVE_STYLE('',#35,POSITIVE_LENGTH_MEASURE(2.E-2),#29);
#1478=PRESENTATION_STYLE_ASSIGNMENT((#1477));
#1479=STYLED_ITEM('',(#1478),#1476);
#1480=DIRECTION('',(1.E0,0.E0,0.E0));
#1481=VECTOR('',#1480,1.3E-1);
#1482=CARTESIAN_POINT('',(-1.520000000008E0,-4.E-1,-1.628118200196E0));
#1483=LINE('',#1482,#1481);
#1484=CURVE_STYLE('',#35,POSITIVE_LENGTH_MEASURE(2.E-2),#29);
#1485=PRESENTATION_STYLE_ASSIGNMENT((#1484));
#1486=STYLED_ITEM('',(#1485),#1483);
#1487=DIRECTION('',(-2.255183631232E-11,0.E0,1.E0));
#1488=VECTOR('',#1487,3.313118200198E0);
#1489=CARTESIAN_POINT('',(-1.390000000008E0,-4.E-1,-1.628118200196E0));
#1490=LINE('',#1489,#1488);
#1491=CURVE_STYLE('',#35,POSITIVE_LENGTH_MEASURE(2.E-2),#29);
#1492=PRESENTATION_STYLE_ASSIGNMENT((#1491));
#1493=STYLED_ITEM('',(#1492),#1490);
#1494=DIRECTION('',(1.E0,0.E0,-8.778189834620E-13));
#1495=VECTOR('',#1494,1.140047154654E0);
#1496=CARTESIAN_POINT('',(-1.390000000082E0,-4.E-1,1.685000000002E0));
#1497=LINE('',#1496,#1495);
#1498=CURVE_STYLE('',#35,POSITIVE_LENGTH_MEASURE(2.E-2),#29);
#1499=PRESENTATION_STYLE_ASSIGNMENT((#1498));
#1500=STYLED_ITEM('',(#1499),#1497);
#1501=DIRECTION('',(0.E0,0.E0,1.E0));
#1502=VECTOR('',#1501,1.3E-1);
#1503=CARTESIAN_POINT('',(-2.499528454284E-1,-4.E-1,1.685000000001E0));
#1504=LINE('',#1503,#1502);
#1505=CURVE_STYLE('',#35,POSITIVE_LENGTH_MEASURE(2.E-2),#29);
#1506=PRESENTATION_STYLE_ASSIGNMENT((#1505));
#1507=STYLED_ITEM('',(#1506),#1504);
#1508=DIRECTION('',(1.E0,0.E0,-8.149037000775E-13));
#1509=VECTOR('',#1508,9.999999999968E-2);
#1510=CARTESIAN_POINT('',(-2.499528454284E-1,-4.E-1,1.815000000001E0));
#1511=LINE('',#1510,#1509);
#1512=CURVE_STYLE('',#35,POSITIVE_LENGTH_MEASURE(2.E-2),#29);
#1513=PRESENTATION_STYLE_ASSIGNMENT((#1512));
#1514=STYLED_ITEM('',(#1513),#1511);
#1515=DIRECTION('',(0.E0,0.E0,1.E0));
#1516=VECTOR('',#1515,1.074051659723E-1);
#1517=CARTESIAN_POINT('',(-1.499528454287E-1,-4.E-1,1.815000000001E0));
#1518=LINE('',#1517,#1516);
#1519=CURVE_STYLE('',#35,POSITIVE_LENGTH_MEASURE(2.E-2),#29);
#1520=PRESENTATION_STYLE_ASSIGNMENT((#1519));
#1521=STYLED_ITEM('',(#1520),#1518);
#1522=CARTESIAN_POINT('',(-1.E0,4.E-1,-1.7E0));
#1523=CARTESIAN_POINT('',(-1.8E0,4.E-1,-1.7E0));
#1524=VERTEX_POINT('',#1522);
#1525=VERTEX_POINT('',#1523);
#1526=CARTESIAN_POINT('',(-1.E0,4.5E-1,-1.7E0));
#1527=CARTESIAN_POINT('',(-1.8E0,4.5E-1,-1.7E0));
#1528=VERTEX_POINT('',#1526);
#1529=VERTEX_POINT('',#1527);
#1530=CARTESIAN_POINT('',(-2.131813732086E0,-4.707911690818E-1,
2.333998972012E0));
#1531=CARTESIAN_POINT('',(-2.131813732086E0,-4.707911690818E-1,
-2.333998972012E0));
#1532=VERTEX_POINT('',#1530);
#1533=VERTEX_POINT('',#1531);
#1534=CARTESIAN_POINT('',(-2.033998972012E0,-5.5E-1,2.333998972012E0));
#1535=CARTESIAN_POINT('',(-2.033998972012E0,-5.5E-1,-2.333998972012E0));
#1536=VERTEX_POINT('',#1534);
#1537=VERTEX_POINT('',#1535);
#1538=CARTESIAN_POINT('',(-2.121185904002E0,3.707911690818E-1,
-2.323371143929E0));
#1539=CARTESIAN_POINT('',(-2.121185904002E0,3.707911690818E-1,
2.323371143929E0));
#1540=VERTEX_POINT('',#1538);
#1541=VERTEX_POINT('',#1539);
#1542=CARTESIAN_POINT('',(-2.023371143929E0,4.5E-1,-2.323371143929E0));
#1543=CARTESIAN_POINT('',(-2.023371143929E0,4.5E-1,2.323371143929E0));
#1544=VERTEX_POINT('',#1542);
#1545=VERTEX_POINT('',#1543);
#1546=CARTESIAN_POINT('',(2.121185904002E0,3.707911690818E-1,2.323371143929E0));
#1547=CARTESIAN_POINT('',(2.121185904002E0,3.707911690818E-1,
-2.323371143929E0));
#1548=VERTEX_POINT('',#1546);
#1549=VERTEX_POINT('',#1547);
#1550=CARTESIAN_POINT('',(2.023371143929E0,4.5E-1,2.323371143929E0));
#1551=CARTESIAN_POINT('',(2.023371143929E0,4.5E-1,-2.323371143929E0));
#1552=VERTEX_POINT('',#1550);
#1553=VERTEX_POINT('',#1551);
#1554=CARTESIAN_POINT('',(2.199976628885E0,-1.501099524506E-1,
-2.402161868812E0));
#1555=CARTESIAN_POINT('',(2.131813732086E0,-4.707911690818E-1,
-2.333998972012E0));
#1556=VERTEX_POINT('',#1554);
#1557=VERTEX_POINT('',#1555);
#1558=CARTESIAN_POINT('',(2.102161868812E0,-1.501099524506E-1,
-2.499976628885E0));
#1559=CARTESIAN_POINT('',(2.033998972012E0,-4.707911690818E-1,
-2.431813732086E0));
#1560=VERTEX_POINT('',#1558);
#1561=VERTEX_POINT('',#1559);
#1562=CARTESIAN_POINT('',(2.1E0,0.E0,-2.5E0));
#1563=CARTESIAN_POINT('',(2.1E0,-1.5E-1,-2.5E0));
#1564=VERTEX_POINT('',#1562);
#1565=VERTEX_POINT('',#1563);
#1566=VERTEX_POINT('',#396);
#1567=CARTESIAN_POINT('',(2.2E0,0.E0,-2.4E0));
#1568=VERTEX_POINT('',#1567);
#1569=VERTEX_POINT('',#651);
#1570=VERTEX_POINT('',#590);
#1571=CARTESIAN_POINT('',(2.023371143929E0,3.707911690818E-1,
-2.421185904002E0));
#1572=VERTEX_POINT('',#1571);
#1573=CARTESIAN_POINT('',(-2.023371143929E0,3.707911690818E-1,
-2.421185904002E0));
#1574=VERTEX_POINT('',#1573);
#1575=CARTESIAN_POINT('',(-2.199976628885E0,1.099524505777E-4,
-2.402161868812E0));
#1576=VERTEX_POINT('',#1575);
#1577=CARTESIAN_POINT('',(-2.102161868812E0,1.099524505763E-4,
-2.499976628885E0));
#1578=VERTEX_POINT('',#1577);
#1579=CARTESIAN_POINT('',(-2.2E0,0.E0,-2.4E0));
#1580=CARTESIAN_POINT('',(-2.2E0,-1.5E-1,-2.4E0));
#1581=VERTEX_POINT('',#1579);
#1582=VERTEX_POINT('',#1580);
#1583=VERTEX_POINT('',#307);
#1584=VERTEX_POINT('',#342);
#1585=VERTEX_POINT('',#345);
#1586=CARTESIAN_POINT('',(-2.1E0,0.E0,-2.5E0));
#1587=VERTEX_POINT('',#1586);
#1588=CARTESIAN_POINT('',(-2.033998972012E0,-4.707911690818E-1,
-2.431813732086E0));
#1589=VERTEX_POINT('',#1588);
#1590=CARTESIAN_POINT('',(2.033998972012E0,-5.5E-1,-2.333998972012E0));
#1591=VERTEX_POINT('',#1590);
#1592=CARTESIAN_POINT('',(2.033998972012E0,-5.5E-1,2.333998972012E0));
#1593=VERTEX_POINT('',#1592);
#1594=CARTESIAN_POINT('',(2.131813732086E0,-4.707911690818E-1,
2.333998972012E0));
#1595=VERTEX_POINT('',#1594);
#1596=CARTESIAN_POINT('',(2.102161868812E0,-1.501099524506E-1,
2.499976628885E0));
#1597=CARTESIAN_POINT('',(2.033998972012E0,-4.707911690818E-1,
2.431813732086E0));
#1598=VERTEX_POINT('',#1596);
#1599=VERTEX_POINT('',#1597);
#1600=CARTESIAN_POINT('',(2.199976628885E0,-1.501099524506E-1,
2.402161868812E0));
#1601=VERTEX_POINT('',#1600);
#1602=CARTESIAN_POINT('',(2.2E0,0.E0,2.4E0));
#1603=CARTESIAN_POINT('',(2.2E0,-1.5E-1,2.4E0));
#1604=VERTEX_POINT('',#1602);
#1605=VERTEX_POINT('',#1603);
#1606=VERTEX_POINT('',#1015);
#1607=CARTESIAN_POINT('',(2.1E0,0.E0,2.5E0));
#1608=VERTEX_POINT('',#1607);
#1609=VERTEX_POINT('',#705);
#1610=VERTEX_POINT('',#663);
#1611=CARTESIAN_POINT('',(2.023371143929E0,3.707911690818E-1,2.421185904002E0));
#1612=VERTEX_POINT('',#1611);
#1613=CARTESIAN_POINT('',(-2.023371143929E0,3.707911690818E-1,
2.421185904002E0));
#1614=VERTEX_POINT('',#1613);
#1615=CARTESIAN_POINT('',(-2.102161868812E0,1.099524505770E-4,
2.499976628885E0));
#1616=VERTEX_POINT('',#1615);
#1617=CARTESIAN_POINT('',(-2.199976628885E0,1.099524505772E-4,
2.402161868812E0));
#1618=VERTEX_POINT('',#1617);
#1619=CARTESIAN_POINT('',(-2.1E0,0.E0,2.5E0));
#1620=CARTESIAN_POINT('',(-2.1E0,-1.5E-1,2.5E0));
#1621=VERTEX_POINT('',#1619);
#1622=VERTEX_POINT('',#1620);
#1623=VERTEX_POINT('',#1007);
#1624=VERTEX_POINT('',#312);
#1625=VERTEX_POINT('',#315);
#1626=CARTESIAN_POINT('',(-2.2E0,0.E0,2.4E0));
#1627=VERTEX_POINT('',#1626);
#1628=CARTESIAN_POINT('',(-2.033998972012E0,-4.707911690818E-1,
2.431813732086E0));
#1629=VERTEX_POINT('',#1628);
#1630=CARTESIAN_POINT('',(-1.499528454287E-1,-4.E-1,1.922405165973E0));
#1631=CARTESIAN_POINT('',(1.499528454286E-1,-4.E-1,1.922405165973E0));
#1632=VERTEX_POINT('',#1630);
#1633=VERTEX_POINT('',#1631);
#1634=CARTESIAN_POINT('',(1.499528454286E-1,-4.E-1,1.815000000001E0));
#1635=VERTEX_POINT('',#1634);
#1636=CARTESIAN_POINT('',(2.499528454284E-1,-4.E-1,1.815000000001E0));
#1637=VERTEX_POINT('',#1636);
#1638=CARTESIAN_POINT('',(2.499528454284E-1,-4.E-1,1.685000000001E0));
#1639=VERTEX_POINT('',#1638);
#1640=CARTESIAN_POINT('',(1.390000000082E0,-4.E-1,1.685000000002E0));
#1641=VERTEX_POINT('',#1640);
#1642=CARTESIAN_POINT('',(1.390000000008E0,-4.E-1,-1.628118200196E0));
#1643=VERTEX_POINT('',#1642);
#1644=CARTESIAN_POINT('',(1.520000000008E0,-4.E-1,-1.628118200196E0));
#1645=VERTEX_POINT('',#1644);
#1646=CARTESIAN_POINT('',(1.52E0,-4.E-1,-1.950000000002E0));
#1647=VERTEX_POINT('',#1646);
#1648=CARTESIAN_POINT('',(1.37E0,-4.E-1,-2.099999999999E0));
#1649=VERTEX_POINT('',#1648);
#1650=CARTESIAN_POINT('',(1.220000000550E0,-4.E-1,-2.099999999999E0));
#1651=VERTEX_POINT('',#1650);
#1652=CARTESIAN_POINT('',(1.220000000550E0,-4.E-1,-1.908118200196E0));
#1653=VERTEX_POINT('',#1652);
#1654=CARTESIAN_POINT('',(1.240000000549E0,-4.E-1,-1.908118200196E0));
#1655=VERTEX_POINT('',#1654);
#1656=CARTESIAN_POINT('',(1.320000000549E0,-4.E-1,-1.828118200196E0));
#1657=VERTEX_POINT('',#1656);
#1658=CARTESIAN_POINT('',(1.320000000549E0,-4.E-1,-1.816236400394E0));
#1659=VERTEX_POINT('',#1658);
#1660=CARTESIAN_POINT('',(1.220000000549E0,-4.E-1,-1.716236400394E0));
#1661=VERTEX_POINT('',#1660);
#1662=CARTESIAN_POINT('',(1.220000000549E0,-4.E-1,-1.628118200196E0));
#1663=VERTEX_POINT('',#1662);
#1664=CARTESIAN_POINT('',(-1.220000000549E0,-4.E-1,-1.628118200196E0));
#1665=VERTEX_POINT('',#1664);
#1666=CARTESIAN_POINT('',(-1.220000000549E0,-4.E-1,-1.716236400394E0));
#1667=VERTEX_POINT('',#1666);
#1668=CARTESIAN_POINT('',(-1.320000000549E0,-4.E-1,-1.816236400394E0));
#1669=VERTEX_POINT('',#1668);
#1670=CARTESIAN_POINT('',(-1.320000000549E0,-4.E-1,-1.828118200196E0));
#1671=VERTEX_POINT('',#1670);
#1672=CARTESIAN_POINT('',(-1.240000000549E0,-4.E-1,-1.908118200196E0));
#1673=VERTEX_POINT('',#1672);
#1674=CARTESIAN_POINT('',(-1.220000000549E0,-4.E-1,-1.908118200196E0));
#1675=VERTEX_POINT('',#1674);
#1676=CARTESIAN_POINT('',(-1.220000000550E0,-4.E-1,-2.099999999999E0));
#1677=VERTEX_POINT('',#1676);
#1678=CARTESIAN_POINT('',(-1.37E0,-4.E-1,-2.099999999999E0));
#1679=VERTEX_POINT('',#1678);
#1680=CARTESIAN_POINT('',(-1.52E0,-4.E-1,-1.950000000002E0));
#1681=VERTEX_POINT('',#1680);
#1682=CARTESIAN_POINT('',(-1.520000000008E0,-4.E-1,-1.628118200196E0));
#1683=VERTEX_POINT('',#1682);
#1684=CARTESIAN_POINT('',(-1.390000000008E0,-4.E-1,-1.628118200196E0));
#1685=VERTEX_POINT('',#1684);
#1686=CARTESIAN_POINT('',(-1.390000000082E0,-4.E-1,1.685000000002E0));
#1687=VERTEX_POINT('',#1686);
#1688=CARTESIAN_POINT('',(-2.499528454284E-1,-4.E-1,1.685000000001E0));
#1689=VERTEX_POINT('',#1688);
#1690=CARTESIAN_POINT('',(-2.499528454284E-1,-4.E-1,1.815000000001E0));
#1691=VERTEX_POINT('',#1690);
#1692=CARTESIAN_POINT('',(-1.499528454287E-1,-4.E-1,1.815000000001E0));
#1693=VERTEX_POINT('',#1692);
#1694=CARTESIAN_POINT('',(-1.499528454287E-1,-5.5E-1,1.922405165973E0));
#1695=CARTESIAN_POINT('',(1.499528454286E-1,-5.5E-1,1.922405165973E0));
#1696=VERTEX_POINT('',#1694);
#1697=VERTEX_POINT('',#1695);
#1698=CARTESIAN_POINT('',(1.499528454286E-1,-5.5E-1,1.815000000001E0));
#1699=VERTEX_POINT('',#1698);
#1700=CARTESIAN_POINT('',(2.499528454284E-1,-5.5E-1,1.815000000001E0));
#1701=VERTEX_POINT('',#1700);
#1702=CARTESIAN_POINT('',(2.499528454284E-1,-5.5E-1,1.685000000001E0));
#1703=VERTEX_POINT('',#1702);
#1704=CARTESIAN_POINT('',(1.390000000082E0,-5.5E-1,1.685000000002E0));
#1705=VERTEX_POINT('',#1704);
#1706=CARTESIAN_POINT('',(1.390000000008E0,-5.5E-1,-1.628118200196E0));
#1707=VERTEX_POINT('',#1706);
#1708=CARTESIAN_POINT('',(1.520000000008E0,-5.5E-1,-1.628118200196E0));
#1709=VERTEX_POINT('',#1708);
#1710=CARTESIAN_POINT('',(1.52E0,-5.5E-1,-1.949999999999E0));
#1711=VERTEX_POINT('',#1710);
#1712=CARTESIAN_POINT('',(1.37E0,-5.5E-1,-2.099999999999E0));
#1713=VERTEX_POINT('',#1712);
#1714=CARTESIAN_POINT('',(1.220000000550E0,-5.5E-1,-2.099999999999E0));
#1715=VERTEX_POINT('',#1714);
#1716=CARTESIAN_POINT('',(1.220000000550E0,-5.5E-1,-1.908118200196E0));
#1717=VERTEX_POINT('',#1716);
#1718=CARTESIAN_POINT('',(1.240000000549E0,-5.5E-1,-1.908118200196E0));
#1719=VERTEX_POINT('',#1718);
#1720=CARTESIAN_POINT('',(1.320000000549E0,-5.5E-1,-1.828118200196E0));
#1721=VERTEX_POINT('',#1720);
#1722=CARTESIAN_POINT('',(1.320000000549E0,-5.5E-1,-1.816236400394E0));
#1723=VERTEX_POINT('',#1722);
#1724=CARTESIAN_POINT('',(1.220000000549E0,-5.5E-1,-1.716236400394E0));
#1725=VERTEX_POINT('',#1724);
#1726=CARTESIAN_POINT('',(1.220000000549E0,-5.5E-1,-1.628118200196E0));
#1727=VERTEX_POINT('',#1726);
#1728=CARTESIAN_POINT('',(-1.220000000549E0,-5.5E-1,-1.628118200196E0));
#1729=VERTEX_POINT('',#1728);
#1730=CARTESIAN_POINT('',(-1.220000000549E0,-5.5E-1,-1.716236400394E0));
#1731=VERTEX_POINT('',#1730);
#1732=CARTESIAN_POINT('',(-1.320000000549E0,-5.5E-1,-1.816236400394E0));
#1733=VERTEX_POINT('',#1732);
#1734=CARTESIAN_POINT('',(-1.320000000549E0,-5.5E-1,-1.828118200196E0));
#1735=VERTEX_POINT('',#1734);
#1736=CARTESIAN_POINT('',(-1.240000000549E0,-5.5E-1,-1.908118200196E0));
#1737=VERTEX_POINT('',#1736);
#1738=CARTESIAN_POINT('',(-1.220000000549E0,-5.5E-1,-1.908118200196E0));
#1739=VERTEX_POINT('',#1738);
#1740=CARTESIAN_POINT('',(-1.220000000550E0,-5.5E-1,-2.099999999999E0));
#1741=VERTEX_POINT('',#1740);
#1742=CARTESIAN_POINT('',(-1.37E0,-5.5E-1,-2.099999999999E0));
#1743=VERTEX_POINT('',#1742);
#1744=CARTESIAN_POINT('',(-1.52E0,-5.5E-1,-1.949999999999E0));
#1745=VERTEX_POINT('',#1744);
#1746=CARTESIAN_POINT('',(-1.520000000008E0,-5.5E-1,-1.628118200196E0));
#1747=VERTEX_POINT('',#1746);
#1748=CARTESIAN_POINT('',(-1.390000000008E0,-5.5E-1,-1.628118200196E0));
#1749=VERTEX_POINT('',#1748);
#1750=CARTESIAN_POINT('',(-1.390000000082E0,-5.5E-1,1.685000000002E0));
#1751=VERTEX_POINT('',#1750);
#1752=CARTESIAN_POINT('',(-2.499528454284E-1,-5.5E-1,1.685000000001E0));
#1753=VERTEX_POINT('',#1752);
#1754=CARTESIAN_POINT('',(-2.499528454284E-1,-5.5E-1,1.815000000001E0));
#1755=VERTEX_POINT('',#1754);
#1756=CARTESIAN_POINT('',(-1.499528454287E-1,-5.5E-1,1.815000000001E0));
#1757=VERTEX_POINT('',#1756);
#1758=CARTESIAN_POINT('',(0.E0,-5.5E-1,0.E0));
#1759=DIRECTION('',(0.E0,1.E0,0.E0));
#1760=DIRECTION('',(1.E0,0.E0,0.E0));
#1761=AXIS2_PLACEMENT_3D('',#1758,#1759,#1760);
#1762=PLANE('',#1761);
#1764=ORIENTED_EDGE('',*,*,#1763,.F.);
#1766=ORIENTED_EDGE('',*,*,#1765,.F.);
#1768=ORIENTED_EDGE('',*,*,#1767,.F.);
#1770=ORIENTED_EDGE('',*,*,#1769,.F.);
#1771=EDGE_LOOP('',(#1764,#1766,#1768,#1770));
#1772=FACE_OUTER_BOUND('',#1771,.F.);
#1774=ORIENTED_EDGE('',*,*,#1773,.F.);
#1776=ORIENTED_EDGE('',*,*,#1775,.F.);
#1778=ORIENTED_EDGE('',*,*,#1777,.F.);
#1780=ORIENTED_EDGE('',*,*,#1779,.F.);
#1782=ORIENTED_EDGE('',*,*,#1781,.F.);
#1784=ORIENTED_EDGE('',*,*,#1783,.F.);
#1786=ORIENTED_EDGE('',*,*,#1785,.F.);
#1788=ORIENTED_EDGE('',*,*,#1787,.F.);
#1790=ORIENTED_EDGE('',*,*,#1789,.F.);
#1792=ORIENTED_EDGE('',*,*,#1791,.F.);
#1794=ORIENTED_EDGE('',*,*,#1793,.F.);
#1796=ORIENTED_EDGE('',*,*,#1795,.F.);
#1798=ORIENTED_EDGE('',*,*,#1797,.T.);
#1800=ORIENTED_EDGE('',*,*,#1799,.F.);
#1802=ORIENTED_EDGE('',*,*,#1801,.T.);
#1804=ORIENTED_EDGE('',*,*,#1803,.F.);
#1806=ORIENTED_EDGE('',*,*,#1805,.F.);
#1808=ORIENTED_EDGE('',*,*,#1807,.F.);
#1810=ORIENTED_EDGE('',*,*,#1809,.T.);
#1812=ORIENTED_EDGE('',*,*,#1811,.F.);
#1814=ORIENTED_EDGE('',*,*,#1813,.T.);
#1816=ORIENTED_EDGE('',*,*,#1815,.F.);
#1818=ORIENTED_EDGE('',*,*,#1817,.F.);
#1820=ORIENTED_EDGE('',*,*,#1819,.F.);
#1822=ORIENTED_EDGE('',*,*,#1821,.F.);
#1824=ORIENTED_EDGE('',*,*,#1823,.F.);
#1826=ORIENTED_EDGE('',*,*,#1825,.F.);
#1828=ORIENTED_EDGE('',*,*,#1827,.F.);
#1830=ORIENTED_EDGE('',*,*,#1829,.F.);
#1832=ORIENTED_EDGE('',*,*,#1831,.F.);
#1834=ORIENTED_EDGE('',*,*,#1833,.F.);
#1836=ORIENTED_EDGE('',*,*,#1835,.F.);
#1837=EDGE_LOOP('',(#1774,#1776,#1778,#1780,#1782,#1784,#1786,#1788,#1790,#1792,
#1794,#1796,#1798,#1800,#1802,#1804,#1806,#1808,#1810,#1812,#1814,#1816,#1818,
#1820,#1822,#1824,#1826,#1828,#1830,#1832,#1834,#1836));
#1838=FACE_BOUND('',#1837,.F.);
#1839=ADVANCED_FACE('',(#1772,#1838),#1762,.F.);
#1840=CARTESIAN_POINT('',(-2.033998972012E0,-4.5E-1,9.018E0));
#1841=DIRECTION('',(0.E0,0.E0,-1.E0));
#1842=DIRECTION('',(0.E0,-1.E0,0.E0));
#1843=AXIS2_PLACEMENT_3D('',#1840,#1841,#1842);
#1844=CYLINDRICAL_SURFACE('',#1843,1.E-1);
#1846=ORIENTED_EDGE('',*,*,#1845,.F.);
#1848=ORIENTED_EDGE('',*,*,#1847,.T.);
#1849=ORIENTED_EDGE('',*,*,#1763,.T.);
#1851=ORIENTED_EDGE('',*,*,#1850,.T.);
#1852=EDGE_LOOP('',(#1846,#1848,#1849,#1851));
#1853=FACE_OUTER_BOUND('',#1852,.F.);
#1854=ADVANCED_FACE('',(#1853),#1844,.T.);
#1855=CARTESIAN_POINT('',(-2.2E0,-1.5E-1,-2.5E0));
#1856=DIRECTION('',(-9.781476007338E-1,-2.079116908178E-1,0.E0));
#1857=DIRECTION('',(0.E0,0.E0,1.E0));
#1858=AXIS2_PLACEMENT_3D('',#1855,#1856,#1857);
#1859=PLANE('',#1858);
#1860=ORIENTED_EDGE('',*,*,#1845,.T.);
#1862=ORIENTED_EDGE('',*,*,#1861,.F.);
#1864=ORIENTED_EDGE('',*,*,#1863,.F.);
#1866=ORIENTED_EDGE('',*,*,#1865,.T.);
#1868=ORIENTED_EDGE('',*,*,#1867,.F.);
#1870=ORIENTED_EDGE('',*,*,#1869,.T.);
#1871=EDGE_LOOP('',(#1860,#1862,#1864,#1866,#1868,#1870));
#1872=FACE_OUTER_BOUND('',#1871,.F.);
#1873=ADVANCED_FACE('',(#1872),#1859,.T.);
#1874=CARTESIAN_POINT('',(-2.502388611309E0,1.7536E0,-2.802388611309E0));
#1875=DIRECTION('',(2.035585949528E-1,-9.576678948580E-1,2.035585949528E-1));
#1876=DIRECTION('',(-9.781476007338E-1,-2.079116908178E-1,0.E0));
#1877=AXIS2_PLACEMENT_3D('',#1874,#1875,#1876);
#1878=CYLINDRICAL_SURFACE('',#1877,1.E-1);
#1880=ORIENTED_EDGE('',*,*,#1879,.F.);
#1882=ORIENTED_EDGE('',*,*,#1881,.F.);
#1883=ORIENTED_EDGE('',*,*,#1861,.T.);
#1885=ORIENTED_EDGE('',*,*,#1884,.T.);
#1886=EDGE_LOOP('',(#1880,#1882,#1883,#1885));
#1887=FACE_OUTER_BOUND('',#1886,.F.);
#1888=ADVANCED_FACE('',(#1887),#1878,.T.);
#1889=CARTESIAN_POINT('',(2.2E0,-1.5E-1,-2.5E0));
#1890=DIRECTION('',(0.E0,-2.079116908178E-1,-9.781476007338E-1));
#1891=DIRECTION('',(-1.E0,0.E0,0.E0));
#1892=AXIS2_PLACEMENT_3D('',#1889,#1890,#1891);
#1893=PLANE('',#1892);
#1895=ORIENTED_EDGE('',*,*,#1894,.F.);
#1897=ORIENTED_EDGE('',*,*,#1896,.F.);
#1899=ORIENTED_EDGE('',*,*,#1898,.T.);
#1901=ORIENTED_EDGE('',*,*,#1900,.F.);
#1902=ORIENTED_EDGE('',*,*,#1879,.T.);
#1904=ORIENTED_EDGE('',*,*,#1903,.T.);
#1905=EDGE_LOOP('',(#1895,#1897,#1899,#1901,#1902,#1904));
#1906=FACE_OUTER_BOUND('',#1905,.F.);
#1907=ADVANCED_FACE('',(#1906),#1893,.T.);
#1908=CARTESIAN_POINT('',(2.502388611309E0,1.7536E0,-2.802388611309E0));
#1909=DIRECTION('',(-2.035585949528E-1,-9.576678948580E-1,2.035585949528E-1));
#1910=DIRECTION('',(0.E0,-2.079116908178E-1,-9.781476007338E-1));
#1911=AXIS2_PLACEMENT_3D('',#1908,#1909,#1910);
#1912=CYLINDRICAL_SURFACE('',#1911,1.E-1);
#1914=ORIENTED_EDGE('',*,*,#1913,.F.);
#1916=ORIENTED_EDGE('',*,*,#1915,.F.);
#1917=ORIENTED_EDGE('',*,*,#1894,.T.);
#1919=ORIENTED_EDGE('',*,*,#1918,.T.);
#1920=EDGE_LOOP('',(#1914,#1916,#1917,#1919));
#1921=FACE_OUTER_BOUND('',#1920,.F.);
#1922=ADVANCED_FACE('',(#1921),#1912,.T.);
#1923=CARTESIAN_POINT('',(2.2E0,-1.5E-1,2.5E0));
#1924=DIRECTION('',(9.781476007338E-1,-2.079116908178E-1,0.E0));
#1925=DIRECTION('',(0.E0,0.E0,-1.E0));
#1926=AXIS2_PLACEMENT_3D('',#1923,#1924,#1925);
#1927=PLANE('',#1926);
#1928=ORIENTED_EDGE('',*,*,#1913,.T.);
#1930=ORIENTED_EDGE('',*,*,#1929,.T.);
#1932=ORIENTED_EDGE('',*,*,#1931,.F.);
#1934=ORIENTED_EDGE('',*,*,#1933,.F.);
#1936=ORIENTED_EDGE('',*,*,#1935,.T.);
#1938=ORIENTED_EDGE('',*,*,#1937,.F.);
#1939=EDGE_LOOP('',(#1928,#1930,#1932,#1934,#1936,#1938));
#1940=FACE_OUTER_BOUND('',#1939,.F.);
#1941=ADVANCED_FACE('',(#1940),#1927,.T.);
#1942=CARTESIAN_POINT('',(2.033998972012E0,-4.5E-1,-9.018E0));
#1943=DIRECTION('',(0.E0,0.E0,1.E0));
#1944=DIRECTION('',(0.E0,-1.E0,0.E0));
#1945=AXIS2_PLACEMENT_3D('',#1942,#1943,#1944);
#1946=CYLINDRICAL_SURFACE('',#1945,1.E-1);
#1947=ORIENTED_EDGE('',*,*,#1767,.T.);
#1949=ORIENTED_EDGE('',*,*,#1948,.T.);
#1950=ORIENTED_EDGE('',*,*,#1929,.F.);
#1952=ORIENTED_EDGE('',*,*,#1951,.T.);
#1953=EDGE_LOOP('',(#1947,#1949,#1950,#1952));
#1954=FACE_OUTER_BOUND('',#1953,.F.);
#1955=ADVANCED_FACE('',(#1954),#1946,.T.);
#1956=CARTESIAN_POINT('',(2.033998972012E0,-4.5E-1,2.333998972012E0));
#1957=DIRECTION('',(7.071067811865E-1,0.E0,-7.071067811865E-1));
#1958=DIRECTION('',(6.771734625787E-1,-2.878753257198E-1,6.771734625787E-1));
#1959=AXIS2_PLACEMENT_3D('',#1956,#1957,#1958);
#1960=SPHERICAL_SURFACE('',#1959,1.E-1);
#1962=ORIENTED_EDGE('',*,*,#1961,.F.);
#1964=ORIENTED_EDGE('',*,*,#1963,.F.);
#1965=ORIENTED_EDGE('',*,*,#1948,.F.);
#1966=EDGE_LOOP('',(#1962,#1964,#1965));
#1967=FACE_OUTER_BOUND('',#1966,.F.);
#1968=ADVANCED_FACE('',(#1967),#1960,.T.);
#1969=CARTESIAN_POINT('',(7.93584E0,-4.5E-1,2.333998972012E0));
#1970=DIRECTION('',(-1.E0,0.E0,0.E0));
#1971=DIRECTION('',(0.E0,-1.E0,0.E0));
#1972=AXIS2_PLACEMENT_3D('',#1969,#1970,#1971);
#1973=CYLINDRICAL_SURFACE('',#1972,1.E-1);
#1974=ORIENTED_EDGE('',*,*,#1765,.T.);
#1976=ORIENTED_EDGE('',*,*,#1975,.T.);
#1978=ORIENTED_EDGE('',*,*,#1977,.F.);
#1979=ORIENTED_EDGE('',*,*,#1961,.T.);
#1980=EDGE_LOOP('',(#1974,#1976,#1978,#1979));
#1981=FACE_OUTER_BOUND('',#1980,.F.);
#1982=ADVANCED_FACE('',(#1981),#1973,.T.);
#1983=CARTESIAN_POINT('',(-2.033998972012E0,-4.5E-1,2.333998972012E0));
#1984=DIRECTION('',(7.071067811865E-1,0.E0,7.071067811865E-1));
#1985=DIRECTION('',(-6.771734625787E-1,-2.878753257198E-1,6.771734625787E-1));
#1986=AXIS2_PLACEMENT_3D('',#1983,#1984,#1985);
#1987=SPHERICAL_SURFACE('',#1986,1.E-1);
#1988=ORIENTED_EDGE('',*,*,#1975,.F.);
#1989=ORIENTED_EDGE('',*,*,#1847,.F.);
#1991=ORIENTED_EDGE('',*,*,#1990,.F.);
#1992=EDGE_LOOP('',(#1988,#1989,#1991));
#1993=FACE_OUTER_BOUND('',#1992,.F.);
#1994=ADVANCED_FACE('',(#1993),#1987,.T.);
#1995=CARTESIAN_POINT('',(-2.502388611309E0,1.7536E0,2.802388611309E0));
#1996=DIRECTION('',(2.035585949528E-1,-9.576678948580E-1,-2.035585949528E-1));
#1997=DIRECTION('',(0.E0,-2.079116908178E-1,9.781476007338E-1));
#1998=AXIS2_PLACEMENT_3D('',#1995,#1996,#1997);
#1999=CYLINDRICAL_SURFACE('',#1998,1.E-1);
#2000=ORIENTED_EDGE('',*,*,#1869,.F.);
#2002=ORIENTED_EDGE('',*,*,#2001,.F.);
#2004=ORIENTED_EDGE('',*,*,#2003,.T.);
#2005=ORIENTED_EDGE('',*,*,#1990,.T.);
#2006=EDGE_LOOP('',(#2000,#2002,#2004,#2005));
#2007=FACE_OUTER_BOUND('',#2006,.F.);
#2008=ADVANCED_FACE('',(#2007),#1999,.T.);
#2009=CARTESIAN_POINT('',(-2.1E0,1.7536E0,2.4E0));
#2010=DIRECTION('',(0.E0,-1.E0,0.E0));
#2011=DIRECTION('',(0.E0,0.E0,1.E0));
#2012=AXIS2_PLACEMENT_3D('',#2009,#2010,#2011);
#2013=CYLINDRICAL_SURFACE('',#2012,1.E-1);
#2015=ORIENTED_EDGE('',*,*,#2014,.T.);
#2017=ORIENTED_EDGE('',*,*,#2016,.T.);
#2018=ORIENTED_EDGE('',*,*,#2001,.T.);
#2019=ORIENTED_EDGE('',*,*,#1867,.T.);
#2021=ORIENTED_EDGE('',*,*,#2020,.F.);
#2023=ORIENTED_EDGE('',*,*,#2022,.T.);
#2025=ORIENTED_EDGE('',*,*,#2024,.T.);
#2027=ORIENTED_EDGE('',*,*,#2026,.T.);
#2028=EDGE_LOOP('',(#2015,#2017,#2018,#2019,#2021,#2023,#2025,#2027));
#2029=FACE_OUTER_BOUND('',#2028,.F.);
#2030=ADVANCED_FACE('',(#2029),#2013,.T.);
#2031=CARTESIAN_POINT('',(-2.2E0,-5.5E-1,2.5E0));
#2032=DIRECTION('',(0.E0,0.E0,1.E0));
#2033=DIRECTION('',(1.E0,0.E0,0.E0));
#2034=AXIS2_PLACEMENT_3D('',#2031,#2032,#2033);
#2035=PLANE('',#2034);
#2037=ORIENTED_EDGE('',*,*,#2036,.T.);
#2039=ORIENTED_EDGE('',*,*,#2038,.F.);
#2040=ORIENTED_EDGE('',*,*,#2014,.F.);
#2042=ORIENTED_EDGE('',*,*,#2041,.T.);
#2043=EDGE_LOOP('',(#2037,#2039,#2040,#2042));
#2044=FACE_OUTER_BOUND('',#2043,.F.);
#2045=ADVANCED_FACE('',(#2044),#2035,.T.);
#2046=CARTESIAN_POINT('',(2.1E0,1.7536E0,2.4E0));
#2047=DIRECTION('',(0.E0,-1.E0,0.E0));
#2048=DIRECTION('',(1.E0,0.E0,0.E0));
#2049=AXIS2_PLACEMENT_3D('',#2046,#2047,#2048);
#2050=CYLINDRICAL_SURFACE('',#2049,1.E-1);
#2052=ORIENTED_EDGE('',*,*,#2051,.T.);
#2053=ORIENTED_EDGE('',*,*,#1933,.T.);
#2055=ORIENTED_EDGE('',*,*,#2054,.T.);
#2057=ORIENTED_EDGE('',*,*,#2056,.T.);
#2058=ORIENTED_EDGE('',*,*,#2036,.F.);
#2060=ORIENTED_EDGE('',*,*,#2059,.T.);
#2062=ORIENTED_EDGE('',*,*,#2061,.T.);
#2064=ORIENTED_EDGE('',*,*,#2063,.T.);
#2065=EDGE_LOOP('',(#2052,#2053,#2055,#2057,#2058,#2060,#2062,#2064));
#2066=FACE_OUTER_BOUND('',#2065,.F.);
#2067=ADVANCED_FACE('',(#2066),#2050,.T.);
#2068=CARTESIAN_POINT('',(2.2E0,-5.5E-1,2.5E0));
#2069=DIRECTION('',(1.E0,0.E0,0.E0));
#2070=DIRECTION('',(0.E0,0.E0,-1.E0));
#2071=AXIS2_PLACEMENT_3D('',#2068,#2069,#2070);
#2072=PLANE('',#2071);
#2074=ORIENTED_EDGE('',*,*,#2073,.T.);
#2075=ORIENTED_EDGE('',*,*,#1935,.F.);
#2076=ORIENTED_EDGE('',*,*,#2051,.F.);
#2078=ORIENTED_EDGE('',*,*,#2077,.T.);
#2079=EDGE_LOOP('',(#2074,#2075,#2076,#2078));
#2080=FACE_OUTER_BOUND('',#2079,.F.);
#2081=ADVANCED_FACE('',(#2080),#2072,.T.);
#2082=CARTESIAN_POINT('',(2.1E0,1.7536E0,-2.4E0));
#2083=DIRECTION('',(0.E0,-1.E0,0.E0));
#2084=DIRECTION('',(0.E0,0.E0,-1.E0));
#2085=AXIS2_PLACEMENT_3D('',#2082,#2083,#2084);
#2086=CYLINDRICAL_SURFACE('',#2085,1.E-1);
#2088=ORIENTED_EDGE('',*,*,#2087,.T.);
#2089=ORIENTED_EDGE('',*,*,#1896,.T.);
#2090=ORIENTED_EDGE('',*,*,#1915,.T.);
#2091=ORIENTED_EDGE('',*,*,#1937,.T.);
#2092=ORIENTED_EDGE('',*,*,#2073,.F.);
#2094=ORIENTED_EDGE('',*,*,#2093,.T.);
#2096=ORIENTED_EDGE('',*,*,#2095,.T.);
#2098=ORIENTED_EDGE('',*,*,#2097,.T.);
#2099=EDGE_LOOP('',(#2088,#2089,#2090,#2091,#2092,#2094,#2096,#2098));
#2100=FACE_OUTER_BOUND('',#2099,.F.);
#2101=ADVANCED_FACE('',(#2100),#2086,.T.);
#2102=CARTESIAN_POINT('',(2.2E0,-5.5E-1,-2.5E0));
#2103=DIRECTION('',(0.E0,0.E0,-1.E0));
#2104=DIRECTION('',(-1.E0,0.E0,0.E0));
#2105=AXIS2_PLACEMENT_3D('',#2102,#2103,#2104);
#2106=PLANE('',#2105);
#2107=ORIENTED_EDGE('',*,*,#2087,.F.);
#2109=ORIENTED_EDGE('',*,*,#2108,.T.);
#2111=ORIENTED_EDGE('',*,*,#2110,.T.);
#2112=ORIENTED_EDGE('',*,*,#1898,.F.);
#2113=EDGE_LOOP('',(#2107,#2109,#2111,#2112));
#2114=FACE_OUTER_BOUND('',#2113,.F.);
#2115=ADVANCED_FACE('',(#2114),#2106,.T.);
#2116=CARTESIAN_POINT('',(2.2E0,0.E0,-2.5E0));
#2117=DIRECTION('',(0.E0,2.079116908178E-1,-9.781476007338E-1));
#2118=DIRECTION('',(-1.E0,0.E0,0.E0));
#2119=AXIS2_PLACEMENT_3D('',#2116,#2117,#2118);
#2120=PLANE('',#2119);
#2121=ORIENTED_EDGE('',*,*,#2097,.F.);
#2123=ORIENTED_EDGE('',*,*,#2122,.F.);
#2125=ORIENTED_EDGE('',*,*,#2124,.T.);
#2127=ORIENTED_EDGE('',*,*,#2126,.T.);
#2129=ORIENTED_EDGE('',*,*,#2128,.F.);
#2130=ORIENTED_EDGE('',*,*,#2108,.F.);
#2131=EDGE_LOOP('',(#2121,#2123,#2125,#2127,#2129,#2130));
#2132=FACE_OUTER_BOUND('',#2131,.F.);
#2133=ADVANCED_FACE('',(#2132),#2120,.T.);
#2134=CARTESIAN_POINT('',(1.725026753969E0,1.7536E0,-2.025026753969E0));
#2135=DIRECTION('',(2.035585949528E-1,-9.576678948580E-1,-2.035585949528E-1));
#2136=DIRECTION('',(0.E0,2.079116908178E-1,-9.781476007338E-1));
#2137=AXIS2_PLACEMENT_3D('',#2134,#2135,#2136);
#2138=CYLINDRICAL_SURFACE('',#2137,1.E-1);
#2139=ORIENTED_EDGE('',*,*,#2122,.T.);
#2140=ORIENTED_EDGE('',*,*,#2095,.F.);
#2142=ORIENTED_EDGE('',*,*,#2141,.F.);
#2144=ORIENTED_EDGE('',*,*,#2143,.T.);
#2145=EDGE_LOOP('',(#2139,#2140,#2142,#2144));
#2146=FACE_OUTER_BOUND('',#2145,.F.);
#2147=ADVANCED_FACE('',(#2146),#2138,.T.);
#2148=CARTESIAN_POINT('',(2.2E0,0.E0,2.5E0));
#2149=DIRECTION('',(9.781476007338E-1,2.079116908178E-1,0.E0));
#2150=DIRECTION('',(0.E0,0.E0,-1.E0));
#2151=AXIS2_PLACEMENT_3D('',#2148,#2149,#2150);
#2152=PLANE('',#2151);
#2154=ORIENTED_EDGE('',*,*,#2153,.T.);
#2155=ORIENTED_EDGE('',*,*,#2141,.T.);
#2156=ORIENTED_EDGE('',*,*,#2093,.F.);
#2157=ORIENTED_EDGE('',*,*,#2077,.F.);
#2158=ORIENTED_EDGE('',*,*,#2063,.F.);
#2160=ORIENTED_EDGE('',*,*,#2159,.F.);
#2161=EDGE_LOOP('',(#2154,#2155,#2156,#2157,#2158,#2160));
#2162=FACE_OUTER_BOUND('',#2161,.F.);
#2163=ADVANCED_FACE('',(#2162),#2152,.T.);
#2164=CARTESIAN_POINT('',(2.023371143929E0,3.5E-1,9.018E0));
#2165=DIRECTION('',(0.E0,0.E0,-1.E0));
#2166=DIRECTION('',(0.E0,1.E0,0.E0));
#2167=AXIS2_PLACEMENT_3D('',#2164,#2165,#2166);
#2168=CYLINDRICAL_SURFACE('',#2167,1.E-1);
#2169=ORIENTED_EDGE('',*,*,#2153,.F.);
#2171=ORIENTED_EDGE('',*,*,#2170,.T.);
#2173=ORIENTED_EDGE('',*,*,#2172,.T.);
#2175=ORIENTED_EDGE('',*,*,#2174,.T.);
#2176=EDGE_LOOP('',(#2169,#2171,#2173,#2175));
#2177=FACE_OUTER_BOUND('',#2176,.F.);
#2178=ADVANCED_FACE('',(#2177),#2168,.T.);
#2179=CARTESIAN_POINT('',(2.023371143929E0,3.5E-1,2.323371143929E0));
#2180=DIRECTION('',(7.771459614570E-1,-6.293203910498E-1,0.E0));
#2181=DIRECTION('',(6.293203910498E-1,7.771459614570E-1,0.E0));
#2182=AXIS2_PLACEMENT_3D('',#2179,#2180,#2181);
#2183=SPHERICAL_SURFACE('',#2182,1.E-1);
#2185=ORIENTED_EDGE('',*,*,#2184,.F.);
#2186=ORIENTED_EDGE('',*,*,#2170,.F.);
#2188=ORIENTED_EDGE('',*,*,#2187,.F.);
#2189=EDGE_LOOP('',(#2185,#2186,#2188));
#2190=FACE_OUTER_BOUND('',#2189,.F.);
#2191=ADVANCED_FACE('',(#2190),#2183,.T.);
#2192=CARTESIAN_POINT('',(-7.93584E0,3.5E-1,2.323371143929E0));
#2193=DIRECTION('',(1.E0,0.E0,0.E0));
#2194=DIRECTION('',(0.E0,1.E0,0.E0));
#2195=AXIS2_PLACEMENT_3D('',#2192,#2193,#2194);
#2196=CYLINDRICAL_SURFACE('',#2195,1.E-1);
#2198=ORIENTED_EDGE('',*,*,#2197,.F.);
#2200=ORIENTED_EDGE('',*,*,#2199,.T.);
#2202=ORIENTED_EDGE('',*,*,#2201,.T.);
#2203=ORIENTED_EDGE('',*,*,#2184,.T.);
#2204=EDGE_LOOP('',(#2198,#2200,#2202,#2203));
#2205=FACE_OUTER_BOUND('',#2204,.F.);
#2206=ADVANCED_FACE('',(#2205),#2196,.T.);
#2207=CARTESIAN_POINT('',(-2.2E0,0.E0,2.5E0));
#2208=DIRECTION('',(0.E0,2.079116908178E-1,9.781476007338E-1));
#2209=DIRECTION('',(1.E0,0.E0,0.E0));
#2210=AXIS2_PLACEMENT_3D('',#2207,#2208,#2209);
#2211=PLANE('',#2210);
#2212=ORIENTED_EDGE('',*,*,#2059,.F.);
#2213=ORIENTED_EDGE('',*,*,#2041,.F.);
#2214=ORIENTED_EDGE('',*,*,#2026,.F.);
#2216=ORIENTED_EDGE('',*,*,#2215,.F.);
#2217=ORIENTED_EDGE('',*,*,#2197,.T.);
#2219=ORIENTED_EDGE('',*,*,#2218,.T.);
#2220=EDGE_LOOP('',(#2212,#2213,#2214,#2216,#2217,#2219));
#2221=FACE_OUTER_BOUND('',#2220,.F.);
#2222=ADVANCED_FACE('',(#2221),#2211,.T.);
#2223=CARTESIAN_POINT('',(-1.725026753969E0,1.7536E0,2.025026753969E0));
#2224=DIRECTION('',(-2.035585949528E-1,-9.576678948580E-1,2.035585949528E-1));
#2225=DIRECTION('',(0.E0,2.079116908178E-1,9.781476007338E-1));
#2226=AXIS2_PLACEMENT_3D('',#2223,#2224,#2225);
#2227=CYLINDRICAL_SURFACE('',#2226,1.E-1);
#2228=ORIENTED_EDGE('',*,*,#2215,.T.);
#2229=ORIENTED_EDGE('',*,*,#2024,.F.);
#2231=ORIENTED_EDGE('',*,*,#2230,.F.);
#2233=ORIENTED_EDGE('',*,*,#2232,.T.);
#2234=EDGE_LOOP('',(#2228,#2229,#2231,#2233));
#2235=FACE_OUTER_BOUND('',#2234,.F.);
#2236=ADVANCED_FACE('',(#2235),#2227,.T.);
#2237=CARTESIAN_POINT('',(-2.2E0,0.E0,-2.5E0));
#2238=DIRECTION('',(-9.781476007338E-1,2.079116908178E-1,0.E0));
#2239=DIRECTION('',(0.E0,0.E0,1.E0));
#2240=AXIS2_PLACEMENT_3D('',#2237,#2238,#2239);
#2241=PLANE('',#2240);
#2243=ORIENTED_EDGE('',*,*,#2242,.T.);
#2244=ORIENTED_EDGE('',*,*,#2230,.T.);
#2245=ORIENTED_EDGE('',*,*,#2022,.F.);
#2247=ORIENTED_EDGE('',*,*,#2246,.F.);
#2249=ORIENTED_EDGE('',*,*,#2248,.F.);
#2251=ORIENTED_EDGE('',*,*,#2250,.F.);
#2252=EDGE_LOOP('',(#2243,#2244,#2245,#2247,#2249,#2251));
#2253=FACE_OUTER_BOUND('',#2252,.F.);
#2254=ADVANCED_FACE('',(#2253),#2241,.T.);
#2255=CARTESIAN_POINT('',(-2.023371143929E0,3.5E-1,-9.018E0));
#2256=DIRECTION('',(0.E0,0.E0,1.E0));
#2257=DIRECTION('',(0.E0,1.E0,0.E0));
#2258=AXIS2_PLACEMENT_3D('',#2255,#2256,#2257);
#2259=CYLINDRICAL_SURFACE('',#2258,1.E-1);
#2260=ORIENTED_EDGE('',*,*,#2242,.F.);
#2262=ORIENTED_EDGE('',*,*,#2261,.T.);
#2264=ORIENTED_EDGE('',*,*,#2263,.T.);
#2266=ORIENTED_EDGE('',*,*,#2265,.T.);
#2267=EDGE_LOOP('',(#2260,#2262,#2264,#2266));
#2268=FACE_OUTER_BOUND('',#2267,.F.);
#2269=ADVANCED_FACE('',(#2268),#2259,.T.);
#2270=CARTESIAN_POINT('',(-2.023371143929E0,3.5E-1,-2.323371143929E0));
#2271=DIRECTION('',(7.071067811865E-1,0.E0,-7.071067811865E-1));
#2272=DIRECTION('',(-6.771734625787E-1,2.878753257198E-1,-6.771734625787E-1));
#2273=AXIS2_PLACEMENT_3D('',#2270,#2271,#2272);
#2274=SPHERICAL_SURFACE('',#2273,1.E-1);
#2276=ORIENTED_EDGE('',*,*,#2275,.F.);
#2278=ORIENTED_EDGE('',*,*,#2277,.F.);
#2279=ORIENTED_EDGE('',*,*,#2261,.F.);
#2280=EDGE_LOOP('',(#2276,#2278,#2279));
#2281=FACE_OUTER_BOUND('',#2280,.F.);
#2282=ADVANCED_FACE('',(#2281),#2274,.T.);
#2283=CARTESIAN_POINT('',(-1.725026753969E0,1.7536E0,-2.025026753969E0));
#2284=DIRECTION('',(-2.035585949528E-1,-9.576678948580E-1,-2.035585949528E-1));
#2285=DIRECTION('',(-9.781476007338E-1,2.079116908178E-1,0.E0));
#2286=AXIS2_PLACEMENT_3D('',#2283,#2284,#2285);
#2287=CYLINDRICAL_SURFACE('',#2286,1.E-1);
#2288=ORIENTED_EDGE('',*,*,#2250,.T.);
#2290=ORIENTED_EDGE('',*,*,#2289,.F.);
#2291=ORIENTED_EDGE('',*,*,#2126,.F.);
#2292=ORIENTED_EDGE('',*,*,#2275,.T.);
#2293=EDGE_LOOP('',(#2288,#2290,#2291,#2292));
#2294=FACE_OUTER_BOUND('',#2293,.F.);
#2295=ADVANCED_FACE('',(#2294),#2287,.T.);
#2296=CARTESIAN_POINT('',(-2.1E0,1.7536E0,-2.4E0));
#2297=DIRECTION('',(0.E0,-1.E0,0.E0));
#2298=DIRECTION('',(-1.E0,0.E0,0.E0));
#2299=AXIS2_PLACEMENT_3D('',#2296,#2297,#2298);
#2300=CYLINDRICAL_SURFACE('',#2299,1.E-1);
#2302=ORIENTED_EDGE('',*,*,#2301,.T.);
#2303=ORIENTED_EDGE('',*,*,#1863,.T.);
#2304=ORIENTED_EDGE('',*,*,#1881,.T.);
#2305=ORIENTED_EDGE('',*,*,#1900,.T.);
#2306=ORIENTED_EDGE('',*,*,#2110,.F.);
#2307=ORIENTED_EDGE('',*,*,#2128,.T.);
#2308=ORIENTED_EDGE('',*,*,#2289,.T.);
#2309=ORIENTED_EDGE('',*,*,#2248,.T.);
#2310=EDGE_LOOP('',(#2302,#2303,#2304,#2305,#2306,#2307,#2308,#2309));
#2311=FACE_OUTER_BOUND('',#2310,.F.);
#2312=ADVANCED_FACE('',(#2311),#2300,.T.);
#2313=CARTESIAN_POINT('',(-2.2E0,-5.5E-1,-2.5E0));
#2314=DIRECTION('',(-1.E0,0.E0,0.E0));
#2315=DIRECTION('',(0.E0,0.E0,1.E0));
#2316=AXIS2_PLACEMENT_3D('',#2313,#2314,#2315);
#2317=PLANE('',#2316);
#2318=ORIENTED_EDGE('',*,*,#2301,.F.);
#2319=ORIENTED_EDGE('',*,*,#2246,.T.);
#2320=ORIENTED_EDGE('',*,*,#2020,.T.);
#2321=ORIENTED_EDGE('',*,*,#1865,.F.);
#2322=EDGE_LOOP('',(#2318,#2319,#2320,#2321));
#2323=FACE_OUTER_BOUND('',#2322,.F.);
#2324=ADVANCED_FACE('',(#2323),#2317,.T.);
#2325=CARTESIAN_POINT('',(7.93584E0,3.5E-1,-2.323371143929E0));
#2326=DIRECTION('',(-1.E0,0.E0,0.E0));
#2327=DIRECTION('',(0.E0,1.E0,0.E0));
#2328=AXIS2_PLACEMENT_3D('',#2325,#2326,#2327);
#2329=CYLINDRICAL_SURFACE('',#2328,1.E-1);
#2331=ORIENTED_EDGE('',*,*,#2330,.T.);
#2332=ORIENTED_EDGE('',*,*,#2277,.T.);
#2333=ORIENTED_EDGE('',*,*,#2124,.F.);
#2335=ORIENTED_EDGE('',*,*,#2334,.T.);
#2336=EDGE_LOOP('',(#2331,#2332,#2333,#2335));
#2337=FACE_OUTER_BOUND('',#2336,.F.);
#2338=ADVANCED_FACE('',(#2337),#2329,.T.);
#2339=CARTESIAN_POINT('',(0.E0,4.5E-1,0.E0));
#2340=DIRECTION('',(0.E0,1.E0,0.E0));
#2341=DIRECTION('',(1.E0,0.E0,0.E0));
#2342=AXIS2_PLACEMENT_3D('',#2339,#2340,#2341);
#2343=PLANE('',#2342);
#2344=ORIENTED_EDGE('',*,*,#2263,.F.);
#2345=ORIENTED_EDGE('',*,*,#2330,.F.);
#2346=ORIENTED_EDGE('',*,*,#2172,.F.);
#2347=ORIENTED_EDGE('',*,*,#2201,.F.);
#2348=EDGE_LOOP('',(#2344,#2345,#2346,#2347));
#2349=FACE_OUTER_BOUND('',#2348,.F.);
#2351=ORIENTED_EDGE('',*,*,#2350,.F.);
#2353=ORIENTED_EDGE('',*,*,#2352,.F.);
#2354=EDGE_LOOP('',(#2351,#2353));
#2355=FACE_BOUND('',#2354,.F.);
#2356=ADVANCED_FACE('',(#2349,#2355),#2343,.T.);
#2357=CARTESIAN_POINT('',(-1.4E0,4.5E-1,-1.7E0));
#2358=DIRECTION('',(0.E0,-1.E0,0.E0));
#2359=DIRECTION('',(1.E0,0.E0,0.E0));
#2360=AXIS2_PLACEMENT_3D('',#2357,#2358,#2359);
#2361=CYLINDRICAL_SURFACE('',#2360,4.E-1);
#2362=ORIENTED_EDGE('',*,*,#2350,.T.);
#2364=ORIENTED_EDGE('',*,*,#2363,.T.);
#2366=ORIENTED_EDGE('',*,*,#2365,.F.);
#2368=ORIENTED_EDGE('',*,*,#2367,.F.);
#2369=EDGE_LOOP('',(#2362,#2364,#2366,#2368));
#2370=FACE_OUTER_BOUND('',#2369,.F.);
#2371=ADVANCED_FACE('',(#2370),#2361,.F.);
#2372=CARTESIAN_POINT('',(-1.4E0,4.5E-1,-1.7E0));
#2373=DIRECTION('',(0.E0,-1.E0,0.E0));
#2374=DIRECTION('',(1.E0,0.E0,0.E0));
#2375=AXIS2_PLACEMENT_3D('',#2372,#2373,#2374);
#2376=CYLINDRICAL_SURFACE('',#2375,4.E-1);
#2377=ORIENTED_EDGE('',*,*,#2352,.T.);
#2378=ORIENTED_EDGE('',*,*,#2367,.T.);
#2380=ORIENTED_EDGE('',*,*,#2379,.F.);
#2381=ORIENTED_EDGE('',*,*,#2363,.F.);
#2382=EDGE_LOOP('',(#2377,#2378,#2380,#2381));
#2383=FACE_OUTER_BOUND('',#2382,.F.);
#2384=ADVANCED_FACE('',(#2383),#2376,.F.);
#2385=CARTESIAN_POINT('',(-1.4E0,4.E-1,-1.7E0));
#2386=DIRECTION('',(0.E0,-1.E0,0.E0));
#2387=DIRECTION('',(1.E0,0.E0,0.E0));
#2388=AXIS2_PLACEMENT_3D('',#2385,#2386,#2387);
#2389=PLANE('',#2388);
#2390=ORIENTED_EDGE('',*,*,#2365,.T.);
#2391=ORIENTED_EDGE('',*,*,#2379,.T.);
#2392=EDGE_LOOP('',(#2390,#2391));
#2393=FACE_OUTER_BOUND('',#2392,.F.);
#2394=ADVANCED_FACE('',(#2393),#2389,.F.);
#2395=CARTESIAN_POINT('',(2.023371143929E0,3.5E-1,-2.323371143929E0));
#2396=DIRECTION('',(0.E0,-6.293203910498E-1,-7.771459614570E-1));
#2397=DIRECTION('',(0.E0,7.771459614570E-1,-6.293203910498E-1));
#2398=AXIS2_PLACEMENT_3D('',#2395,#2396,#2397);
#2399=SPHERICAL_SURFACE('',#2398,1.E-1);
#2400=ORIENTED_EDGE('',*,*,#2334,.F.);
#2401=ORIENTED_EDGE('',*,*,#2143,.F.);
#2402=ORIENTED_EDGE('',*,*,#2174,.F.);
#2403=EDGE_LOOP('',(#2400,#2401,#2402));
#2404=FACE_OUTER_BOUND('',#2403,.F.);
#2405=ADVANCED_FACE('',(#2404),#2399,.T.);
#2406=CARTESIAN_POINT('',(-2.023371143929E0,3.5E-1,2.323371143929E0));
#2407=DIRECTION('',(0.E0,-6.293203910498E-1,7.771459614570E-1));
#2408=DIRECTION('',(0.E0,7.771459614570E-1,6.293203910498E-1));
#2409=AXIS2_PLACEMENT_3D('',#2406,#2407,#2408);
#2410=SPHERICAL_SURFACE('',#2409,1.E-1);
#2411=ORIENTED_EDGE('',*,*,#2232,.F.);
#2412=ORIENTED_EDGE('',*,*,#2265,.F.);
#2413=ORIENTED_EDGE('',*,*,#2199,.F.);
#2414=EDGE_LOOP('',(#2411,#2412,#2413));
#2415=FACE_OUTER_BOUND('',#2414,.F.);
#2416=ADVANCED_FACE('',(#2415),#2410,.T.);
#2417=CARTESIAN_POINT('',(1.725026753969E0,1.7536E0,2.025026753969E0));
#2418=DIRECTION('',(2.035585949528E-1,-9.576678948580E-1,2.035585949528E-1));
#2419=DIRECTION('',(9.781476007338E-1,2.079116908178E-1,0.E0));
#2420=AXIS2_PLACEMENT_3D('',#2417,#2418,#2419);
#2421=CYLINDRICAL_SURFACE('',#2420,1.E-1);
#2422=ORIENTED_EDGE('',*,*,#2159,.T.);
#2423=ORIENTED_EDGE('',*,*,#2061,.F.);
#2424=ORIENTED_EDGE('',*,*,#2218,.F.);
#2425=ORIENTED_EDGE('',*,*,#2187,.T.);
#2426=EDGE_LOOP('',(#2422,#2423,#2424,#2425));
#2427=FACE_OUTER_BOUND('',#2426,.F.);
#2428=ADVANCED_FACE('',(#2427),#2421,.T.);
#2429=CARTESIAN_POINT('',(2.502388611309E0,1.7536E0,2.802388611309E0));
#2430=DIRECTION('',(-2.035585949528E-1,-9.576678948580E-1,-2.035585949528E-1));
#2431=DIRECTION('',(9.781476007338E-1,-2.079116908178E-1,0.E0));
#2432=AXIS2_PLACEMENT_3D('',#2429,#2430,#2431);
#2433=CYLINDRICAL_SURFACE('',#2432,1.E-1);
#2435=ORIENTED_EDGE('',*,*,#2434,.F.);
#2436=ORIENTED_EDGE('',*,*,#2054,.F.);
#2437=ORIENTED_EDGE('',*,*,#1931,.T.);
#2438=ORIENTED_EDGE('',*,*,#1963,.T.);
#2439=EDGE_LOOP('',(#2435,#2436,#2437,#2438));
#2440=FACE_OUTER_BOUND('',#2439,.F.);
#2441=ADVANCED_FACE('',(#2440),#2433,.T.);
#2442=CARTESIAN_POINT('',(-2.2E0,-1.5E-1,2.5E0));
#2443=DIRECTION('',(0.E0,-2.079116908178E-1,9.781476007338E-1));
#2444=DIRECTION('',(1.E0,0.E0,0.E0));
#2445=AXIS2_PLACEMENT_3D('',#2442,#2443,#2444);
#2446=PLANE('',#2445);
#2447=ORIENTED_EDGE('',*,*,#2434,.T.);
#2448=ORIENTED_EDGE('',*,*,#1977,.T.);
#2449=ORIENTED_EDGE('',*,*,#2003,.F.);
#2450=ORIENTED_EDGE('',*,*,#2016,.F.);
#2451=ORIENTED_EDGE('',*,*,#2038,.T.);
#2452=ORIENTED_EDGE('',*,*,#2056,.F.);
#2453=EDGE_LOOP('',(#2447,#2448,#2449,#2450,#2451,#2452));
#2454=FACE_OUTER_BOUND('',#2453,.F.);
#2455=ADVANCED_FACE('',(#2454),#2446,.T.);
#2456=CARTESIAN_POINT('',(2.033998972012E0,-4.5E-1,-2.333998972012E0));
#2457=DIRECTION('',(-7.071067811865E-1,0.E0,-7.071067811865E-1));
#2458=DIRECTION('',(6.771734625787E-1,-2.878753257198E-1,-6.771734625787E-1));
#2459=AXIS2_PLACEMENT_3D('',#2456,#2457,#2458);
#2460=SPHERICAL_SURFACE('',#2459,1.E-1);
#2461=ORIENTED_EDGE('',*,*,#1951,.F.);
#2462=ORIENTED_EDGE('',*,*,#1918,.F.);
#2464=ORIENTED_EDGE('',*,*,#2463,.F.);
#2465=EDGE_LOOP('',(#2461,#2462,#2464));
#2466=FACE_OUTER_BOUND('',#2465,.F.);
#2467=ADVANCED_FACE('',(#2466),#2460,.T.);
#2468=CARTESIAN_POINT('',(-7.93584E0,-4.5E-1,-2.333998972012E0));
#2469=DIRECTION('',(1.E0,0.E0,0.E0));
#2470=DIRECTION('',(0.E0,-1.E0,0.E0));
#2471=AXIS2_PLACEMENT_3D('',#2468,#2469,#2470);
#2472=CYLINDRICAL_SURFACE('',#2471,1.E-1);
#2473=ORIENTED_EDGE('',*,*,#1903,.F.);
#2475=ORIENTED_EDGE('',*,*,#2474,.T.);
#2476=ORIENTED_EDGE('',*,*,#1769,.T.);
#2477=ORIENTED_EDGE('',*,*,#2463,.T.);
#2478=EDGE_LOOP('',(#2473,#2475,#2476,#2477));
#2479=FACE_OUTER_BOUND('',#2478,.F.);
#2480=ADVANCED_FACE('',(#2479),#2472,.T.);
#2481=CARTESIAN_POINT('',(-2.033998972012E0,-4.5E-1,-2.333998972012E0));
#2482=DIRECTION('',(0.E0,6.293203910498E-1,-7.771459614570E-1));
#2483=DIRECTION('',(0.E0,-7.771459614570E-1,-6.293203910498E-1));
#2484=AXIS2_PLACEMENT_3D('',#2481,#2482,#2483);
#2485=SPHERICAL_SURFACE('',#2484,1.E-1);
#2486=ORIENTED_EDGE('',*,*,#2474,.F.);
#2487=ORIENTED_EDGE('',*,*,#1884,.F.);
#2488=ORIENTED_EDGE('',*,*,#1850,.F.);
#2489=EDGE_LOOP('',(#2486,#2487,#2488));
#2490=FACE_OUTER_BOUND('',#2489,.F.);
#2491=ADVANCED_FACE('',(#2490),#2485,.T.);
#2492=CARTESIAN_POINT('',(-1.499528454287E-1,-5.5E-1,1.922405165973E0));
#2493=DIRECTION('',(0.E0,0.E0,1.E0));
#2494=DIRECTION('',(1.E0,0.E0,0.E0));
#2495=AXIS2_PLACEMENT_3D('',#2492,#2493,#2494);
#2496=PLANE('',#2495);
#2497=ORIENTED_EDGE('',*,*,#1773,.T.);
#2499=ORIENTED_EDGE('',*,*,#2498,.T.);
#2501=ORIENTED_EDGE('',*,*,#2500,.F.);
#2503=ORIENTED_EDGE('',*,*,#2502,.F.);
#2504=EDGE_LOOP('',(#2497,#2499,#2501,#2503));
#2505=FACE_OUTER_BOUND('',#2504,.F.);
#2506=ADVANCED_FACE('',(#2505),#2496,.F.);
#2507=CARTESIAN_POINT('',(1.499528454286E-1,-5.5E-1,1.922405165973E0));
#2508=DIRECTION('',(1.E0,0.E0,-3.312936358052E-13));
#2509=DIRECTION('',(-3.312936358052E-13,0.E0,-1.E0));
#2510=AXIS2_PLACEMENT_3D('',#2507,#2508,#2509);
#2511=PLANE('',#2510);
#2512=ORIENTED_EDGE('',*,*,#1835,.T.);
#2514=ORIENTED_EDGE('',*,*,#2513,.T.);
#2516=ORIENTED_EDGE('',*,*,#2515,.F.);
#2517=ORIENTED_EDGE('',*,*,#2498,.F.);
#2518=EDGE_LOOP('',(#2512,#2514,#2516,#2517));
#2519=FACE_OUTER_BOUND('',#2518,.F.);
#2520=ADVANCED_FACE('',(#2519),#2511,.F.);
#2521=CARTESIAN_POINT('',(1.499528454286E-1,-5.5E-1,1.815000000001E0));
#2522=DIRECTION('',(-8.926193118002E-13,0.E0,1.E0));
#2523=DIRECTION('',(1.E0,0.E0,8.926193118002E-13));
#2524=AXIS2_PLACEMENT_3D('',#2521,#2522,#2523);
#2525=PLANE('',#2524);
#2526=ORIENTED_EDGE('',*,*,#1833,.T.);
#2528=ORIENTED_EDGE('',*,*,#2527,.T.);
#2530=ORIENTED_EDGE('',*,*,#2529,.F.);
#2531=ORIENTED_EDGE('',*,*,#2513,.F.);
#2532=EDGE_LOOP('',(#2526,#2528,#2530,#2531));
#2533=FACE_OUTER_BOUND('',#2532,.F.);
#2534=ADVANCED_FACE('',(#2533),#2525,.F.);
#2535=CARTESIAN_POINT('',(2.499528454284E-1,-5.5E-1,1.815000000001E0));
#2536=DIRECTION('',(1.E0,0.E0,0.E0));
#2537=DIRECTION('',(0.E0,0.E0,-1.E0));
#2538=AXIS2_PLACEMENT_3D('',#2535,#2536,#2537);
#2539=PLANE('',#2538);
#2540=ORIENTED_EDGE('',*,*,#1831,.T.);
#2542=ORIENTED_EDGE('',*,*,#2541,.T.);
#2544=ORIENTED_EDGE('',*,*,#2543,.F.);
#2545=ORIENTED_EDGE('',*,*,#2527,.F.);
#2546=EDGE_LOOP('',(#2540,#2542,#2544,#2545));
#2547=FACE_OUTER_BOUND('',#2546,.F.);
#2548=ADVANCED_FACE('',(#2547),#2539,.F.);
#2549=CARTESIAN_POINT('',(2.499528454284E-1,-5.5E-1,1.685000000001E0));
#2550=DIRECTION('',(-8.778189834620E-13,0.E0,1.E0));
#2551=DIRECTION('',(1.E0,0.E0,8.778189834620E-13));
#2552=AXIS2_PLACEMENT_3D('',#2549,#2550,#2551);
#2553=PLANE('',#2552);
#2554=ORIENTED_EDGE('',*,*,#1829,.T.);
#2556=ORIENTED_EDGE('',*,*,#2555,.T.);
#2558=ORIENTED_EDGE('',*,*,#2557,.F.);
#2559=ORIENTED_EDGE('',*,*,#2541,.F.);
#2560=EDGE_LOOP('',(#2554,#2556,#2558,#2559));
#2561=FACE_OUTER_BOUND('',#2560,.F.);
#2562=ADVANCED_FACE('',(#2561),#2553,.F.);
#2563=CARTESIAN_POINT('',(1.390000000082E0,-5.5E-1,1.685000000002E0));
#2564=DIRECTION('',(1.E0,0.E0,-2.255103207441E-11));
#2565=DIRECTION('',(-2.255103207441E-11,0.E0,-1.E0));
#2566=AXIS2_PLACEMENT_3D('',#2563,#2564,#2565);
#2567=PLANE('',#2566);
#2568=ORIENTED_EDGE('',*,*,#1827,.T.);
#2570=ORIENTED_EDGE('',*,*,#2569,.T.);
#2572=ORIENTED_EDGE('',*,*,#2571,.F.);
#2573=ORIENTED_EDGE('',*,*,#2555,.F.);
#2574=EDGE_LOOP('',(#2568,#2570,#2572,#2573));
#2575=FACE_OUTER_BOUND('',#2574,.F.);
#2576=ADVANCED_FACE('',(#2575),#2567,.F.);
#2577=CARTESIAN_POINT('',(1.390000000008E0,-5.5E-1,-1.628118200196E0));
#2578=DIRECTION('',(0.E0,0.E0,1.E0));
#2579=DIRECTION('',(1.E0,0.E0,0.E0));
#2580=AXIS2_PLACEMENT_3D('',#2577,#2578,#2579);
#2581=PLANE('',#2580);
#2582=ORIENTED_EDGE('',*,*,#1825,.T.);
#2584=ORIENTED_EDGE('',*,*,#2583,.T.);
#2586=ORIENTED_EDGE('',*,*,#2585,.F.);
#2587=ORIENTED_EDGE('',*,*,#2569,.F.);
#2588=EDGE_LOOP('',(#2582,#2584,#2586,#2587));
#2589=FACE_OUTER_BOUND('',#2588,.F.);
#2590=ADVANCED_FACE('',(#2589),#2581,.F.);
#2591=CARTESIAN_POINT('',(1.520000000008E0,-5.5E-1,-1.628118200196E0));
#2592=DIRECTION('',(1.E0,0.E0,-2.269480741663E-11));
#2593=DIRECTION('',(-2.269480741663E-11,0.E0,-1.E0));
#2594=AXIS2_PLACEMENT_3D('',#2591,#2592,#2593);
#2595=PLANE('',#2594);
#2596=ORIENTED_EDGE('',*,*,#1823,.T.);
#2598=ORIENTED_EDGE('',*,*,#2597,.T.);
#2600=ORIENTED_EDGE('',*,*,#2599,.F.);
#2601=ORIENTED_EDGE('',*,*,#2583,.F.);
#2602=EDGE_LOOP('',(#2596,#2598,#2600,#2601));
#2603=FACE_OUTER_BOUND('',#2602,.F.);
#2604=ADVANCED_FACE('',(#2603),#2595,.F.);
#2605=CARTESIAN_POINT('',(1.37E0,-5.5E-1,-1.949999999999E0));
#2606=DIRECTION('',(0.E0,1.E0,0.E0));
#2607=DIRECTION('',(1.E0,0.E0,0.E0));
#2608=AXIS2_PLACEMENT_3D('',#2605,#2606,#2607);
#2609=CYLINDRICAL_SURFACE('',#2608,1.499999999999E-1);
#2610=ORIENTED_EDGE('',*,*,#1821,.T.);
#2612=ORIENTED_EDGE('',*,*,#2611,.T.);
#2614=ORIENTED_EDGE('',*,*,#2613,.F.);
#2615=ORIENTED_EDGE('',*,*,#2597,.F.);
#2616=EDGE_LOOP('',(#2610,#2612,#2614,#2615));
#2617=FACE_OUTER_BOUND('',#2616,.F.);
#2618=ADVANCED_FACE('',(#2617),#2609,.F.);
#2619=CARTESIAN_POINT('',(1.37E0,-5.5E-1,-2.099999999999E0));
#2620=DIRECTION('',(1.480297371589E-14,0.E0,-1.E0));
#2621=DIRECTION('',(-1.E0,0.E0,-1.480297371589E-14));
#2622=AXIS2_PLACEMENT_3D('',#2619,#2620,#2621);
#2623=PLANE('',#2622);
#2624=ORIENTED_EDGE('',*,*,#1819,.T.);
#2626=ORIENTED_EDGE('',*,*,#2625,.T.);
#2628=ORIENTED_EDGE('',*,*,#2627,.F.);
#2629=ORIENTED_EDGE('',*,*,#2611,.F.);
#2630=EDGE_LOOP('',(#2624,#2626,#2628,#2629));
#2631=FACE_OUTER_BOUND('',#2630,.F.);
#2632=ADVANCED_FACE('',(#2631),#2623,.F.);
#2633=CARTESIAN_POINT('',(1.220000000550E0,-5.5E-1,-2.099999999999E0));
#2634=DIRECTION('',(-1.E0,0.E0,-9.407993045210E-13));
#2635=DIRECTION('',(-9.407993045210E-13,0.E0,1.E0));
#2636=AXIS2_PLACEMENT_3D('',#2633,#2634,#2635);
#2637=PLANE('',#2636);
#2638=ORIENTED_EDGE('',*,*,#1817,.T.);
#2640=ORIENTED_EDGE('',*,*,#2639,.T.);
#2642=ORIENTED_EDGE('',*,*,#2641,.F.);
#2643=ORIENTED_EDGE('',*,*,#2625,.F.);
#2644=EDGE_LOOP('',(#2638,#2640,#2642,#2643));
#2645=FACE_OUTER_BOUND('',#2644,.F.);
#2646=ADVANCED_FACE('',(#2645),#2637,.F.);
#2647=CARTESIAN_POINT('',(1.220000000550E0,-5.5E-1,-1.908118200196E0));
#2648=DIRECTION('',(0.E0,0.E0,1.E0));
#2649=DIRECTION('',(1.E0,0.E0,0.E0));
#2650=AXIS2_PLACEMENT_3D('',#2647,#2648,#2649);
#2651=PLANE('',#2650);
#2652=ORIENTED_EDGE('',*,*,#1815,.T.);
#2654=ORIENTED_EDGE('',*,*,#2653,.T.);
#2656=ORIENTED_EDGE('',*,*,#2655,.F.);
#2657=ORIENTED_EDGE('',*,*,#2639,.F.);
#2658=EDGE_LOOP('',(#2652,#2654,#2656,#2657));
#2659=FACE_OUTER_BOUND('',#2658,.F.);
#2660=ADVANCED_FACE('',(#2659),#2651,.F.);
#2661=CARTESIAN_POINT('',(1.240000000549E0,-5.5E-1,-1.828118200196E0));
#2662=DIRECTION('',(0.E0,1.E0,0.E0));
#2663=DIRECTION('',(1.E0,0.E0,0.E0));
#2664=AXIS2_PLACEMENT_3D('',#2661,#2662,#2663);
#2665=CYLINDRICAL_SURFACE('',#2664,8.000000000002E-2);
#2666=ORIENTED_EDGE('',*,*,#1813,.F.);
#2668=ORIENTED_EDGE('',*,*,#2667,.T.);
#2670=ORIENTED_EDGE('',*,*,#2669,.F.);
#2671=ORIENTED_EDGE('',*,*,#2653,.F.);
#2672=EDGE_LOOP('',(#2666,#2668,#2670,#2671));
#2673=FACE_OUTER_BOUND('',#2672,.F.);
#2674=ADVANCED_FACE('',(#2673),#2665,.T.);
#2675=CARTESIAN_POINT('',(1.320000000549E0,-5.5E-1,-1.828118200196E0));
#2676=DIRECTION('',(-1.E0,0.E0,0.E0));
#2677=DIRECTION('',(0.E0,0.E0,1.E0));
#2678=AXIS2_PLACEMENT_3D('',#2675,#2676,#2677);
#2679=PLANE('',#2678);
#2680=ORIENTED_EDGE('',*,*,#1811,.T.);
#2682=ORIENTED_EDGE('',*,*,#2681,.T.);
#2684=ORIENTED_EDGE('',*,*,#2683,.F.);
#2685=ORIENTED_EDGE('',*,*,#2667,.F.);
#2686=EDGE_LOOP('',(#2680,#2682,#2684,#2685));
#2687=FACE_OUTER_BOUND('',#2686,.F.);
#2688=ADVANCED_FACE('',(#2687),#2679,.F.);
#2689=CARTESIAN_POINT('',(1.220000000549E0,-5.5E-1,-1.816236400394E0));
#2690=DIRECTION('',(0.E0,1.E0,0.E0));
#2691=DIRECTION('',(1.E0,0.E0,0.E0));
#2692=AXIS2_PLACEMENT_3D('',#2689,#2690,#2691);
#2693=CYLINDRICAL_SURFACE('',#2692,9.999999999996E-2);
#2694=ORIENTED_EDGE('',*,*,#1809,.F.);
#2696=ORIENTED_EDGE('',*,*,#2695,.T.);
#2698=ORIENTED_EDGE('',*,*,#2697,.F.);
#2699=ORIENTED_EDGE('',*,*,#2681,.F.);
#2700=EDGE_LOOP('',(#2694,#2696,#2698,#2699));
#2701=FACE_OUTER_BOUND('',#2700,.F.);
#2702=ADVANCED_FACE('',(#2701),#2693,.T.);
#2703=CARTESIAN_POINT('',(1.220000000549E0,-5.5E-1,-1.716236400394E0));
#2704=DIRECTION('',(-1.E0,0.E0,5.190890021791E-13));
#2705=DIRECTION('',(5.190890021791E-13,0.E0,1.E0));
#2706=AXIS2_PLACEMENT_3D('',#2703,#2704,#2705);
#2707=PLANE('',#2706);
#2708=ORIENTED_EDGE('',*,*,#1807,.T.);
#2710=ORIENTED_EDGE('',*,*,#2709,.T.);
#2712=ORIENTED_EDGE('',*,*,#2711,.F.);
#2713=ORIENTED_EDGE('',*,*,#2695,.F.);
#2714=EDGE_LOOP('',(#2708,#2710,#2712,#2713));
#2715=FACE_OUTER_BOUND('',#2714,.F.);
#2716=ADVANCED_FACE('',(#2715),#2707,.F.);
#2717=CARTESIAN_POINT('',(1.220000000549E0,-5.5E-1,-1.628118200196E0));
#2718=DIRECTION('',(0.E0,0.E0,-1.E0));
#2719=DIRECTION('',(-1.E0,0.E0,0.E0));
#2720=AXIS2_PLACEMENT_3D('',#2717,#2718,#2719);
#2721=PLANE('',#2720);
#2722=ORIENTED_EDGE('',*,*,#1805,.T.);
#2724=ORIENTED_EDGE('',*,*,#2723,.T.);
#2726=ORIENTED_EDGE('',*,*,#2725,.F.);
#2727=ORIENTED_EDGE('',*,*,#2709,.F.);
#2728=EDGE_LOOP('',(#2722,#2724,#2726,#2727));
#2729=FACE_OUTER_BOUND('',#2728,.F.);
#2730=ADVANCED_FACE('',(#2729),#2721,.F.);
#2731=CARTESIAN_POINT('',(-1.220000000549E0,-5.5E-1,-1.628118200196E0));
#2732=DIRECTION('',(1.E0,0.E0,5.190890021791E-13));
#2733=DIRECTION('',(5.190890021791E-13,0.E0,-1.E0));
#2734=AXIS2_PLACEMENT_3D('',#2731,#2732,#2733);
#2735=PLANE('',#2734);
#2736=ORIENTED_EDGE('',*,*,#1803,.T.);
#2738=ORIENTED_EDGE('',*,*,#2737,.T.);
#2740=ORIENTED_EDGE('',*,*,#2739,.F.);
#2741=ORIENTED_EDGE('',*,*,#2723,.F.);
#2742=EDGE_LOOP('',(#2736,#2738,#2740,#2741));
#2743=FACE_OUTER_BOUND('',#2742,.F.);
#2744=ADVANCED_FACE('',(#2743),#2735,.F.);
#2745=CARTESIAN_POINT('',(-1.220000000549E0,-5.5E-1,-1.816236400394E0));
#2746=DIRECTION('',(0.E0,1.E0,0.E0));
#2747=DIRECTION('',(1.E0,0.E0,0.E0));
#2748=AXIS2_PLACEMENT_3D('',#2745,#2746,#2747);
#2749=CYLINDRICAL_SURFACE('',#2748,9.999999999996E-2);
#2750=ORIENTED_EDGE('',*,*,#1801,.F.);
#2752=ORIENTED_EDGE('',*,*,#2751,.T.);
#2754=ORIENTED_EDGE('',*,*,#2753,.F.);
#2755=ORIENTED_EDGE('',*,*,#2737,.F.);
#2756=EDGE_LOOP('',(#2750,#2752,#2754,#2755));
#2757=FACE_OUTER_BOUND('',#2756,.F.);
#2758=ADVANCED_FACE('',(#2757),#2749,.T.);
#2759=CARTESIAN_POINT('',(-1.320000000549E0,-5.5E-1,-1.816236400394E0));
#2760=DIRECTION('',(1.E0,0.E0,0.E0));
#2761=DIRECTION('',(0.E0,0.E0,-1.E0));
#2762=AXIS2_PLACEMENT_3D('',#2759,#2760,#2761);
#2763=PLANE('',#2762);
#2764=ORIENTED_EDGE('',*,*,#1799,.T.);
#2766=ORIENTED_EDGE('',*,*,#2765,.T.);
#2768=ORIENTED_EDGE('',*,*,#2767,.F.);
#2769=ORIENTED_EDGE('',*,*,#2751,.F.);
#2770=EDGE_LOOP('',(#2764,#2766,#2768,#2769));
#2771=FACE_OUTER_BOUND('',#2770,.F.);
#2772=ADVANCED_FACE('',(#2771),#2763,.F.);
#2773=CARTESIAN_POINT('',(-1.240000000549E0,-5.5E-1,-1.828118200196E0));
#2774=DIRECTION('',(0.E0,1.E0,0.E0));
#2775=DIRECTION('',(1.E0,0.E0,0.E0));
#2776=AXIS2_PLACEMENT_3D('',#2773,#2774,#2775);
#2777=CYLINDRICAL_SURFACE('',#2776,8.000000000002E-2);
#2778=ORIENTED_EDGE('',*,*,#1797,.F.);
#2780=ORIENTED_EDGE('',*,*,#2779,.T.);
#2782=ORIENTED_EDGE('',*,*,#2781,.F.);
#2783=ORIENTED_EDGE('',*,*,#2765,.F.);
#2784=EDGE_LOOP('',(#2778,#2780,#2782,#2783));
#2785=FACE_OUTER_BOUND('',#2784,.F.);
#2786=ADVANCED_FACE('',(#2785),#2777,.T.);
#2787=CARTESIAN_POINT('',(-1.240000000549E0,-5.5E-1,-1.908118200196E0));
#2788=DIRECTION('',(0.E0,0.E0,1.E0));
#2789=DIRECTION('',(1.E0,0.E0,0.E0));
#2790=AXIS2_PLACEMENT_3D('',#2787,#2788,#2789);
#2791=PLANE('',#2790);
#2792=ORIENTED_EDGE('',*,*,#1795,.T.);
#2794=ORIENTED_EDGE('',*,*,#2793,.T.);
#2796=ORIENTED_EDGE('',*,*,#2795,.F.);
#2797=ORIENTED_EDGE('',*,*,#2779,.F.);
#2798=EDGE_LOOP('',(#2792,#2794,#2796,#2797));
#2799=FACE_OUTER_BOUND('',#2798,.F.);
#2800=ADVANCED_FACE('',(#2799),#2791,.F.);
#2801=CARTESIAN_POINT('',(-1.220000000549E0,-5.5E-1,-1.908118200196E0));
#2802=DIRECTION('',(1.E0,0.E0,-9.523712516860E-13));
#2803=DIRECTION('',(-9.523712516860E-13,0.E0,-1.E0));
#2804=AXIS2_PLACEMENT_3D('',#2801,#2802,#2803);
#2805=PLANE('',#2804);
#2806=ORIENTED_EDGE('',*,*,#1793,.T.);
#2808=ORIENTED_EDGE('',*,*,#2807,.T.);
#2810=ORIENTED_EDGE('',*,*,#2809,.F.);
#2811=ORIENTED_EDGE('',*,*,#2793,.F.);
#2812=EDGE_LOOP('',(#2806,#2808,#2810,#2811));
#2813=FACE_OUTER_BOUND('',#2812,.F.);
#2814=ADVANCED_FACE('',(#2813),#2805,.F.);
#2815=CARTESIAN_POINT('',(-1.220000000550E0,-5.5E-1,-2.099999999999E0));
#2816=DIRECTION('',(0.E0,0.E0,-1.E0));
#2817=DIRECTION('',(-1.E0,0.E0,0.E0));
#2818=AXIS2_PLACEMENT_3D('',#2815,#2816,#2817);
#2819=PLANE('',#2818);
#2820=ORIENTED_EDGE('',*,*,#1791,.T.);
#2822=ORIENTED_EDGE('',*,*,#2821,.T.);
#2824=ORIENTED_EDGE('',*,*,#2823,.F.);
#2825=ORIENTED_EDGE('',*,*,#2807,.F.);
#2826=EDGE_LOOP('',(#2820,#2822,#2824,#2825));
#2827=FACE_OUTER_BOUND('',#2826,.F.);
#2828=ADVANCED_FACE('',(#2827),#2819,.F.);
#2829=CARTESIAN_POINT('',(-1.37E0,-5.5E-1,-1.949999999999E0));
#2830=DIRECTION('',(0.E0,1.E0,0.E0));
#2831=DIRECTION('',(1.E0,0.E0,0.E0));
#2832=AXIS2_PLACEMENT_3D('',#2829,#2830,#2831);
#2833=CYLINDRICAL_SURFACE('',#2832,1.499999999999E-1);
#2834=ORIENTED_EDGE('',*,*,#1789,.T.);
#2836=ORIENTED_EDGE('',*,*,#2835,.T.);
#2838=ORIENTED_EDGE('',*,*,#2837,.F.);
#2839=ORIENTED_EDGE('',*,*,#2821,.F.);
#2840=EDGE_LOOP('',(#2834,#2836,#2838,#2839));
#2841=FACE_OUTER_BOUND('',#2840,.F.);
#2842=ADVANCED_FACE('',(#2841),#2833,.F.);
#2843=CARTESIAN_POINT('',(-1.52E0,-5.5E-1,-1.949999999999E0));
#2844=DIRECTION('',(-1.E0,0.E0,-2.270239557681E-11));
#2845=DIRECTION('',(-2.270239557681E-11,0.E0,1.E0));
#2846=AXIS2_PLACEMENT_3D('',#2843,#2844,#2845);
#2847=PLANE('',#2846);
#2848=ORIENTED_EDGE('',*,*,#1787,.T.);
#2850=ORIENTED_EDGE('',*,*,#2849,.T.);
#2852=ORIENTED_EDGE('',*,*,#2851,.F.);
#2853=ORIENTED_EDGE('',*,*,#2835,.F.);
#2854=EDGE_LOOP('',(#2848,#2850,#2852,#2853));
#2855=FACE_OUTER_BOUND('',#2854,.F.);
#2856=ADVANCED_FACE('',(#2855),#2847,.F.);
#2857=CARTESIAN_POINT('',(-1.520000000008E0,-5.5E-1,-1.628118200196E0));
#2858=DIRECTION('',(0.E0,0.E0,1.E0));
#2859=DIRECTION('',(1.E0,0.E0,0.E0));
#2860=AXIS2_PLACEMENT_3D('',#2857,#2858,#2859);
#2861=PLANE('',#2860);
#2862=ORIENTED_EDGE('',*,*,#1785,.T.);
#2864=ORIENTED_EDGE('',*,*,#2863,.T.);
#2866=ORIENTED_EDGE('',*,*,#2865,.F.);
#2867=ORIENTED_EDGE('',*,*,#2849,.F.);
#2868=EDGE_LOOP('',(#2862,#2864,#2866,#2867));
#2869=FACE_OUTER_BOUND('',#2868,.F.);
#2870=ADVANCED_FACE('',(#2869),#2861,.F.);
#2871=CARTESIAN_POINT('',(-1.390000000008E0,-5.5E-1,-1.628118200196E0));
#2872=DIRECTION('',(-1.E0,0.E0,-2.255176929250E-11));
#2873=DIRECTION('',(-2.255176929250E-11,0.E0,1.E0));
#2874=AXIS2_PLACEMENT_3D('',#2871,#2872,#2873);
#2875=PLANE('',#2874);
#2876=ORIENTED_EDGE('',*,*,#1783,.T.);
#2878=ORIENTED_EDGE('',*,*,#2877,.T.);
#2880=ORIENTED_EDGE('',*,*,#2879,.F.);
#2881=ORIENTED_EDGE('',*,*,#2863,.F.);
#2882=EDGE_LOOP('',(#2876,#2878,#2880,#2881));
#2883=FACE_OUTER_BOUND('',#2882,.F.);
#2884=ADVANCED_FACE('',(#2883),#2875,.F.);
#2885=CARTESIAN_POINT('',(-1.390000000082E0,-5.5E-1,1.685000000002E0));
#2886=DIRECTION('',(8.778189834620E-13,0.E0,1.E0));
#2887=DIRECTION('',(1.E0,0.E0,-8.778189834620E-13));
#2888=AXIS2_PLACEMENT_3D('',#2885,#2886,#2887);
#2889=PLANE('',#2888);
#2890=ORIENTED_EDGE('',*,*,#1781,.T.);
#2892=ORIENTED_EDGE('',*,*,#2891,.T.);
#2894=ORIENTED_EDGE('',*,*,#2893,.F.);
#2895=ORIENTED_EDGE('',*,*,#2877,.F.);
#2896=EDGE_LOOP('',(#2890,#2892,#2894,#2895));
#2897=FACE_OUTER_BOUND('',#2896,.F.);
#2898=ADVANCED_FACE('',(#2897),#2889,.F.);
#2899=CARTESIAN_POINT('',(-2.499528454284E-1,-5.5E-1,1.685000000001E0));
#2900=DIRECTION('',(-1.E0,0.E0,0.E0));
#2901=DIRECTION('',(0.E0,0.E0,1.E0));
#2902=AXIS2_PLACEMENT_3D('',#2899,#2900,#2901);
#2903=PLANE('',#2902);
#2904=ORIENTED_EDGE('',*,*,#1779,.T.);
#2906=ORIENTED_EDGE('',*,*,#2905,.T.);
#2908=ORIENTED_EDGE('',*,*,#2907,.F.);
#2909=ORIENTED_EDGE('',*,*,#2891,.F.);
#2910=EDGE_LOOP('',(#2904,#2906,#2908,#2909));
#2911=FACE_OUTER_BOUND('',#2910,.F.);
#2912=ADVANCED_FACE('',(#2911),#2903,.F.);
#2913=CARTESIAN_POINT('',(-2.499528454284E-1,-5.5E-1,1.815000000001E0));
#2914=DIRECTION('',(8.149037000775E-13,0.E0,1.E0));
#2915=DIRECTION('',(1.E0,0.E0,-8.149037000775E-13));
#2916=AXIS2_PLACEMENT_3D('',#2913,#2914,#2915);
#2917=PLANE('',#2916);
#2918=ORIENTED_EDGE('',*,*,#1777,.T.);
#2920=ORIENTED_EDGE('',*,*,#2919,.T.);
#2922=ORIENTED_EDGE('',*,*,#2921,.F.);
#2923=ORIENTED_EDGE('',*,*,#2905,.F.);
#2924=EDGE_LOOP('',(#2918,#2920,#2922,#2923));
#2925=FACE_OUTER_BOUND('',#2924,.F.);
#2926=ADVANCED_FACE('',(#2925),#2917,.F.);
#2927=CARTESIAN_POINT('',(-1.499528454287E-1,-5.5E-1,1.815000000001E0));
#2928=DIRECTION('',(-1.E0,0.E0,0.E0));
#2929=DIRECTION('',(0.E0,0.E0,1.E0));
#2930=AXIS2_PLACEMENT_3D('',#2927,#2928,#2929);
#2931=PLANE('',#2930);
#2932=ORIENTED_EDGE('',*,*,#1775,.T.);
#2933=ORIENTED_EDGE('',*,*,#2502,.T.);
#2935=ORIENTED_EDGE('',*,*,#2934,.F.);
#2936=ORIENTED_EDGE('',*,*,#2919,.F.);
#2937=EDGE_LOOP('',(#2932,#2933,#2935,#2936));
#2938=FACE_OUTER_BOUND('',#2937,.F.);
#2939=ADVANCED_FACE('',(#2938),#2931,.F.);
#2940=CARTESIAN_POINT('',(0.E0,-4.E-1,0.E0));
#2941=DIRECTION('',(0.E0,1.E0,0.E0));
#2942=DIRECTION('',(1.E0,0.E0,0.E0));
#2943=AXIS2_PLACEMENT_3D('',#2940,#2941,#2942);
#2944=PLANE('',#2943);
#2945=ORIENTED_EDGE('',*,*,#2500,.T.);
#2946=ORIENTED_EDGE('',*,*,#2515,.T.);
#2947=ORIENTED_EDGE('',*,*,#2529,.T.);
#2948=ORIENTED_EDGE('',*,*,#2543,.T.);
#2949=ORIENTED_EDGE('',*,*,#2557,.T.);
#2950=ORIENTED_EDGE('',*,*,#2571,.T.);
#2951=ORIENTED_EDGE('',*,*,#2585,.T.);
#2952=ORIENTED_EDGE('',*,*,#2599,.T.);
#2953=ORIENTED_EDGE('',*,*,#2613,.T.);
#2954=ORIENTED_EDGE('',*,*,#2627,.T.);
#2955=ORIENTED_EDGE('',*,*,#2641,.T.);
#2956=ORIENTED_EDGE('',*,*,#2655,.T.);
#2957=ORIENTED_EDGE('',*,*,#2669,.T.);
#2958=ORIENTED_EDGE('',*,*,#2683,.T.);
#2959=ORIENTED_EDGE('',*,*,#2697,.T.);
#2960=ORIENTED_EDGE('',*,*,#2711,.T.);
#2961=ORIENTED_EDGE('',*,*,#2725,.T.);
#2962=ORIENTED_EDGE('',*,*,#2739,.T.);
#2963=ORIENTED_EDGE('',*,*,#2753,.T.);
#2964=ORIENTED_EDGE('',*,*,#2767,.T.);
#2965=ORIENTED_EDGE('',*,*,#2781,.T.);
#2966=ORIENTED_EDGE('',*,*,#2795,.T.);
#2967=ORIENTED_EDGE('',*,*,#2809,.T.);
#2968=ORIENTED_EDGE('',*,*,#2823,.T.);
#2969=ORIENTED_EDGE('',*,*,#2837,.T.);
#2970=ORIENTED_EDGE('',*,*,#2851,.T.);
#2971=ORIENTED_EDGE('',*,*,#2865,.T.);
#2972=ORIENTED_EDGE('',*,*,#2879,.T.);
#2973=ORIENTED_EDGE('',*,*,#2893,.T.);
#2974=ORIENTED_EDGE('',*,*,#2907,.T.);
#2975=ORIENTED_EDGE('',*,*,#2921,.T.);
#2976=ORIENTED_EDGE('',*,*,#2934,.T.);
#2977=EDGE_LOOP('',(#2945,#2946,#2947,#2948,#2949,#2950,#2951,#2952,#2953,#2954,
#2955,#2956,#2957,#2958,#2959,#2960,#2961,#2962,#2963,#2964,#2965,#2966,#2967,
#2968,#2969,#2970,#2971,#2972,#2973,#2974,#2975,#2976));
#2978=FACE_OUTER_BOUND('',#2977,.F.);
#2979=ADVANCED_FACE('',(#2978),#2944,.F.);
#2980=CLOSED_SHELL('',(#1839,#1854,#1873,#1888,#1907,#1922,#1941,#1955,#1968,
#1982,#1994,#2008,#2030,#2045,#2067,#2081,#2101,#2115,#2133,#2147,#2163,#2178,
#2191,#2206,#2222,#2236,#2254,#2269,#2282,#2295,#2312,#2324,#2338,#2356,#2371,
#2384,#2394,#2405,#2416,#2428,#2441,#2455,#2467,#2480,#2491,#2506,#2520,#2534,
#2548,#2562,#2576,#2590,#2604,#2618,#2632,#2646,#2660,#2674,#2688,#2702,#2716,
#2730,#2744,#2758,#2772,#2786,#2800,#2814,#2828,#2842,#2856,#2870,#2884,#2898,
#2912,#2926,#2939,#2979));
#2981=MANIFOLD_SOLID_BREP('',#2980);
#2982=FILL_AREA_STYLE_COLOUR('',#29);
#2983=FILL_AREA_STYLE('',(#2982));
#2984=SURFACE_STYLE_FILL_AREA(#2983);
#2985=SURFACE_SIDE_STYLE('',(#2984));
#2986=SURFACE_STYLE_USAGE(.BOTH.,#2985);
#2987=PRESENTATION_STYLE_ASSIGNMENT((#2986));
#30=STYLED_ITEM('',(#2987),#2981);
#2989=DIMENSIONAL_EXPONENTS(0.E0,0.E0,0.E0,0.E0,0.E0,0.E0,0.E0);
#2991=PLANE_ANGLE_MEASURE_WITH_UNIT(PLANE_ANGLE_MEASURE(1.745329251994E-2),
#2990);
#2992=(CONVERSION_BASED_UNIT('DEGREE',#2991)NAMED_UNIT(*)PLANE_ANGLE_UNIT());
#2994=UNCERTAINTY_MEASURE_WITH_UNIT(LENGTH_MEASURE(7.326070299818E-4),#2988,
'closure',
'Maximum model space distance between geometric entities at asserted connectivities');
#2995=(GEOMETRIC_REPRESENTATION_CONTEXT(3)GLOBAL_UNCERTAINTY_ASSIGNED_CONTEXT((
#2994))GLOBAL_UNIT_ASSIGNED_CONTEXT((#2988,#2992,#2993))REPRESENTATION_CONTEXT(
'ID1','3'));
#2996=CARTESIAN_POINT('',(0.E0,0.E0,0.E0));
#2997=DIRECTION('',(0.E0,0.E0,1.E0));
#2998=DIRECTION('',(1.E0,0.E0,0.E0));
#3001=APPLICATION_CONTEXT(
'CONFIGURATION CONTROLLED 3D DESIGNS OF MECHANICAL PARTS AND ASSEMBLIES');
#3002=APPLICATION_PROTOCOL_DEFINITION('international standard',
'config_control_design',1994,#3001);
#3003=DESIGN_CONTEXT('',#3001,'design');
#3004=MECHANICAL_CONTEXT('',#3001,'mechanical');
#3005=PRODUCT('BODY-TSSOP','BODY-TSSOP','NOT SPECIFIED',(#3004));
#3006=PRODUCT_DEFINITION_FORMATION_WITH_SPECIFIED_SOURCE('27','LAST_VERSION',
#3005,.MADE.);
#3015=CARTESIAN_POINT('',(0.E0,0.E0,6.8E-1));
#3016=DIRECTION('',(0.E0,-1.E0,0.E0));
#3017=DIRECTION('',(1.E0,0.E0,0.E0));
#3018=AXIS2_PLACEMENT_3D('',#3015,#3016,#3017);
#3019=ITEM_DEFINED_TRANSFORMATION('','',#2999,#3018);
#3020=(REPRESENTATION_RELATIONSHIP('','',#3000,#3012)REPRESENTATION_RELATIONSHIP_WITH_TRANSFORMATION(#3019)SHAPE_REPRESENTATION_RELATIONSHIP());
#3021=CONTEXT_DEPENDENT_SHAPE_REPRESENTATION(#3020,#3014);
#3023=CARTESIAN_POINT('',(-1.225E-1,1.3E-1,-1.724597461104E-1));
#3024=DIRECTION('',(-1.E0,0.E0,0.E0));
#3025=DIRECTION('',(0.E0,1.564344650402E-1,9.876883405951E-1));
#3026=AXIS2_PLACEMENT_3D('',#3023,#3024,#3025);
#3028=CURVE_STYLE('',#35,POSITIVE_LENGTH_MEASURE(2.E-2),#22);
#3029=PRESENTATION_STYLE_ASSIGNMENT((#3028));
#3030=STYLED_ITEM('',(#3029),#3027);
#3031=DIRECTION('',(0.E0,-9.876883405951E-1,1.564344650402E-1));
#3032=VECTOR('',#3031,1.287028749020E-1);
#3033=CARTESIAN_POINT('',(-1.225E-1,1.769303395121E-1,1.238467560682E-1));
#3034=LINE('',#3033,#3032);
#3035=CURVE_STYLE('',#35,POSITIVE_LENGTH_MEASURE(2.E-2),#22);
#3036=PRESENTATION_STYLE_ASSIGNMENT((#3035));
#3037=STYLED_ITEM('',(#3036),#3034);
#3038=DIRECTION('',(0.E0,-6.975647374413E-2,9.975640502598E-1));
#3039=VECTOR('',#3038,3.441682751402E-1);
#3040=CARTESIAN_POINT('',(-1.225E-1,-7.635742721265E-2,2.816701014802E-1));
#3041=LINE('',#3040,#3039);
#3042=CURVE_STYLE('',#35,POSITIVE_LENGTH_MEASURE(2.E-2),#22);
#3043=PRESENTATION_STYLE_ASSIGNMENT((#3042));
#3044=STYLED_ITEM('',(#3043),#3041);
#3045=DIRECTION('',(0.E0,-9.975640502598E-1,-6.975647374412E-2));
#3046=VECTOR('',#3045,1.5E-1);
#3047=CARTESIAN_POINT('',(-1.225E-1,-1.003653924610E-1,6.25E-1));
#3048=LINE('',#3047,#3046);
#3049=CURVE_STYLE('',#35,POSITIVE_LENGTH_MEASURE(2.E-2),#22);
#3050=PRESENTATION_STYLE_ASSIGNMENT((#3049));
#3051=STYLED_ITEM('',(#3050),#3048);
#3052=DIRECTION('',(0.E0,6.975647374413E-2,-9.975640502598E-1));
#3053=VECTOR('',#3052,3.441682751402E-1);
#3054=CARTESIAN_POINT('',(-1.225E-1,-2.5E-1,6.145365289384E-1));
#3055=LINE('',#3054,#3053);
#3056=CURVE_STYLE('',#35,POSITIVE_LENGTH_MEASURE(2.E-2),#22);
#3057=PRESENTATION_STYLE_ASSIGNMENT((#3056));
#3058=STYLED_ITEM('',(#3057),#3055);
#3059=CARTESIAN_POINT('',(-1.225E-1,7.327718032632E-2,2.921335725419E-1));
#3060=DIRECTION('',(-1.E0,0.E0,0.E0));
#3061=DIRECTION('',(0.E0,-1.564344650402E-1,-9.876883405951E-1));
#3062=AXIS2_PLACEMENT_3D('',#3059,#3060,#3061);
#3064=CURVE_STYLE('',#35,POSITIVE_LENGTH_MEASURE(2.E-2),#22);
#3065=PRESENTATION_STYLE_ASSIGNMENT((#3064));
#3066=STYLED_ITEM('',(#3065),#3063);
#3067=DIRECTION('',(0.E0,9.876883405951E-1,-1.564344650402E-1));
#3068=VECTOR('',#3067,1.287028749020E-1);
#3069=CARTESIAN_POINT('',(-1.225E-1,2.634684081425E-2,-4.172929636685E-3));
#3070=LINE('',#3069,#3068);
#3071=CURVE_STYLE('',#35,POSITIVE_LENGTH_MEASURE(2.E-2),#22);
#3072=PRESENTATION_STYLE_ASSIGNMENT((#3071));
#3073=STYLED_ITEM('',(#3072),#3070);
#3074=DIRECTION('',(0.E0,0.E0,-1.E0));
#3075=VECTOR('',#3074,2.025402538896E-1);
#3076=CARTESIAN_POINT('',(-1.225E-1,2.8E-1,-1.724597461104E-1));
#3077=LINE('',#3076,#3075);
#3078=CURVE_STYLE('',#35,POSITIVE_LENGTH_MEASURE(2.E-2),#22);
#3079=PRESENTATION_STYLE_ASSIGNMENT((#3078));
#3080=STYLED_ITEM('',(#3079),#3077);
#3081=DIRECTION('',(0.E0,1.E0,0.E0));
#3082=VECTOR('',#3081,1.5E-1);
#3083=CARTESIAN_POINT('',(-1.225E-1,2.8E-1,-3.75E-1));
#3084=LINE('',#3083,#3082);
#3085=CURVE_STYLE('',#35,POSITIVE_LENGTH_MEASURE(2.E-2),#22);
#3086=PRESENTATION_STYLE_ASSIGNMENT((#3085));
#3087=STYLED_ITEM('',(#3086),#3084);
#3088=DIRECTION('',(0.E0,0.E0,1.E0));
#3089=VECTOR('',#3088,2.025402538896E-1);
#3090=CARTESIAN_POINT('',(-1.225E-1,4.3E-1,-3.75E-1));
#3091=LINE('',#3090,#3089);
#3092=CURVE_STYLE('',#35,POSITIVE_LENGTH_MEASURE(2.E-2),#22);
#3093=PRESENTATION_STYLE_ASSIGNMENT((#3092));
#3094=STYLED_ITEM('',(#3093),#3091);
#3095=DIRECTION('',(-1.E0,0.E0,0.E0));
#3096=VECTOR('',#3095,2.45E-1);
#3097=CARTESIAN_POINT('',(1.225E-1,4.3E-1,-1.724597461104E-1));
#3098=LINE('',#3097,#3096);
#3099=CURVE_STYLE('',#35,POSITIVE_LENGTH_MEASURE(2.E-2),#22);
#3100=PRESENTATION_STYLE_ASSIGNMENT((#3099));
#3101=STYLED_ITEM('',(#3100),#3098);
#3102=DIRECTION('',(1.E0,0.E0,0.E0));
#3103=VECTOR('',#3102,2.45E-1);
#3104=CARTESIAN_POINT('',(-1.225E-1,4.3E-1,-3.75E-1));
#3105=LINE('',#3104,#3103);
#3106=CURVE_STYLE('',#35,POSITIVE_LENGTH_MEASURE(2.E-2),#22);
#3107=PRESENTATION_STYLE_ASSIGNMENT((#3106));
#3108=STYLED_ITEM('',(#3107),#3105);
#3109=DIRECTION('',(1.E0,0.E0,0.E0));
#3110=VECTOR('',#3109,2.45E-1);
#3111=CARTESIAN_POINT('',(-1.225E-1,2.8E-1,-3.75E-1));
#3112=LINE('',#3111,#3110);
#3113=CURVE_STYLE('',#35,POSITIVE_LENGTH_MEASURE(2.E-2),#22);
#3114=PRESENTATION_STYLE_ASSIGNMENT((#3113));
#3115=STYLED_ITEM('',(#3114),#3112);
#3116=DIRECTION('',(1.E0,0.E0,0.E0));
#3117=VECTOR('',#3116,2.45E-1);
#3118=CARTESIAN_POINT('',(-1.225E-1,2.8E-1,-1.724597461104E-1));
#3119=LINE('',#3118,#3117);
#3120=CURVE_STYLE('',#35,POSITIVE_LENGTH_MEASURE(2.E-2),#22);
#3121=PRESENTATION_STYLE_ASSIGNMENT((#3120));
#3122=STYLED_ITEM('',(#3121),#3119);
#3123=CARTESIAN_POINT('',(-1.225E-1,1.3E-1,-1.724597461104E-1));
#3124=DIRECTION('',(1.E0,0.E0,0.E0));
#3125=DIRECTION('',(0.E0,1.E0,0.E0));
#3126=AXIS2_PLACEMENT_3D('',#3123,#3124,#3125);
#3128=CURVE_STYLE('',#35,POSITIVE_LENGTH_MEASURE(2.E-2),#22);
#3129=PRESENTATION_STYLE_ASSIGNMENT((#3128));
#3130=STYLED_ITEM('',(#3129),#3127);
#3131=CARTESIAN_POINT('',(1.225E-1,1.3E-1,-1.724597461104E-1));
#3132=DIRECTION('',(-1.E0,0.E0,0.E0));
#3133=DIRECTION('',(0.E0,1.564344650402E-1,9.876883405951E-1));
#3134=AXIS2_PLACEMENT_3D('',#3131,#3132,#3133);
#3136=CURVE_STYLE('',#35,POSITIVE_LENGTH_MEASURE(2.E-2),#22);
#3137=PRESENTATION_STYLE_ASSIGNMENT((#3136));
#3138=STYLED_ITEM('',(#3137),#3135);
#3139=DIRECTION('',(-1.E0,0.E0,0.E0));
#3140=VECTOR('',#3139,2.45E-1);
#3141=CARTESIAN_POINT('',(1.225E-1,2.634684081425E-2,-4.172929636685E-3));
#3142=LINE('',#3141,#3140);
#3143=CURVE_STYLE('',#35,POSITIVE_LENGTH_MEASURE(2.E-2),#22);
#3144=PRESENTATION_STYLE_ASSIGNMENT((#3143));
#3145=STYLED_ITEM('',(#3144),#3142);
#3146=DIRECTION('',(1.E0,0.E0,0.E0));
#3147=VECTOR('',#3146,2.45E-1);
#3148=CARTESIAN_POINT('',(-1.225E-1,1.534651697560E-1,-2.430649502112E-2));
#3149=LINE('',#3148,#3147);
#3150=CURVE_STYLE('',#35,POSITIVE_LENGTH_MEASURE(2.E-2),#22);
#3151=PRESENTATION_STYLE_ASSIGNMENT((#3150));
#3152=STYLED_ITEM('',(#3151),#3149);
#3153=DIRECTION('',(-1.E0,0.E0,0.E0));
#3154=VECTOR('',#3153,2.45E-1);
#3155=CARTESIAN_POINT('',(1.225E-1,-2.259920347516E-1,2.712066304186E-1));
#3156=LINE('',#3155,#3154);
#3157=CURVE_STYLE('',#35,POSITIVE_LENGTH_MEASURE(2.E-2),#22);
#3158=PRESENTATION_STYLE_ASSIGNMENT((#3157));
#3159=STYLED_ITEM('',(#3158),#3156);
#3160=DIRECTION('',(1.E0,0.E0,0.E0));
#3161=VECTOR('',#3160,2.45E-1);
#3162=CARTESIAN_POINT('',(-1.225E-1,-2.5E-1,6.145365289384E-1));
#3163=LINE('',#3162,#3161);
#3164=CURVE_STYLE('',#35,POSITIVE_LENGTH_MEASURE(2.E-2),#22);
#3165=PRESENTATION_STYLE_ASSIGNMENT((#3164));
#3166=STYLED_ITEM('',(#3165),#3163);
#3167=DIRECTION('',(1.E0,0.E0,0.E0));
#3168=VECTOR('',#3167,2.45E-1);
#3169=CARTESIAN_POINT('',(-1.225E-1,-1.003653924610E-1,6.25E-1));
#3170=LINE('',#3169,#3168);
#3171=CURVE_STYLE('',#35,POSITIVE_LENGTH_MEASURE(2.E-2),#22);
#3172=PRESENTATION_STYLE_ASSIGNMENT((#3171));
#3173=STYLED_ITEM('',(#3172),#3170);
#3174=DIRECTION('',(1.E0,0.E0,0.E0));
#3175=VECTOR('',#3174,2.45E-1);
#3176=CARTESIAN_POINT('',(-1.225E-1,-7.635742721265E-2,2.816701014802E-1));
#3177=LINE('',#3176,#3175);
#3178=CURVE_STYLE('',#35,POSITIVE_LENGTH_MEASURE(2.E-2),#22);
#3179=PRESENTATION_STYLE_ASSIGNMENT((#3178));
#3180=STYLED_ITEM('',(#3179),#3177);
#3181=CARTESIAN_POINT('',(-1.225E-1,7.327718032632E-2,2.921335725419E-1));
#3182=DIRECTION('',(1.E0,0.E0,0.E0));
#3183=DIRECTION('',(0.E0,-9.975640502598E-1,-6.975647374412E-2));
#3184=AXIS2_PLACEMENT_3D('',#3181,#3182,#3183);
#3186=CURVE_STYLE('',#35,POSITIVE_LENGTH_MEASURE(2.E-2),#22);
#3187=PRESENTATION_STYLE_ASSIGNMENT((#3186));
#3188=STYLED_ITEM('',(#3187),#3185);
#3189=CARTESIAN_POINT('',(1.225E-1,7.327718032632E-2,2.921335725419E-1));
#3190=DIRECTION('',(-1.E0,0.E0,0.E0));
#3191=DIRECTION('',(0.E0,-1.564344650402E-1,-9.876883405951E-1));
#3192=AXIS2_PLACEMENT_3D('',#3189,#3190,#3191);
#3194=CURVE_STYLE('',#35,POSITIVE_LENGTH_MEASURE(2.E-2),#22);
#3195=PRESENTATION_STYLE_ASSIGNMENT((#3194));
#3196=STYLED_ITEM('',(#3195),#3193);
#3197=DIRECTION('',(-1.E0,0.E0,0.E0));
#3198=VECTOR('',#3197,2.45E-1);
#3199=CARTESIAN_POINT('',(1.225E-1,1.769303395121E-1,1.238467560682E-1));
#3200=LINE('',#3199,#3198);
#3201=CURVE_STYLE('',#35,POSITIVE_LENGTH_MEASURE(2.E-2),#22);
#3202=PRESENTATION_STYLE_ASSIGNMENT((#3201));
#3203=STYLED_ITEM('',(#3202),#3200);
#3204=DIRECTION('',(1.E0,0.E0,0.E0));
#3205=VECTOR('',#3204,2.45E-1);
#3206=CARTESIAN_POINT('',(-1.225E-1,4.981201057029E-2,1.439803214526E-1));
#3207=LINE('',#3206,#3205);
#3208=CURVE_STYLE('',#35,POSITIVE_LENGTH_MEASURE(2.E-2),#22);
#3209=PRESENTATION_STYLE_ASSIGNMENT((#3208));
#3210=STYLED_ITEM('',(#3209),#3207);
#3211=CARTESIAN_POINT('',(1.225E-1,1.3E-1,-1.724597461104E-1));
#3212=DIRECTION('',(1.E0,0.E0,0.E0));
#3213=DIRECTION('',(0.E0,1.E0,0.E0));
#3214=AXIS2_PLACEMENT_3D('',#3211,#3212,#3213);
#3216=CURVE_STYLE('',#35,POSITIVE_LENGTH_MEASURE(2.E-2),#22);
#3217=PRESENTATION_STYLE_ASSIGNMENT((#3216));
#3218=STYLED_ITEM('',(#3217),#3215);
#3219=DIRECTION('',(0.E0,0.E0,1.E0));
#3220=VECTOR('',#3219,2.025402538896E-1);
#3221=CARTESIAN_POINT('',(1.225E-1,4.3E-1,-3.75E-1));
#3222=LINE('',#3221,#3220);
#3223=CURVE_STYLE('',#35,POSITIVE_LENGTH_MEASURE(2.E-2),#22);
#3224=PRESENTATION_STYLE_ASSIGNMENT((#3223));
#3225=STYLED_ITEM('',(#3224),#3222);
#3226=DIRECTION('',(0.E0,1.E0,0.E0));
#3227=VECTOR('',#3226,1.5E-1);
#3228=CARTESIAN_POINT('',(1.225E-1,2.8E-1,-3.75E-1));
#3229=LINE('',#3228,#3227);
#3230=CURVE_STYLE('',#35,POSITIVE_LENGTH_MEASURE(2.E-2),#22);
#3231=PRESENTATION_STYLE_ASSIGNMENT((#3230));
#3232=STYLED_ITEM('',(#3231),#3229);
#3233=DIRECTION('',(0.E0,0.E0,-1.E0));
#3234=VECTOR('',#3233,2.025402538896E-1);
#3235=CARTESIAN_POINT('',(1.225E-1,2.8E-1,-1.724597461104E-1));
#3236=LINE('',#3235,#3234);
#3237=CURVE_STYLE('',#35,POSITIVE_LENGTH_MEASURE(2.E-2),#22);
#3238=PRESENTATION_STYLE_ASSIGNMENT((#3237));
#3239=STYLED_ITEM('',(#3238),#3236);
#3240=DIRECTION('',(0.E0,-9.876883405951E-1,1.564344650402E-1));
#3241=VECTOR('',#3240,1.287028749020E-1);
#3242=CARTESIAN_POINT('',(1.225E-1,1.534651697560E-1,-2.430649502112E-2));
#3243=LINE('',#3242,#3241);
#3244=CURVE_STYLE('',#35,POSITIVE_LENGTH_MEASURE(2.E-2),#22);
#3245=PRESENTATION_STYLE_ASSIGNMENT((#3244));
#3246=STYLED_ITEM('',(#3245),#3243);
#3247=CARTESIAN_POINT('',(1.225E-1,7.327718032632E-2,2.921335725419E-1));
#3248=DIRECTION('',(1.E0,0.E0,0.E0));
#3249=DIRECTION('',(0.E0,-9.975640502598E-1,-6.975647374413E-2));
#3250=AXIS2_PLACEMENT_3D('',#3247,#3248,#3249);
#3252=CURVE_STYLE('',#35,POSITIVE_LENGTH_MEASURE(2.E-2),#22);
#3253=PRESENTATION_STYLE_ASSIGNMENT((#3252));
#3254=STYLED_ITEM('',(#3253),#3251);
#3255=DIRECTION('',(0.E0,6.975647374413E-2,-9.975640502598E-1));
#3256=VECTOR('',#3255,3.441682751402E-1);
#3257=CARTESIAN_POINT('',(1.225E-1,-2.5E-1,6.145365289384E-1));
#3258=LINE('',#3257,#3256);
#3259=CURVE_STYLE('',#35,POSITIVE_LENGTH_MEASURE(2.E-2),#22);
#3260=PRESENTATION_STYLE_ASSIGNMENT((#3259));
#3261=STYLED_ITEM('',(#3260),#3258);
#3262=DIRECTION('',(0.E0,-9.975640502598E-1,-6.975647374412E-2));
#3263=VECTOR('',#3262,1.5E-1);
#3264=CARTESIAN_POINT('',(1.225E-1,-1.003653924610E-1,6.25E-1));
#3265=LINE('',#3264,#3263);
#3266=CURVE_STYLE('',#35,POSITIVE_LENGTH_MEASURE(2.E-2),#22);
#3267=PRESENTATION_STYLE_ASSIGNMENT((#3266));
#3268=STYLED_ITEM('',(#3267),#3265);
#3269=DIRECTION('',(0.E0,-6.975647374413E-2,9.975640502598E-1));
#3270=VECTOR('',#3269,3.441682751402E-1);
#3271=CARTESIAN_POINT('',(1.225E-1,-7.635742721265E-2,2.816701014802E-1));
#3272=LINE('',#3271,#3270);
#3273=CURVE_STYLE('',#35,POSITIVE_LENGTH_MEASURE(2.E-2),#22);
#3274=PRESENTATION_STYLE_ASSIGNMENT((#3273));
#3275=STYLED_ITEM('',(#3274),#3272);
#3276=DIRECTION('',(0.E0,9.876883405951E-1,-1.564344650402E-1));
#3277=VECTOR('',#3276,1.287028749020E-1);
#3278=CARTESIAN_POINT('',(1.225E-1,4.981201057029E-2,1.439803214526E-1));
#3279=LINE('',#3278,#3277);
#3280=CURVE_STYLE('',#35,POSITIVE_LENGTH_MEASURE(2.E-2),#22);
#3281=PRESENTATION_STYLE_ASSIGNMENT((#3280));
#3282=STYLED_ITEM('',(#3281),#3279);
#3283=CARTESIAN_POINT('',(-1.225E-1,-1.003653924610E-1,6.25E-1));
#3284=CARTESIAN_POINT('',(-1.225E-1,-2.5E-1,6.145365289384E-1));
#3285=VERTEX_POINT('',#3283);
#3286=VERTEX_POINT('',#3284);
#3287=CARTESIAN_POINT('',(1.225E-1,-1.003653924610E-1,6.25E-1));
#3288=CARTESIAN_POINT('',(1.225E-1,-2.5E-1,6.145365289384E-1));
#3289=VERTEX_POINT('',#3287);
#3290=VERTEX_POINT('',#3288);
#3291=CARTESIAN_POINT('',(-1.225E-1,2.8E-1,-3.75E-1));
#3292=CARTESIAN_POINT('',(-1.225E-1,4.3E-1,-3.75E-1));
#3293=VERTEX_POINT('',#3291);
#3294=VERTEX_POINT('',#3292);
#3295=CARTESIAN_POINT('',(1.225E-1,2.8E-1,-3.75E-1));
#3296=CARTESIAN_POINT('',(1.225E-1,4.3E-1,-3.75E-1));
#3297=VERTEX_POINT('',#3295);
#3298=VERTEX_POINT('',#3296);
#3299=CARTESIAN_POINT('',(-1.225E-1,-7.635742721265E-2,2.816701014802E-1));
#3300=CARTESIAN_POINT('',(1.225E-1,-7.635742721265E-2,2.816701014802E-1));
#3301=VERTEX_POINT('',#3299);
#3302=VERTEX_POINT('',#3300);
#3303=CARTESIAN_POINT('',(-1.225E-1,4.981201057029E-2,1.439803214526E-1));
#3304=CARTESIAN_POINT('',(1.225E-1,4.981201057029E-2,1.439803214526E-1));
#3305=VERTEX_POINT('',#3303);
#3306=VERTEX_POINT('',#3304);
#3307=CARTESIAN_POINT('',(-1.225E-1,2.8E-1,-1.724597461104E-1));
#3308=CARTESIAN_POINT('',(1.225E-1,2.8E-1,-1.724597461104E-1));
#3309=VERTEX_POINT('',#3307);
#3310=VERTEX_POINT('',#3308);
#3311=CARTESIAN_POINT('',(-1.225E-1,1.534651697560E-1,-2.430649502112E-2));
#3312=CARTESIAN_POINT('',(1.225E-1,1.534651697560E-1,-2.430649502112E-2));
#3313=VERTEX_POINT('',#3311);
#3314=VERTEX_POINT('',#3312);
#3315=CARTESIAN_POINT('',(-1.225E-1,1.769303395121E-1,1.238467560682E-1));
#3316=CARTESIAN_POINT('',(-1.225E-1,4.3E-1,-1.724597461104E-1));
#3317=VERTEX_POINT('',#3315);
#3318=VERTEX_POINT('',#3316);
#3319=CARTESIAN_POINT('',(1.225E-1,4.3E-1,-1.724597461104E-1));
#3320=VERTEX_POINT('',#3319);
#3321=CARTESIAN_POINT('',(1.225E-1,1.769303395121E-1,1.238467560682E-1));
#3322=VERTEX_POINT('',#3321);
#3323=CARTESIAN_POINT('',(-1.225E-1,2.634684081425E-2,-4.172929636685E-3));
#3324=CARTESIAN_POINT('',(-1.225E-1,-2.259920347516E-1,2.712066304186E-1));
#3325=VERTEX_POINT('',#3323);
#3326=VERTEX_POINT('',#3324);
#3327=CARTESIAN_POINT('',(1.225E-1,-2.259920347516E-1,2.712066304186E-1));
#3328=VERTEX_POINT('',#3327);
#3329=CARTESIAN_POINT('',(1.225E-1,2.634684081425E-2,-4.172929636685E-3));
#3330=VERTEX_POINT('',#3329);
#3331=CARTESIAN_POINT('',(-1.225E-1,0.E0,0.E0));
#3332=DIRECTION('',(1.E0,0.E0,0.E0));
#3333=DIRECTION('',(0.E0,0.E0,-1.E0));
#3334=AXIS2_PLACEMENT_3D('',#3331,#3332,#3333);
#3335=PLANE('',#3334);
#3337=ORIENTED_EDGE('',*,*,#3336,.F.);
#3339=ORIENTED_EDGE('',*,*,#3338,.T.);
#3341=ORIENTED_EDGE('',*,*,#3340,.F.);
#3343=ORIENTED_EDGE('',*,*,#3342,.T.);
#3345=ORIENTED_EDGE('',*,*,#3344,.T.);
#3347=ORIENTED_EDGE('',*,*,#3346,.T.);
#3349=ORIENTED_EDGE('',*,*,#3348,.F.);
#3351=ORIENTED_EDGE('',*,*,#3350,.T.);
#3353=ORIENTED_EDGE('',*,*,#3352,.F.);
#3355=ORIENTED_EDGE('',*,*,#3354,.T.);
#3357=ORIENTED_EDGE('',*,*,#3356,.T.);
#3359=ORIENTED_EDGE('',*,*,#3358,.T.);
#3360=EDGE_LOOP('',(#3337,#3339,#3341,#3343,#3345,#3347,#3349,#3351,#3353,#3355,
#3357,#3359));
#3361=FACE_OUTER_BOUND('',#3360,.F.);
#3362=ADVANCED_FACE('',(#3361),#3335,.F.);
#3363=CARTESIAN_POINT('',(5.08014E-1,1.3E-1,-1.724597461104E-1));
#3364=DIRECTION('',(-1.E0,0.E0,0.E0));
#3365=DIRECTION('',(0.E0,1.564344650402E-1,9.876883405951E-1));
#3366=AXIS2_PLACEMENT_3D('',#3363,#3364,#3365);
#3367=CYLINDRICAL_SURFACE('',#3366,3.E-1);
#3368=ORIENTED_EDGE('',*,*,#3336,.T.);
#3370=ORIENTED_EDGE('',*,*,#3369,.F.);
#3372=ORIENTED_EDGE('',*,*,#3371,.T.);
#3374=ORIENTED_EDGE('',*,*,#3373,.T.);
#3375=EDGE_LOOP('',(#3368,#3370,#3372,#3374));
#3376=FACE_OUTER_BOUND('',#3375,.F.);
#3377=ADVANCED_FACE('',(#3376),#3367,.T.);
#3378=CARTESIAN_POINT('',(-1.225E-1,4.3E-1,-3.75E-1));
#3379=DIRECTION('',(0.E0,1.E0,0.E0));
#3380=DIRECTION('',(0.E0,0.E0,1.E0));
#3381=AXIS2_PLACEMENT_3D('',#3378,#3379,#3380);
#3382=PLANE('',#3381);
#3383=ORIENTED_EDGE('',*,*,#3369,.T.);
#3384=ORIENTED_EDGE('',*,*,#3358,.F.);
#3386=ORIENTED_EDGE('',*,*,#3385,.T.);
#3388=ORIENTED_EDGE('',*,*,#3387,.T.);
#3389=EDGE_LOOP('',(#3383,#3384,#3386,#3388));
#3390=FACE_OUTER_BOUND('',#3389,.F.);
#3391=ADVANCED_FACE('',(#3390),#3382,.T.);
#3392=CARTESIAN_POINT('',(-1.225E-1,2.8E-1,-3.75E-1));
#3393=DIRECTION('',(0.E0,0.E0,-1.E0));
#3394=DIRECTION('',(0.E0,1.E0,0.E0));
#3395=AXIS2_PLACEMENT_3D('',#3392,#3393,#3394);
#3396=PLANE('',#3395);
#3397=ORIENTED_EDGE('',*,*,#3356,.F.);
#3399=ORIENTED_EDGE('',*,*,#3398,.T.);
#3401=ORIENTED_EDGE('',*,*,#3400,.T.);
#3402=ORIENTED_EDGE('',*,*,#3385,.F.);
#3403=EDGE_LOOP('',(#3397,#3399,#3401,#3402));
#3404=FACE_OUTER_BOUND('',#3403,.F.);
#3405=ADVANCED_FACE('',(#3404),#3396,.T.);
#3406=CARTESIAN_POINT('',(-1.225E-1,2.8E-1,-4.434764329087E-2));
#3407=DIRECTION('',(0.E0,-1.E0,0.E0));
#3408=DIRECTION('',(0.E0,0.E0,-1.E0));
#3409=AXIS2_PLACEMENT_3D('',#3406,#3407,#3408);
#3410=PLANE('',#3409);
#3412=ORIENTED_EDGE('',*,*,#3411,.T.);
#3414=ORIENTED_EDGE('',*,*,#3413,.T.);
#3415=ORIENTED_EDGE('',*,*,#3398,.F.);
#3416=ORIENTED_EDGE('',*,*,#3354,.F.);
#3417=EDGE_LOOP('',(#3412,#3414,#3415,#3416));
#3418=FACE_OUTER_BOUND('',#3417,.F.);
#3419=ADVANCED_FACE('',(#3418),#3410,.T.);
#3420=CARTESIAN_POINT('',(-4.41882E-1,1.3E-1,-1.724597461104E-1));
#3421=DIRECTION('',(1.E0,0.E0,0.E0));
#3422=DIRECTION('',(0.E0,1.E0,0.E0));
#3423=AXIS2_PLACEMENT_3D('',#3420,#3421,#3422);
#3424=CYLINDRICAL_SURFACE('',#3423,1.5E-1);
#3425=ORIENTED_EDGE('',*,*,#3411,.F.);
#3426=ORIENTED_EDGE('',*,*,#3352,.T.);
#3428=ORIENTED_EDGE('',*,*,#3427,.T.);
#3430=ORIENTED_EDGE('',*,*,#3429,.T.);
#3431=EDGE_LOOP('',(#3425,#3426,#3428,#3430));
#3432=FACE_OUTER_BOUND('',#3431,.F.);
#3433=ADVANCED_FACE('',(#3432),#3424,.F.);
#3434=CARTESIAN_POINT('',(-1.225E-1,-2.093459933608E-1,3.315714799263E-2));
#3435=DIRECTION('',(0.E0,-1.564344650402E-1,-9.876883405951E-1));
#3436=DIRECTION('',(0.E0,9.876883405951E-1,-1.564344650402E-1));
#3437=AXIS2_PLACEMENT_3D('',#3434,#3435,#3436);
#3438=PLANE('',#3437);
#3440=ORIENTED_EDGE('',*,*,#3439,.F.);
#3442=ORIENTED_EDGE('',*,*,#3441,.F.);
#3443=ORIENTED_EDGE('',*,*,#3427,.F.);
#3444=ORIENTED_EDGE('',*,*,#3350,.F.);
#3445=EDGE_LOOP('',(#3440,#3442,#3443,#3444));
#3446=FACE_OUTER_BOUND('',#3445,.F.);
#3447=ADVANCED_FACE('',(#3446),#3438,.T.);
#3448=CARTESIAN_POINT('',(5.08014E-1,7.327718032632E-2,2.921335725419E-1));
#3449=DIRECTION('',(-1.E0,0.E0,0.E0));
#3450=DIRECTION('',(0.E0,-1.564344650402E-1,-9.876883405951E-1));
#3451=AXIS2_PLACEMENT_3D('',#3448,#3449,#3450);
#3452=CYLINDRICAL_SURFACE('',#3451,3.E-1);
#3453=ORIENTED_EDGE('',*,*,#3348,.T.);
#3455=ORIENTED_EDGE('',*,*,#3454,.F.);
#3457=ORIENTED_EDGE('',*,*,#3456,.T.);
#3458=ORIENTED_EDGE('',*,*,#3439,.T.);
#3459=EDGE_LOOP('',(#3453,#3455,#3457,#3458));
#3460=FACE_OUTER_BOUND('',#3459,.F.);
#3461=ADVANCED_FACE('',(#3460),#3452,.T.);
#3462=CARTESIAN_POINT('',(-1.225E-1,-2.5E-1,6.145365289384E-1));
#3463=DIRECTION('',(0.E0,-9.975640502598E-1,-6.975647374413E-2));
#3464=DIRECTION('',(0.E0,6.975647374413E-2,-9.975640502598E-1));
#3465=AXIS2_PLACEMENT_3D('',#3462,#3463,#3464);
#3466=PLANE('',#3465);
#3467=ORIENTED_EDGE('',*,*,#3454,.T.);
#3468=ORIENTED_EDGE('',*,*,#3346,.F.);
#3470=ORIENTED_EDGE('',*,*,#3469,.T.);
#3472=ORIENTED_EDGE('',*,*,#3471,.T.);
#3473=EDGE_LOOP('',(#3467,#3468,#3470,#3472));
#3474=FACE_OUTER_BOUND('',#3473,.F.);
#3475=ADVANCED_FACE('',(#3474),#3466,.T.);
#3476=CARTESIAN_POINT('',(-1.225E-1,-1.003653924610E-1,6.25E-1));
#3477=DIRECTION('',(0.E0,-6.975647374412E-2,9.975640502598E-1));
#3478=DIRECTION('',(0.E0,-9.975640502598E-1,-6.975647374412E-2));
#3479=AXIS2_PLACEMENT_3D('',#3476,#3477,#3478);
#3480=PLANE('',#3479);
#3481=ORIENTED_EDGE('',*,*,#3344,.F.);
#3483=ORIENTED_EDGE('',*,*,#3482,.T.);
#3485=ORIENTED_EDGE('',*,*,#3484,.T.);
#3486=ORIENTED_EDGE('',*,*,#3469,.F.);
#3487=EDGE_LOOP('',(#3481,#3483,#3485,#3486));
#3488=FACE_OUTER_BOUND('',#3487,.F.);
#3489=ADVANCED_FACE('',(#3488),#3480,.T.);
#3490=CARTESIAN_POINT('',(-1.225E-1,-6.803440651722E-2,1.626453602672E-1));
#3491=DIRECTION('',(0.E0,9.975640502598E-1,6.975647374413E-2));
#3492=DIRECTION('',(0.E0,-6.975647374413E-2,9.975640502598E-1));
#3493=AXIS2_PLACEMENT_3D('',#3490,#3491,#3492);
#3494=PLANE('',#3493);
#3496=ORIENTED_EDGE('',*,*,#3495,.T.);
#3498=ORIENTED_EDGE('',*,*,#3497,.T.);
#3499=ORIENTED_EDGE('',*,*,#3482,.F.);
#3500=ORIENTED_EDGE('',*,*,#3342,.F.);
#3501=EDGE_LOOP('',(#3496,#3498,#3499,#3500));
#3502=FACE_OUTER_BOUND('',#3501,.F.);
#3503=ADVANCED_FACE('',(#3502),#3494,.T.);
#3504=CARTESIAN_POINT('',(-4.41882E-1,7.327718032632E-2,2.921335725419E-1));
#3505=DIRECTION('',(1.E0,0.E0,0.E0));
#3506=DIRECTION('',(0.E0,-9.975640502598E-1,-6.975647374413E-2));
#3507=AXIS2_PLACEMENT_3D('',#3504,#3505,#3506);
#3508=CYLINDRICAL_SURFACE('',#3507,1.5E-1);
#3509=ORIENTED_EDGE('',*,*,#3495,.F.);
#3510=ORIENTED_EDGE('',*,*,#3340,.T.);
#3512=ORIENTED_EDGE('',*,*,#3511,.T.);
#3514=ORIENTED_EDGE('',*,*,#3513,.T.);
#3515=EDGE_LOOP('',(#3509,#3510,#3512,#3514));
#3516=FACE_OUTER_BOUND('',#3515,.F.);
#3517=ADVANCED_FACE('',(#3516),#3508,.F.);
#3518=CARTESIAN_POINT('',(-1.225E-1,2.346516975603E-2,1.481532510893E-1));
#3519=DIRECTION('',(0.E0,1.564344650402E-1,9.876883405951E-1));
#3520=DIRECTION('',(0.E0,-9.876883405951E-1,1.564344650402E-1));
#3521=AXIS2_PLACEMENT_3D('',#3518,#3519,#3520);
#3522=PLANE('',#3521);
#3523=ORIENTED_EDGE('',*,*,#3373,.F.);
#3525=ORIENTED_EDGE('',*,*,#3524,.F.);
#3526=ORIENTED_EDGE('',*,*,#3511,.F.);
#3527=ORIENTED_EDGE('',*,*,#3338,.F.);
#3528=EDGE_LOOP('',(#3523,#3525,#3526,#3527));
#3529=FACE_OUTER_BOUND('',#3528,.F.);
#3530=ADVANCED_FACE('',(#3529),#3522,.T.);
#3531=CARTESIAN_POINT('',(1.225E-1,0.E0,0.E0));
#3532=DIRECTION('',(1.E0,0.E0,0.E0));
#3533=DIRECTION('',(0.E0,0.E0,-1.E0));
#3534=AXIS2_PLACEMENT_3D('',#3531,#3532,#3533);
#3535=PLANE('',#3534);
#3536=ORIENTED_EDGE('',*,*,#3371,.F.);
#3537=ORIENTED_EDGE('',*,*,#3387,.F.);
#3538=ORIENTED_EDGE('',*,*,#3400,.F.);
#3539=ORIENTED_EDGE('',*,*,#3413,.F.);
#3540=ORIENTED_EDGE('',*,*,#3429,.F.);
#3541=ORIENTED_EDGE('',*,*,#3441,.T.);
#3542=ORIENTED_EDGE('',*,*,#3456,.F.);
#3543=ORIENTED_EDGE('',*,*,#3471,.F.);
#3544=ORIENTED_EDGE('',*,*,#3484,.F.);
#3545=ORIENTED_EDGE('',*,*,#3497,.F.);
#3546=ORIENTED_EDGE('',*,*,#3513,.F.);
#3547=ORIENTED_EDGE('',*,*,#3524,.T.);
#3548=EDGE_LOOP('',(#3536,#3537,#3538,#3539,#3540,#3541,#3542,#3543,#3544,#3545,
#3546,#3547));
#3549=FACE_OUTER_BOUND('',#3548,.F.);
#3550=ADVANCED_FACE('',(#3549),#3535,.T.);
#3551=CLOSED_SHELL('',(#3362,#3377,#3391,#3405,#3419,#3433,#3447,#3461,#3475,
#3489,#3503,#3517,#3530,#3550));
#3552=MANIFOLD_SOLID_BREP('',#3551);
#3553=FILL_AREA_STYLE_COLOUR('',#22);
#3554=FILL_AREA_STYLE('',(#3553));
#3555=SURFACE_STYLE_FILL_AREA(#3554);
#3556=SURFACE_SIDE_STYLE('',(#3555));
#3557=SURFACE_STYLE_USAGE(.BOTH.,#3556);
#3558=PRESENTATION_STYLE_ASSIGNMENT((#3557));
#3022=STYLED_ITEM('',(#3558),#3552);
#3560=DIMENSIONAL_EXPONENTS(0.E0,0.E0,0.E0,0.E0,0.E0,0.E0,0.E0);
#3562=PLANE_ANGLE_MEASURE_WITH_UNIT(PLANE_ANGLE_MEASURE(1.745329251994E-2),
#3561);
#3563=(CONVERSION_BASED_UNIT('DEGREE',#3562)NAMED_UNIT(*)PLANE_ANGLE_UNIT());
#3565=UNCERTAINTY_MEASURE_WITH_UNIT(LENGTH_MEASURE(1.233816521382E-4),#3559,
'closure',
'Maximum model space distance between geometric entities at asserted connectivities');
#3566=(GEOMETRIC_REPRESENTATION_CONTEXT(3)GLOBAL_UNCERTAINTY_ASSIGNED_CONTEXT((
#3565))GLOBAL_UNIT_ASSIGNED_CONTEXT((#3559,#3563,#3564))REPRESENTATION_CONTEXT(
'ID2','3'));
#3567=CARTESIAN_POINT('',(0.E0,0.E0,0.E0));
#3568=DIRECTION('',(0.E0,0.E0,1.E0));
#3569=DIRECTION('',(1.E0,0.E0,0.E0));
#3572=MECHANICAL_CONTEXT('',#3001,'mechanical');
#3573=PRODUCT('LEAD-TSSOP','LEAD-TSSOP','NOT SPECIFIED',(#3572));
#3574=PRODUCT_DEFINITION_FORMATION_WITH_SPECIFIED_SOURCE('10','LAST_VERSION',
#3573,.MADE.);
#3580=CARTESIAN_POINT('',(-2.575E0,2.275E0,2.5E-1));
#3581=DIRECTION('',(-1.E0,0.E0,0.E0));
#3582=DIRECTION('',(0.E0,-1.E0,0.E0));
#3583=AXIS2_PLACEMENT_3D('',#3580,#3581,#3582);
#3584=ITEM_DEFINED_TRANSFORMATION('','',#3570,#3583);
#3585=(REPRESENTATION_RELATIONSHIP('','',#3571,#3012)REPRESENTATION_RELATIONSHIP_WITH_TRANSFORMATION(#3584)SHAPE_REPRESENTATION_RELATIONSHIP());
#3586=CONTEXT_DEPENDENT_SHAPE_REPRESENTATION(#3585,#3579);
#3589=CARTESIAN_POINT('',(-2.575E0,1.625E0,2.5E-1));
#3590=DIRECTION('',(-1.E0,0.E0,0.E0));
#3591=DIRECTION('',(0.E0,-1.E0,0.E0));
#3592=AXIS2_PLACEMENT_3D('',#3589,#3590,#3591);
#3593=ITEM_DEFINED_TRANSFORMATION('','',#3570,#3592);
#3594=(REPRESENTATION_RELATIONSHIP('','',#3571,#3012)REPRESENTATION_RELATIONSHIP_WITH_TRANSFORMATION(#3593)SHAPE_REPRESENTATION_RELATIONSHIP());
#3595=CONTEXT_DEPENDENT_SHAPE_REPRESENTATION(#3594,#3588);
#3598=CARTESIAN_POINT('',(-2.575E0,9.75E-1,2.5E-1));
#3599=DIRECTION('',(-1.E0,0.E0,0.E0));
#3600=DIRECTION('',(0.E0,-1.E0,0.E0));
#3601=AXIS2_PLACEMENT_3D('',#3598,#3599,#3600);
#3602=ITEM_DEFINED_TRANSFORMATION('','',#3570,#3601);
#3603=(REPRESENTATION_RELATIONSHIP('','',#3571,#3012)REPRESENTATION_RELATIONSHIP_WITH_TRANSFORMATION(#3602)SHAPE_REPRESENTATION_RELATIONSHIP());
#3604=CONTEXT_DEPENDENT_SHAPE_REPRESENTATION(#3603,#3597);
#3607=CARTESIAN_POINT('',(-2.575E0,3.25E-1,2.5E-1));
#3608=DIRECTION('',(-1.E0,0.E0,0.E0));
#3609=DIRECTION('',(0.E0,-1.E0,0.E0));
#3610=AXIS2_PLACEMENT_3D('',#3607,#3608,#3609);
#3611=ITEM_DEFINED_TRANSFORMATION('','',#3570,#3610);
#3612=(REPRESENTATION_RELATIONSHIP('','',#3571,#3012)REPRESENTATION_RELATIONSHIP_WITH_TRANSFORMATION(#3611)SHAPE_REPRESENTATION_RELATIONSHIP());
#3613=CONTEXT_DEPENDENT_SHAPE_REPRESENTATION(#3612,#3606);
#3616=CARTESIAN_POINT('',(-2.575E0,-3.25E-1,2.5E-1));
#3617=DIRECTION('',(-1.E0,0.E0,0.E0));
#3618=DIRECTION('',(0.E0,-1.E0,0.E0));
#3619=AXIS2_PLACEMENT_3D('',#3616,#3617,#3618);
#3620=ITEM_DEFINED_TRANSFORMATION('','',#3570,#3619);
#3621=(REPRESENTATION_RELATIONSHIP('','',#3571,#3012)REPRESENTATION_RELATIONSHIP_WITH_TRANSFORMATION(#3620)SHAPE_REPRESENTATION_RELATIONSHIP());
#3622=CONTEXT_DEPENDENT_SHAPE_REPRESENTATION(#3621,#3615);
#3625=CARTESIAN_POINT('',(-2.575E0,-9.75E-1,2.5E-1));
#3626=DIRECTION('',(-1.E0,0.E0,0.E0));
#3627=DIRECTION('',(0.E0,-1.E0,0.E0));
#3628=AXIS2_PLACEMENT_3D('',#3625,#3626,#3627);
#3629=ITEM_DEFINED_TRANSFORMATION('','',#3570,#3628);
#3630=(REPRESENTATION_RELATIONSHIP('','',#3571,#3012)REPRESENTATION_RELATIONSHIP_WITH_TRANSFORMATION(#3629)SHAPE_REPRESENTATION_RELATIONSHIP());
#3631=CONTEXT_DEPENDENT_SHAPE_REPRESENTATION(#3630,#3624);
#3634=CARTESIAN_POINT('',(-2.575E0,-1.625E0,2.5E-1));
#3635=DIRECTION('',(-1.E0,0.E0,0.E0));
#3636=DIRECTION('',(0.E0,-1.E0,0.E0));
#3637=AXIS2_PLACEMENT_3D('',#3634,#3635,#3636);
#3638=ITEM_DEFINED_TRANSFORMATION('','',#3570,#3637);
#3639=(REPRESENTATION_RELATIONSHIP('','',#3571,#3012)REPRESENTATION_RELATIONSHIP_WITH_TRANSFORMATION(#3638)SHAPE_REPRESENTATION_RELATIONSHIP());
#3640=CONTEXT_DEPENDENT_SHAPE_REPRESENTATION(#3639,#3633);
#3643=CARTESIAN_POINT('',(-2.575E0,-2.275E0,2.5E-1));
#3644=DIRECTION('',(-1.E0,0.E0,0.E0));
#3645=DIRECTION('',(0.E0,-1.E0,0.E0));
#3646=AXIS2_PLACEMENT_3D('',#3643,#3644,#3645);
#3647=ITEM_DEFINED_TRANSFORMATION('','',#3570,#3646);
#3648=(REPRESENTATION_RELATIONSHIP('','',#3571,#3012)REPRESENTATION_RELATIONSHIP_WITH_TRANSFORMATION(#3647)SHAPE_REPRESENTATION_RELATIONSHIP());
#3649=CONTEXT_DEPENDENT_SHAPE_REPRESENTATION(#3648,#3642);
#3652=CARTESIAN_POINT('',(2.575E0,-2.275E0,2.5E-1));
#3653=DIRECTION('',(1.E0,0.E0,0.E0));
#3654=DIRECTION('',(0.E0,1.E0,0.E0));
#3655=AXIS2_PLACEMENT_3D('',#3652,#3653,#3654);
#3656=ITEM_DEFINED_TRANSFORMATION('','',#3570,#3655);
#3657=(REPRESENTATION_RELATIONSHIP('','',#3571,#3012)REPRESENTATION_RELATIONSHIP_WITH_TRANSFORMATION(#3656)SHAPE_REPRESENTATION_RELATIONSHIP());
#3658=CONTEXT_DEPENDENT_SHAPE_REPRESENTATION(#3657,#3651);
#3661=CARTESIAN_POINT('',(2.575E0,-1.625E0,2.5E-1));
#3662=DIRECTION('',(1.E0,0.E0,0.E0));
#3663=DIRECTION('',(0.E0,1.E0,0.E0));
#3664=AXIS2_PLACEMENT_3D('',#3661,#3662,#3663);
#3665=ITEM_DEFINED_TRANSFORMATION('','',#3570,#3664);
#3666=(REPRESENTATION_RELATIONSHIP('','',#3571,#3012)REPRESENTATION_RELATIONSHIP_WITH_TRANSFORMATION(#3665)SHAPE_REPRESENTATION_RELATIONSHIP());
#3667=CONTEXT_DEPENDENT_SHAPE_REPRESENTATION(#3666,#3660);
#3670=CARTESIAN_POINT('',(2.575E0,-9.75E-1,2.5E-1));
#3671=DIRECTION('',(1.E0,0.E0,0.E0));
#3672=DIRECTION('',(0.E0,1.E0,0.E0));
#3673=AXIS2_PLACEMENT_3D('',#3670,#3671,#3672);
#3674=ITEM_DEFINED_TRANSFORMATION('','',#3570,#3673);
#3675=(REPRESENTATION_RELATIONSHIP('','',#3571,#3012)REPRESENTATION_RELATIONSHIP_WITH_TRANSFORMATION(#3674)SHAPE_REPRESENTATION_RELATIONSHIP());
#3676=CONTEXT_DEPENDENT_SHAPE_REPRESENTATION(#3675,#3669);
#3679=CARTESIAN_POINT('',(2.575E0,-3.25E-1,2.5E-1));
#3680=DIRECTION('',(1.E0,0.E0,0.E0));
#3681=DIRECTION('',(0.E0,1.E0,0.E0));
#3682=AXIS2_PLACEMENT_3D('',#3679,#3680,#3681);
#3683=ITEM_DEFINED_TRANSFORMATION('','',#3570,#3682);
#3684=(REPRESENTATION_RELATIONSHIP('','',#3571,#3012)REPRESENTATION_RELATIONSHIP_WITH_TRANSFORMATION(#3683)SHAPE_REPRESENTATION_RELATIONSHIP());
#3685=CONTEXT_DEPENDENT_SHAPE_REPRESENTATION(#3684,#3678);
#3688=CARTESIAN_POINT('',(2.575E0,3.25E-1,2.5E-1));
#3689=DIRECTION('',(1.E0,0.E0,0.E0));
#3690=DIRECTION('',(0.E0,1.E0,0.E0));
#3691=AXIS2_PLACEMENT_3D('',#3688,#3689,#3690);
#3692=ITEM_DEFINED_TRANSFORMATION('','',#3570,#3691);
#3693=(REPRESENTATION_RELATIONSHIP('','',#3571,#3012)REPRESENTATION_RELATIONSHIP_WITH_TRANSFORMATION(#3692)SHAPE_REPRESENTATION_RELATIONSHIP());
#3694=CONTEXT_DEPENDENT_SHAPE_REPRESENTATION(#3693,#3687);
#3697=CARTESIAN_POINT('',(2.575E0,9.75E-1,2.5E-1));
#3698=DIRECTION('',(1.E0,0.E0,0.E0));
#3699=DIRECTION('',(0.E0,1.E0,0.E0));
#3700=AXIS2_PLACEMENT_3D('',#3697,#3698,#3699);
#3701=ITEM_DEFINED_TRANSFORMATION('','',#3570,#3700);
#3702=(REPRESENTATION_RELATIONSHIP('','',#3571,#3012)REPRESENTATION_RELATIONSHIP_WITH_TRANSFORMATION(#3701)SHAPE_REPRESENTATION_RELATIONSHIP());
#3703=CONTEXT_DEPENDENT_SHAPE_REPRESENTATION(#3702,#3696);
#3706=CARTESIAN_POINT('',(2.575E0,1.625E0,2.5E-1));
#3707=DIRECTION('',(1.E0,0.E0,0.E0));
#3708=DIRECTION('',(0.E0,1.E0,0.E0));
#3709=AXIS2_PLACEMENT_3D('',#3706,#3707,#3708);
#3710=ITEM_DEFINED_TRANSFORMATION('','',#3570,#3709);
#3711=(REPRESENTATION_RELATIONSHIP('','',#3571,#3012)REPRESENTATION_RELATIONSHIP_WITH_TRANSFORMATION(#3710)SHAPE_REPRESENTATION_RELATIONSHIP());
#3712=CONTEXT_DEPENDENT_SHAPE_REPRESENTATION(#3711,#3705);
#3715=CARTESIAN_POINT('',(2.575E0,2.275E0,2.5E-1));
#3716=DIRECTION('',(1.E0,0.E0,0.E0));
#3717=DIRECTION('',(0.E0,1.E0,0.E0));
#3718=AXIS2_PLACEMENT_3D('',#3715,#3716,#3717);
#3719=ITEM_DEFINED_TRANSFORMATION('','',#3570,#3718);
#3720=(REPRESENTATION_RELATIONSHIP('','',#3571,#3012)REPRESENTATION_RELATIONSHIP_WITH_TRANSFORMATION(#3719)SHAPE_REPRESENTATION_RELATIONSHIP());
#3721=CONTEXT_DEPENDENT_SHAPE_REPRESENTATION(#3720,#3714);
#3723=DIMENSIONAL_EXPONENTS(0.E0,0.E0,0.E0,0.E0,0.E0,0.E0,0.E0);
#3725=PLANE_ANGLE_MEASURE_WITH_UNIT(PLANE_ANGLE_MEASURE(1.745329251994E-2),
#3724);
#3726=(CONVERSION_BASED_UNIT('DEGREE',#3725)NAMED_UNIT(*)PLANE_ANGLE_UNIT());
#3728=UNCERTAINTY_MEASURE_WITH_UNIT(LENGTH_MEASURE(2.597972288305E-4),#3722,
'closure',
'Maximum model space distance between geometric entities at asserted connectivities');
#3729=(GEOMETRIC_REPRESENTATION_CONTEXT(3)GLOBAL_UNCERTAINTY_ASSIGNED_CONTEXT((
#3728))GLOBAL_UNIT_ASSIGNED_CONTEXT((#3722,#3726,#3727))REPRESENTATION_CONTEXT(
'ID3','3'));
#3730=CARTESIAN_POINT('',(0.E0,0.E0,0.E0));
#3731=DIRECTION('',(0.E0,0.E0,1.E0));
#3732=DIRECTION('',(1.E0,0.E0,0.E0));
#3735=DESIGN_CONTEXT('',#3001,'design');
#3736=MECHANICAL_CONTEXT('',#3001,'mechanical');
#3737=PRODUCT('PIN1','PIN1','NOT SPECIFIED',(#3736));
#3738=PRODUCT_DEFINITION_FORMATION_WITH_SPECIFIED_SOURCE('12','LAST_VERSION',
#3737,.MADE.);
#3744=CARTESIAN_POINT('',(0.E0,0.E0,1.13E0));
#3745=DIRECTION('',(0.E0,-1.E0,0.E0));
#3746=DIRECTION('',(1.E0,0.E0,0.E0));
#3747=AXIS2_PLACEMENT_3D('',#3744,#3745,#3746);
#3748=ITEM_DEFINED_TRANSFORMATION('','',#3733,#3747);
#3749=(REPRESENTATION_RELATIONSHIP('','',#3734,#3012)REPRESENTATION_RELATIONSHIP_WITH_TRANSFORMATION(#3748)SHAPE_REPRESENTATION_RELATIONSHIP());
#3750=CONTEXT_DEPENDENT_SHAPE_REPRESENTATION(#3749,#3743);
#3753=DIRECTION('',(1.E0,0.E0,0.E0));
#3754=VECTOR('',#3753,2.999056908573E-1);
#3755=CARTESIAN_POINT('',(-1.499528454287E-1,0.E0,1.922405165973E0));
#3756=LINE('',#3755,#3754);
#3757=CURVE_STYLE('',#35,POSITIVE_LENGTH_MEASURE(2.E-2),#22);
#3758=PRESENTATION_STYLE_ASSIGNMENT((#3757));
#3759=STYLED_ITEM('',(#3758),#3756);
#3760=DIRECTION('',(-3.315520551779E-13,0.E0,-1.E0));
#3761=VECTOR('',#3760,1.074051659723E-1);
#3762=CARTESIAN_POINT('',(1.499528454286E-1,0.E0,1.922405165973E0));
#3763=LINE('',#3762,#3761);
#3764=CURVE_STYLE('',#35,POSITIVE_LENGTH_MEASURE(2.E-2),#22);
#3765=PRESENTATION_STYLE_ASSIGNMENT((#3764));
#3766=STYLED_ITEM('',(#3765),#3763);
#3767=DIRECTION('',(1.E0,0.E0,5.928590951509E-13));
#3768=VECTOR('',#3767,9.999999999982E-2);
#3769=CARTESIAN_POINT('',(1.499528454286E-1,0.E0,1.815000000001E0));
#3770=LINE('',#3769,#3768);
#3771=CURVE_STYLE('',#35,POSITIVE_LENGTH_MEASURE(2.E-2),#22);
#3772=PRESENTATION_STYLE_ASSIGNMENT((#3771));
#3773=STYLED_ITEM('',(#3772),#3770);
#3774=DIRECTION('',(0.E0,0.E0,-1.E0));
#3775=VECTOR('',#3774,1.3E-1);
#3776=CARTESIAN_POINT('',(2.499528454284E-1,0.E0,1.815000000001E0));
#3777=LINE('',#3776,#3775);
#3778=CURVE_STYLE('',#35,POSITIVE_LENGTH_MEASURE(2.E-2),#22);
#3779=PRESENTATION_STYLE_ASSIGNMENT((#3778));
#3780=STYLED_ITEM('',(#3779),#3777);
#3781=DIRECTION('',(1.E0,0.E0,8.778189834620E-13));
#3782=VECTOR('',#3781,1.140047154654E0);
#3783=CARTESIAN_POINT('',(2.499528454284E-1,0.E0,1.685000000001E0));
#3784=LINE('',#3783,#3782);
#3785=CURVE_STYLE('',#35,POSITIVE_LENGTH_MEASURE(2.E-2),#22);
#3786=PRESENTATION_STYLE_ASSIGNMENT((#3785));
#3787=STYLED_ITEM('',(#3786),#3784);
#3788=DIRECTION('',(-2.255103207441E-11,0.E0,-1.E0));
#3789=VECTOR('',#3788,3.313118200198E0);
#3790=CARTESIAN_POINT('',(1.390000000082E0,0.E0,1.685000000002E0));
#3791=LINE('',#3790,#3789);
#3792=CURVE_STYLE('',#35,POSITIVE_LENGTH_MEASURE(2.E-2),#22);
#3793=PRESENTATION_STYLE_ASSIGNMENT((#3792));
#3794=STYLED_ITEM('',(#3793),#3791);
#3795=DIRECTION('',(1.E0,0.E0,0.E0));
#3796=VECTOR('',#3795,1.3E-1);
#3797=CARTESIAN_POINT('',(1.390000000008E0,0.E0,-1.628118200196E0));
#3798=LINE('',#3797,#3796);
#3799=CURVE_STYLE('',#35,POSITIVE_LENGTH_MEASURE(2.E-2),#22);
#3800=PRESENTATION_STYLE_ASSIGNMENT((#3799));
#3801=STYLED_ITEM('',(#3800),#3798);
#3802=DIRECTION('',(-2.271067356973E-11,0.E0,-1.E0));
#3803=VECTOR('',#3802,3.218817998021E-1);
#3804=CARTESIAN_POINT('',(1.520000000008E0,0.E0,-1.628118200196E0));
#3805=LINE('',#3804,#3803);
#3806=CURVE_STYLE('',#35,POSITIVE_LENGTH_MEASURE(2.E-2),#22);
#3807=PRESENTATION_STYLE_ASSIGNMENT((#3806));
#3808=STYLED_ITEM('',(#3807),#3805);
#3809=CARTESIAN_POINT('',(1.37E0,0.E0,-1.949999999999E0));
#3810=DIRECTION('',(0.E0,1.E0,0.E0));
#3811=DIRECTION('',(1.E0,0.E0,3.878379099359E-13));
#3812=AXIS2_PLACEMENT_3D('',#3809,#3810,#3811);
#3814=CURVE_STYLE('',#35,POSITIVE_LENGTH_MEASURE(2.E-2),#22);
#3815=PRESENTATION_STYLE_ASSIGNMENT((#3814));
#3816=STYLED_ITEM('',(#3815),#3813);
#3817=DIRECTION('',(-1.E0,0.E0,0.E0));
#3818=VECTOR('',#3817,1.499999994506E-1);
#3819=CARTESIAN_POINT('',(1.37E0,0.E0,-2.099999999999E0));
#3820=LINE('',#3819,#3818);
#3821=CURVE_STYLE('',#35,POSITIVE_LENGTH_MEASURE(2.E-2),#22);
#3822=PRESENTATION_STYLE_ASSIGNMENT((#3821));
#3823=STYLED_ITEM('',(#3822),#3820);
#3824=DIRECTION('',(-9.396421098045E-13,0.E0,1.E0));
#3825=VECTOR('',#3824,1.918817998021E-1);
#3826=CARTESIAN_POINT('',(1.220000000550E0,0.E0,-2.099999999999E0));
#3827=LINE('',#3826,#3825);
#3828=CURVE_STYLE('',#35,POSITIVE_LENGTH_MEASURE(2.E-2),#22);
#3829=PRESENTATION_STYLE_ASSIGNMENT((#3828));
#3830=STYLED_ITEM('',(#3829),#3827);
#3831=DIRECTION('',(1.E0,0.E0,0.E0));
#3832=VECTOR('',#3831,1.999999999984E-2);
#3833=CARTESIAN_POINT('',(1.220000000550E0,0.E0,-1.908118200196E0));
#3834=LINE('',#3833,#3832);
#3835=CURVE_STYLE('',#35,POSITIVE_LENGTH_MEASURE(2.E-2),#22);
#3836=PRESENTATION_STYLE_ASSIGNMENT((#3835));
#3837=STYLED_ITEM('',(#3836),#3834);
#3838=CARTESIAN_POINT('',(1.240000000549E0,0.E0,-1.828118200196E0));
#3839=DIRECTION('',(0.E0,-1.E0,0.E0));
#3840=DIRECTION('',(4.718447854656E-14,0.E0,-1.E0));
#3841=AXIS2_PLACEMENT_3D('',#3838,#3839,#3840);
#3843=CURVE_STYLE('',#35,POSITIVE_LENGTH_MEASURE(2.E-2),#22);
#3844=PRESENTATION_STYLE_ASSIGNMENT((#3843));
#3845=STYLED_ITEM('',(#3844),#3842);
#3846=DIRECTION('',(-7.475116855197E-14,0.E0,1.E0));
#3847=VECTOR('',#3846,1.188179980200E-2);
#3848=CARTESIAN_POINT('',(1.320000000549E0,0.E0,-1.828118200196E0));
#3849=LINE('',#3848,#3847);
#3850=CURVE_STYLE('',#35,POSITIVE_LENGTH_MEASURE(2.E-2),#22);
#3851=PRESENTATION_STYLE_ASSIGNMENT((#3850));
#3852=STYLED_ITEM('',(#3851),#3849);
#3853=CARTESIAN_POINT('',(1.220000000549E0,0.E0,-1.816236400394E0));
#3854=DIRECTION('',(0.E0,-1.E0,0.E0));
#3855=DIRECTION('',(1.E0,0.E0,1.931788062848E-13));
#3856=AXIS2_PLACEMENT_3D('',#3853,#3854,#3855);
#3858=CURVE_STYLE('',#35,POSITIVE_LENGTH_MEASURE(2.E-2),#22);
#3859=PRESENTATION_STYLE_ASSIGNMENT((#3858));
#3860=STYLED_ITEM('',(#3859),#3857);
#3861=DIRECTION('',(5.241287012292E-13,0.E0,1.E0));
#3862=VECTOR('',#3861,8.811820019795E-2);
#3863=CARTESIAN_POINT('',(1.220000000549E0,0.E0,-1.716236400394E0));
#3864=LINE('',#3863,#3862);
#3865=CURVE_STYLE('',#35,POSITIVE_LENGTH_MEASURE(2.E-2),#22);
#3866=PRESENTATION_STYLE_ASSIGNMENT((#3865));
#3867=STYLED_ITEM('',(#3866),#3864);
#3868=DIRECTION('',(-1.E0,0.E0,0.E0));
#3869=VECTOR('',#3868,2.440000001099E0);
#3870=CARTESIAN_POINT('',(1.220000000549E0,0.E0,-1.628118200196E0));
#3871=LINE('',#3870,#3869);
#3872=CURVE_STYLE('',#35,POSITIVE_LENGTH_MEASURE(2.E-2),#22);
#3873=PRESENTATION_STYLE_ASSIGNMENT((#3872));
#3874=STYLED_ITEM('',(#3873),#3871);
#3875=DIRECTION('',(5.241287012292E-13,0.E0,-1.E0));
#3876=VECTOR('',#3875,8.811820019795E-2);
#3877=CARTESIAN_POINT('',(-1.220000000549E0,0.E0,-1.628118200196E0));
#3878=LINE('',#3877,#3876);
#3879=CURVE_STYLE('',#35,POSITIVE_LENGTH_MEASURE(2.E-2),#22);
#3880=PRESENTATION_STYLE_ASSIGNMENT((#3879));
#3881=STYLED_ITEM('',(#3880),#3878);
#3882=CARTESIAN_POINT('',(-1.220000000549E0,0.E0,-1.816236400394E0));
#3883=DIRECTION('',(0.E0,-1.E0,0.E0));
#3884=DIRECTION('',(8.126832540259E-13,0.E0,1.E0));
#3885=AXIS2_PLACEMENT_3D('',#3882,#3883,#3884);
#3887=CURVE_STYLE('',#35,POSITIVE_LENGTH_MEASURE(2.E-2),#22);
#3888=PRESENTATION_STYLE_ASSIGNMENT((#3887));
#3889=STYLED_ITEM('',(#3888),#3886);
#3890=DIRECTION('',(0.E0,0.E0,-1.E0));
#3891=VECTOR('',#3890,1.188179980199E-2);
#3892=CARTESIAN_POINT('',(-1.320000000549E0,0.E0,-1.816236400394E0));
#3893=LINE('',#3892,#3891);
#3894=CURVE_STYLE('',#35,POSITIVE_LENGTH_MEASURE(2.E-2),#22);
#3895=PRESENTATION_STYLE_ASSIGNMENT((#3894));
#3896=STYLED_ITEM('',(#3895),#3893);
#3897=CARTESIAN_POINT('',(-1.240000000549E0,0.E0,-1.828118200196E0));
#3898=DIRECTION('',(0.E0,-1.E0,0.E0));
#3899=DIRECTION('',(-1.E0,0.E0,1.093569679255E-12));
#3900=AXIS2_PLACEMENT_3D('',#3897,#3898,#3899);
#3902=CURVE_STYLE('',#35,POSITIVE_LENGTH_MEASURE(2.E-2),#22);
#3903=PRESENTATION_STYLE_ASSIGNMENT((#3902));
#3904=STYLED_ITEM('',(#3903),#3901);
#3905=DIRECTION('',(1.E0,0.E0,0.E0));
#3906=VECTOR('',#3905,1.999999999984E-2);
#3907=CARTESIAN_POINT('',(-1.240000000549E0,0.E0,-1.908118200196E0));
#3908=LINE('',#3907,#3906);
#3909=CURVE_STYLE('',#35,POSITIVE_LENGTH_MEASURE(2.E-2),#22);
#3910=PRESENTATION_STYLE_ASSIGNMENT((#3909));
#3911=STYLED_ITEM('',(#3910),#3908);
#3912=DIRECTION('',(-9.523712516860E-13,0.E0,-1.E0));
#3913=VECTOR('',#3912,1.918817998021E-1);
#3914=CARTESIAN_POINT('',(-1.220000000549E0,0.E0,-1.908118200196E0));
#3915=LINE('',#3914,#3913);
#3916=CURVE_STYLE('',#35,POSITIVE_LENGTH_MEASURE(2.E-2),#22);
#3917=PRESENTATION_STYLE_ASSIGNMENT((#3916));
#3918=STYLED_ITEM('',(#3917),#3915);
#3919=DIRECTION('',(-1.E0,0.E0,0.E0));
#3920=VECTOR('',#3919,1.499999994507E-1);
#3921=CARTESIAN_POINT('',(-1.220000000550E0,0.E0,-2.099999999999E0));
#3922=LINE('',#3921,#3920);
#3923=CURVE_STYLE('',#35,POSITIVE_LENGTH_MEASURE(2.E-2),#22);
#3924=PRESENTATION_STYLE_ASSIGNMENT((#3923));
#3925=STYLED_ITEM('',(#3924),#3922);
#3926=CARTESIAN_POINT('',(-1.37E0,0.E0,-1.949999999999E0));
#3927=DIRECTION('',(0.E0,1.E0,0.E0));
#3928=DIRECTION('',(1.968795497003E-13,0.E0,-1.E0));
#3929=AXIS2_PLACEMENT_3D('',#3926,#3927,#3928);
#3931=CURVE_STYLE('',#35,POSITIVE_LENGTH_MEASURE(2.E-2),#22);
#3932=PRESENTATION_STYLE_ASSIGNMENT((#3931));
#3933=STYLED_ITEM('',(#3932),#3930);
#3934=DIRECTION('',(-2.267204293611E-11,0.E0,1.E0));
#3935=VECTOR('',#3934,3.218817998021E-1);
#3936=CARTESIAN_POINT('',(-1.52E0,0.E0,-1.949999999999E0));
#3937=LINE('',#3936,#3935);
#3938=CURVE_STYLE('',#35,POSITIVE_LENGTH_MEASURE(2.E-2),#22);
#3939=PRESENTATION_STYLE_ASSIGNMENT((#3938));
#3940=STYLED_ITEM('',(#3939),#3937);
#3941=DIRECTION('',(1.E0,0.E0,0.E0));
#3942=VECTOR('',#3941,1.3E-1);
#3943=CARTESIAN_POINT('',(-1.520000000008E0,0.E0,-1.628118200196E0));
#3944=LINE('',#3943,#3942);
#3945=CURVE_STYLE('',#35,POSITIVE_LENGTH_MEASURE(2.E-2),#22);
#3946=PRESENTATION_STYLE_ASSIGNMENT((#3945));
#3947=STYLED_ITEM('',(#3946),#3944);
#3948=DIRECTION('',(-2.255183631232E-11,0.E0,1.E0));
#3949=VECTOR('',#3948,3.313118200198E0);
#3950=CARTESIAN_POINT('',(-1.390000000008E0,0.E0,-1.628118200196E0));
#3951=LINE('',#3950,#3949);
#3952=CURVE_STYLE('',#35,POSITIVE_LENGTH_MEASURE(2.E-2),#22);
#3953=PRESENTATION_STYLE_ASSIGNMENT((#3952));
#3954=STYLED_ITEM('',(#3953),#3951);
#3955=DIRECTION('',(1.E0,0.E0,-8.778189834620E-13));
#3956=VECTOR('',#3955,1.140047154654E0);
#3957=CARTESIAN_POINT('',(-1.390000000082E0,0.E0,1.685000000002E0));
#3958=LINE('',#3957,#3956);
#3959=CURVE_STYLE('',#35,POSITIVE_LENGTH_MEASURE(2.E-2),#22);
#3960=PRESENTATION_STYLE_ASSIGNMENT((#3959));
#3961=STYLED_ITEM('',(#3960),#3958);
#3962=DIRECTION('',(0.E0,0.E0,1.E0));
#3963=VECTOR('',#3962,1.3E-1);
#3964=CARTESIAN_POINT('',(-2.499528454284E-1,0.E0,1.685000000001E0));
#3965=LINE('',#3964,#3963);
#3966=CURVE_STYLE('',#35,POSITIVE_LENGTH_MEASURE(2.E-2),#22);
#3967=PRESENTATION_STYLE_ASSIGNMENT((#3966));
#3968=STYLED_ITEM('',(#3967),#3965);
#3969=DIRECTION('',(1.E0,0.E0,-5.417888360188E-13));
#3970=VECTOR('',#3969,9.999999999968E-2);
#3971=CARTESIAN_POINT('',(-2.499528454284E-1,0.E0,1.815000000001E0));
#3972=LINE('',#3971,#3970);
#3973=CURVE_STYLE('',#35,POSITIVE_LENGTH_MEASURE(2.E-2),#22);
#3974=PRESENTATION_STYLE_ASSIGNMENT((#3973));
#3975=STYLED_ITEM('',(#3974),#3972);
#3976=DIRECTION('',(0.E0,0.E0,1.E0));
#3977=VECTOR('',#3976,1.074051659723E-1);
#3978=CARTESIAN_POINT('',(-1.499528454287E-1,0.E0,1.815000000001E0));
#3979=LINE('',#3978,#3977);
#3980=CURVE_STYLE('',#35,POSITIVE_LENGTH_MEASURE(2.E-2),#22);
#3981=PRESENTATION_STYLE_ASSIGNMENT((#3980));
#3982=STYLED_ITEM('',(#3981),#3979);
#3983=DIRECTION('',(0.E0,1.E0,0.E0));
#3984=VECTOR('',#3983,1.5E-1);
#3985=CARTESIAN_POINT('',(-1.499528454287E-1,0.E0,1.922405165973E0));
#3986=LINE('',#3985,#3984);
#3987=CURVE_STYLE('',#35,POSITIVE_LENGTH_MEASURE(2.E-2),#22);
#3988=PRESENTATION_STYLE_ASSIGNMENT((#3987));
#3989=STYLED_ITEM('',(#3988),#3986);
#3990=DIRECTION('',(0.E0,1.E0,0.E0));
#3991=VECTOR('',#3990,1.5E-1);
#3992=CARTESIAN_POINT('',(-1.499528454287E-1,0.E0,1.815000000001E0));
#3993=LINE('',#3992,#3991);
#3994=CURVE_STYLE('',#35,POSITIVE_LENGTH_MEASURE(2.E-2),#22);
#3995=PRESENTATION_STYLE_ASSIGNMENT((#3994));
#3996=STYLED_ITEM('',(#3995),#3993);
#3997=DIRECTION('',(0.E0,1.E0,1.820765760385E-13));
#3998=VECTOR('',#3997,1.5E-1);
#3999=CARTESIAN_POINT('',(-2.499528454284E-1,0.E0,1.815000000001E0));
#4000=LINE('',#3999,#3998);
#4001=CURVE_STYLE('',#35,POSITIVE_LENGTH_MEASURE(2.E-2),#22);
#4002=PRESENTATION_STYLE_ASSIGNMENT((#4001));
#4003=STYLED_ITEM('',(#4002),#4000);
#4004=DIRECTION('',(0.E0,1.E0,0.E0));
#4005=VECTOR('',#4004,1.5E-1);
#4006=CARTESIAN_POINT('',(-2.499528454284E-1,0.E0,1.685000000001E0));
#4007=LINE('',#4006,#4005);
#4008=CURVE_STYLE('',#35,POSITIVE_LENGTH_MEASURE(2.E-2),#22);
#4009=PRESENTATION_STYLE_ASSIGNMENT((#4008));
#4010=STYLED_ITEM('',(#4009),#4007);
#4011=DIRECTION('',(0.E0,1.E0,0.E0));
#4012=VECTOR('',#4011,1.5E-1);
#4013=CARTESIAN_POINT('',(-1.390000000082E0,0.E0,1.685000000002E0));
#4014=LINE('',#4013,#4012);
#4015=CURVE_STYLE('',#35,POSITIVE_LENGTH_MEASURE(2.E-2),#22);
#4016=PRESENTATION_STYLE_ASSIGNMENT((#4015));
#4017=STYLED_ITEM('',(#4016),#4014);
#4018=DIRECTION('',(0.E0,1.E0,0.E0));
#4019=VECTOR('',#4018,1.5E-1);
#4020=CARTESIAN_POINT('',(-1.390000000008E0,0.E0,-1.628118200196E0));
#4021=LINE('',#4020,#4019);
#4022=CURVE_STYLE('',#35,POSITIVE_LENGTH_MEASURE(2.E-2),#22);
#4023=PRESENTATION_STYLE_ASSIGNMENT((#4022));
#4024=STYLED_ITEM('',(#4023),#4021);
#4025=DIRECTION('',(-6.957397620984E-14,1.E0,0.E0));
#4026=VECTOR('',#4025,1.5E-1);
#4027=CARTESIAN_POINT('',(-1.520000000008E0,0.E0,-1.628118200196E0));
#4028=LINE('',#4027,#4026);
#4029=CURVE_STYLE('',#35,POSITIVE_LENGTH_MEASURE(2.E-2),#22);
#4030=PRESENTATION_STYLE_ASSIGNMENT((#4029));
#4031=STYLED_ITEM('',(#4030),#4028);
#4032=DIRECTION('',(0.E0,1.E0,-2.309115861484E-11));
#4033=VECTOR('',#4032,1.5E-1);
#4034=CARTESIAN_POINT('',(-1.52E0,0.E0,-1.949999999999E0));
#4035=LINE('',#4034,#4033);
#4036=CURVE_STYLE('',#35,POSITIVE_LENGTH_MEASURE(2.E-2),#22);
#4037=PRESENTATION_STYLE_ASSIGNMENT((#4036));
#4038=STYLED_ITEM('',(#4037),#4035);
#4039=DIRECTION('',(-1.213843840257E-13,1.E0,0.E0));
#4040=VECTOR('',#4039,1.5E-1);
#4041=CARTESIAN_POINT('',(-1.37E0,0.E0,-2.099999999999E0));
#4042=LINE('',#4041,#4040);
#4043=CURVE_STYLE('',#35,POSITIVE_LENGTH_MEASURE(2.E-2),#22);
#4044=PRESENTATION_STYLE_ASSIGNMENT((#4043));
#4045=STYLED_ITEM('',(#4044),#4042);
#4046=DIRECTION('',(0.E0,1.E0,0.E0));
#4047=VECTOR('',#4046,1.5E-1);
#4048=CARTESIAN_POINT('',(-1.220000000550E0,0.E0,-2.099999999999E0));
#4049=LINE('',#4048,#4047);
#4050=CURVE_STYLE('',#35,POSITIVE_LENGTH_MEASURE(2.E-2),#22);
#4051=PRESENTATION_STYLE_ASSIGNMENT((#4050));
#4052=STYLED_ITEM('',(#4051),#4049);
#4053=DIRECTION('',(0.E0,1.E0,0.E0));
#4054=VECTOR('',#4053,1.5E-1);
#4055=CARTESIAN_POINT('',(-1.220000000549E0,0.E0,-1.908118200196E0));
#4056=LINE('',#4055,#4054);
#4057=CURVE_STYLE('',#35,POSITIVE_LENGTH_MEASURE(2.E-2),#22);
#4058=PRESENTATION_STYLE_ASSIGNMENT((#4057));
#4059=STYLED_ITEM('',(#4058),#4056);
#4060=DIRECTION('',(2.664535259100E-14,1.E0,0.E0));
#4061=VECTOR('',#4060,1.5E-1);
#4062=CARTESIAN_POINT('',(-1.240000000549E0,0.E0,-1.908118200196E0));
#4063=LINE('',#4062,#4061);
#4064=CURVE_STYLE('',#35,POSITIVE_LENGTH_MEASURE(2.E-2),#22);
#4065=PRESENTATION_STYLE_ASSIGNMENT((#4064));
#4066=STYLED_ITEM('',(#4065),#4063);
#4067=DIRECTION('',(0.E0,1.E0,-5.773159728051E-13));
#4068=VECTOR('',#4067,1.5E-1);
#4069=CARTESIAN_POINT('',(-1.320000000549E0,0.E0,-1.828118200196E0));
#4070=LINE('',#4069,#4068);
#4071=CURVE_STYLE('',#35,POSITIVE_LENGTH_MEASURE(2.E-2),#22);
#4072=PRESENTATION_STYLE_ASSIGNMENT((#4071));
#4073=STYLED_ITEM('',(#4072),#4070);
#4074=DIRECTION('',(0.E0,1.E0,-1.228646813919E-13));
#4075=VECTOR('',#4074,1.5E-1);
#4076=CARTESIAN_POINT('',(-1.320000000549E0,0.E0,-1.816236400394E0));
#4077=LINE('',#4076,#4075);
#4078=CURVE_STYLE('',#35,POSITIVE_LENGTH_MEASURE(2.E-2),#22);
#4079=PRESENTATION_STYLE_ASSIGNMENT((#4078));
#4080=STYLED_ITEM('',(#4079),#4077);
#4081=DIRECTION('',(0.E0,1.E0,-1.243449787580E-13));
#4082=VECTOR('',#4081,1.5E-1);
#4083=CARTESIAN_POINT('',(-1.220000000549E0,0.E0,-1.716236400394E0));
#4084=LINE('',#4083,#4082);
#4085=CURVE_STYLE('',#35,POSITIVE_LENGTH_MEASURE(2.E-2),#22);
#4086=PRESENTATION_STYLE_ASSIGNMENT((#4085));
#4087=STYLED_ITEM('',(#4086),#4084);
#4088=DIRECTION('',(0.E0,1.E0,0.E0));
#4089=VECTOR('',#4088,1.5E-1);
#4090=CARTESIAN_POINT('',(-1.220000000549E0,0.E0,-1.628118200196E0));
#4091=LINE('',#4090,#4089);
#4092=CURVE_STYLE('',#35,POSITIVE_LENGTH_MEASURE(2.E-2),#22);
#4093=PRESENTATION_STYLE_ASSIGNMENT((#4092));
#4094=STYLED_ITEM('',(#4093),#4091);
#4095=DIRECTION('',(0.E0,1.E0,0.E0));
#4096=VECTOR('',#4095,1.5E-1);
#4097=CARTESIAN_POINT('',(1.220000000549E0,0.E0,-1.628118200196E0));
#4098=LINE('',#4097,#4096);
#4099=CURVE_STYLE('',#35,POSITIVE_LENGTH_MEASURE(2.E-2),#22);
#4100=PRESENTATION_STYLE_ASSIGNMENT((#4099));
#4101=STYLED_ITEM('',(#4100),#4098);
#4102=DIRECTION('',(0.E0,1.E0,-1.243449787580E-13));
#4103=VECTOR('',#4102,1.5E-1);
#4104=CARTESIAN_POINT('',(1.220000000549E0,0.E0,-1.716236400394E0));
#4105=LINE('',#4104,#4103);
#4106=CURVE_STYLE('',#35,POSITIVE_LENGTH_MEASURE(2.E-2),#22);
#4107=PRESENTATION_STYLE_ASSIGNMENT((#4106));
#4108=STYLED_ITEM('',(#4107),#4105);
#4109=DIRECTION('',(0.E0,1.E0,-1.302661682227E-13));
#4110=VECTOR('',#4109,1.5E-1);
#4111=CARTESIAN_POINT('',(1.320000000549E0,0.E0,-1.816236400394E0));
#4112=LINE('',#4111,#4110);
#4113=CURVE_STYLE('',#35,POSITIVE_LENGTH_MEASURE(2.E-2),#22);
#4114=PRESENTATION_STYLE_ASSIGNMENT((#4113));
#4115=STYLED_ITEM('',(#4114),#4112);
#4116=DIRECTION('',(0.E0,1.E0,-5.417888360171E-13));
#4117=VECTOR('',#4116,1.5E-1);
#4118=CARTESIAN_POINT('',(1.320000000549E0,0.E0,-1.828118200196E0));
#4119=LINE('',#4118,#4117);
#4120=CURVE_STYLE('',#35,POSITIVE_LENGTH_MEASURE(2.E-2),#22);
#4121=PRESENTATION_STYLE_ASSIGNMENT((#4120));
#4122=STYLED_ITEM('',(#4121),#4119);
#4123=DIRECTION('',(-2.072416312634E-14,1.E0,0.E0));
#4124=VECTOR('',#4123,1.5E-1);
#4125=CARTESIAN_POINT('',(1.240000000549E0,0.E0,-1.908118200196E0));
#4126=LINE('',#4125,#4124);
#4127=CURVE_STYLE('',#35,POSITIVE_LENGTH_MEASURE(2.E-2),#22);
#4128=PRESENTATION_STYLE_ASSIGNMENT((#4127));
#4129=STYLED_ITEM('',(#4128),#4126);
#4130=DIRECTION('',(0.E0,1.E0,0.E0));
#4131=VECTOR('',#4130,1.5E-1);
#4132=CARTESIAN_POINT('',(1.220000000550E0,0.E0,-1.908118200196E0));
#4133=LINE('',#4132,#4131);
#4134=CURVE_STYLE('',#35,POSITIVE_LENGTH_MEASURE(2.E-2),#22);
#4135=PRESENTATION_STYLE_ASSIGNMENT((#4134));
#4136=STYLED_ITEM('',(#4135),#4133);
#4137=DIRECTION('',(0.E0,1.E0,0.E0));
#4138=VECTOR('',#4137,1.5E-1);
#4139=CARTESIAN_POINT('',(1.220000000550E0,0.E0,-2.099999999999E0));
#4140=LINE('',#4139,#4138);
#4141=CURVE_STYLE('',#35,POSITIVE_LENGTH_MEASURE(2.E-2),#22);
#4142=PRESENTATION_STYLE_ASSIGNMENT((#4141));
#4143=STYLED_ITEM('',(#4142),#4140);
#4144=DIRECTION('',(1.006602208993E-13,1.E0,0.E0));
#4145=VECTOR('',#4144,1.5E-1);
#4146=CARTESIAN_POINT('',(1.37E0,0.E0,-2.099999999999E0));
#4147=LINE('',#4146,#4145);
#4148=CURVE_STYLE('',#35,POSITIVE_LENGTH_MEASURE(2.E-2),#22);
#4149=PRESENTATION_STYLE_ASSIGNMENT((#4148));
#4150=STYLED_ITEM('',(#4149),#4147);
#4151=DIRECTION('',(0.E0,1.E0,-2.308671772274E-11));
#4152=VECTOR('',#4151,1.5E-1);
#4153=CARTESIAN_POINT('',(1.52E0,0.E0,-1.949999999999E0));
#4154=LINE('',#4153,#4152);
#4155=CURVE_STYLE('',#35,POSITIVE_LENGTH_MEASURE(2.E-2),#22);
#4156=PRESENTATION_STYLE_ASSIGNMENT((#4155));
#4157=STYLED_ITEM('',(#4156),#4154);
#4158=DIRECTION('',(-3.404683942184E-14,1.E0,0.E0));
#4159=VECTOR('',#4158,1.5E-1);
#4160=CARTESIAN_POINT('',(1.520000000008E0,0.E0,-1.628118200196E0));
#4161=LINE('',#4160,#4159);
#4162=CURVE_STYLE('',#35,POSITIVE_LENGTH_MEASURE(2.E-2),#22);
#4163=PRESENTATION_STYLE_ASSIGNMENT((#4162));
#4164=STYLED_ITEM('',(#4163),#4161);
#4165=DIRECTION('',(0.E0,1.E0,0.E0));
#4166=VECTOR('',#4165,1.5E-1);
#4167=CARTESIAN_POINT('',(1.390000000008E0,0.E0,-1.628118200196E0));
#4168=LINE('',#4167,#4166);
#4169=CURVE_STYLE('',#35,POSITIVE_LENGTH_MEASURE(2.E-2),#22);
#4170=PRESENTATION_STYLE_ASSIGNMENT((#4169));
#4171=STYLED_ITEM('',(#4170),#4168);
#4172=DIRECTION('',(0.E0,1.E0,0.E0));
#4173=VECTOR('',#4172,1.5E-1);
#4174=CARTESIAN_POINT('',(1.390000000082E0,0.E0,1.685000000002E0));
#4175=LINE('',#4174,#4173);
#4176=CURVE_STYLE('',#35,POSITIVE_LENGTH_MEASURE(2.E-2),#22);
#4177=PRESENTATION_STYLE_ASSIGNMENT((#4176));
#4178=STYLED_ITEM('',(#4177),#4175);
#4179=DIRECTION('',(0.E0,1.E0,0.E0));
#4180=VECTOR('',#4179,1.5E-1);
#4181=CARTESIAN_POINT('',(2.499528454284E-1,0.E0,1.685000000001E0));
#4182=LINE('',#4181,#4180);
#4183=CURVE_STYLE('',#35,POSITIVE_LENGTH_MEASURE(2.E-2),#22);
#4184=PRESENTATION_STYLE_ASSIGNMENT((#4183));
#4185=STYLED_ITEM('',(#4184),#4182);
#4186=DIRECTION('',(0.E0,1.E0,1.968795497002E-13));
#4187=VECTOR('',#4186,1.5E-1);
#4188=CARTESIAN_POINT('',(2.499528454284E-1,0.E0,1.815000000001E0));
#4189=LINE('',#4188,#4187);
#4190=CURVE_STYLE('',#35,POSITIVE_LENGTH_MEASURE(2.E-2),#22);
#4191=PRESENTATION_STYLE_ASSIGNMENT((#4190));
#4192=STYLED_ITEM('',(#4191),#4189);
#4193=DIRECTION('',(0.E0,1.E0,0.E0));
#4194=VECTOR('',#4193,1.5E-1);
#4195=CARTESIAN_POINT('',(1.499528454286E-1,0.E0,1.815000000001E0));
#4196=LINE('',#4195,#4194);
#4197=CURVE_STYLE('',#35,POSITIVE_LENGTH_MEASURE(2.E-2),#22);
#4198=PRESENTATION_STYLE_ASSIGNMENT((#4197));
#4199=STYLED_ITEM('',(#4198),#4196);
#4200=DIRECTION('',(0.E0,1.E0,0.E0));
#4201=VECTOR('',#4200,1.5E-1);
#4202=CARTESIAN_POINT('',(1.499528454286E-1,0.E0,1.922405165973E0));
#4203=LINE('',#4202,#4201);
#4204=CURVE_STYLE('',#35,POSITIVE_LENGTH_MEASURE(2.E-2),#22);
#4205=PRESENTATION_STYLE_ASSIGNMENT((#4204));
#4206=STYLED_ITEM('',(#4205),#4203);
#4207=DIRECTION('',(1.E0,0.E0,0.E0));
#4208=VECTOR('',#4207,2.999056908573E-1);
#4209=CARTESIAN_POINT('',(-1.499528454287E-1,1.5E-1,1.922405165973E0));
#4210=LINE('',#4209,#4208);
#4211=CURVE_STYLE('',#35,POSITIVE_LENGTH_MEASURE(2.E-2),#22);
#4212=PRESENTATION_STYLE_ASSIGNMENT((#4211));
#4213=STYLED_ITEM('',(#4212),#4210);
#4214=DIRECTION('',(0.E0,0.E0,1.E0));
#4215=VECTOR('',#4214,1.074051659723E-1);
#4216=CARTESIAN_POINT('',(-1.499528454287E-1,1.5E-1,1.815000000001E0));
#4217=LINE('',#4216,#4215);
#4218=CURVE_STYLE('',#35,POSITIVE_LENGTH_MEASURE(2.E-2),#22);
#4219=PRESENTATION_STYLE_ASSIGNMENT((#4218));
#4220=STYLED_ITEM('',(#4219),#4217);
#4221=DIRECTION('',(1.E0,0.E0,-8.149037000775E-13));
#4222=VECTOR('',#4221,9.999999999968E-2);
#4223=CARTESIAN_POINT('',(-2.499528454284E-1,1.5E-1,1.815000000001E0));
#4224=LINE('',#4223,#4222);
#4225=CURVE_STYLE('',#35,POSITIVE_LENGTH_MEASURE(2.E-2),#22);
#4226=PRESENTATION_STYLE_ASSIGNMENT((#4225));
#4227=STYLED_ITEM('',(#4226),#4224);
#4228=DIRECTION('',(0.E0,0.E0,1.E0));
#4229=VECTOR('',#4228,1.3E-1);
#4230=CARTESIAN_POINT('',(-2.499528454284E-1,1.5E-1,1.685000000001E0));
#4231=LINE('',#4230,#4229);
#4232=CURVE_STYLE('',#35,POSITIVE_LENGTH_MEASURE(2.E-2),#22);
#4233=PRESENTATION_STYLE_ASSIGNMENT((#4232));
#4234=STYLED_ITEM('',(#4233),#4231);
#4235=DIRECTION('',(1.E0,0.E0,-8.778189834620E-13));
#4236=VECTOR('',#4235,1.140047154654E0);
#4237=CARTESIAN_POINT('',(-1.390000000082E0,1.5E-1,1.685000000002E0));
#4238=LINE('',#4237,#4236);
#4239=CURVE_STYLE('',#35,POSITIVE_LENGTH_MEASURE(2.E-2),#22);
#4240=PRESENTATION_STYLE_ASSIGNMENT((#4239));
#4241=STYLED_ITEM('',(#4240),#4238);
#4242=DIRECTION('',(-2.255183631232E-11,0.E0,1.E0));
#4243=VECTOR('',#4242,3.313118200198E0);
#4244=CARTESIAN_POINT('',(-1.390000000008E0,1.5E-1,-1.628118200196E0));
#4245=LINE('',#4244,#4243);
#4246=CURVE_STYLE('',#35,POSITIVE_LENGTH_MEASURE(2.E-2),#22);
#4247=PRESENTATION_STYLE_ASSIGNMENT((#4246));
#4248=STYLED_ITEM('',(#4247),#4245);
#4249=DIRECTION('',(1.E0,0.E0,0.E0));
#4250=VECTOR('',#4249,1.3E-1);
#4251=CARTESIAN_POINT('',(-1.520000000008E0,1.5E-1,-1.628118200196E0));
#4252=LINE('',#4251,#4250);
#4253=CURVE_STYLE('',#35,POSITIVE_LENGTH_MEASURE(2.E-2),#22);
#4254=PRESENTATION_STYLE_ASSIGNMENT((#4253));
#4255=STYLED_ITEM('',(#4254),#4252);
#4256=DIRECTION('',(-2.270308540931E-11,0.E0,1.E0));
#4257=VECTOR('',#4256,3.218817998056E-1);
#4258=CARTESIAN_POINT('',(-1.52E0,1.5E-1,-1.950000000002E0));
#4259=LINE('',#4258,#4257);
#4260=CURVE_STYLE('',#35,POSITIVE_LENGTH_MEASURE(2.E-2),#22);
#4261=PRESENTATION_STYLE_ASSIGNMENT((#4260));
#4262=STYLED_ITEM('',(#4261),#4259);
#4263=CARTESIAN_POINT('',(-1.37E0,1.5E-1,-1.949999999999E0));
#4264=DIRECTION('',(0.E0,1.E0,0.E0));
#4265=DIRECTION('',(0.E0,0.E0,-1.E0));
#4266=AXIS2_PLACEMENT_3D('',#4263,#4264,#4265);
#4268=CURVE_STYLE('',#35,POSITIVE_LENGTH_MEASURE(2.E-2),#22);
#4269=PRESENTATION_STYLE_ASSIGNMENT((#4268));
#4270=STYLED_ITEM('',(#4269),#4267);
#4271=DIRECTION('',(-1.E0,0.E0,0.E0));
#4272=VECTOR('',#4271,1.499999994507E-1);
#4273=CARTESIAN_POINT('',(-1.220000000550E0,1.5E-1,-2.099999999999E0));
#4274=LINE('',#4273,#4272);
#4275=CURVE_STYLE('',#35,POSITIVE_LENGTH_MEASURE(2.E-2),#22);
#4276=PRESENTATION_STYLE_ASSIGNMENT((#4275));
#4277=STYLED_ITEM('',(#4276),#4274);
#4278=DIRECTION('',(-9.523712516860E-13,0.E0,-1.E0));
#4279=VECTOR('',#4278,1.918817998021E-1);
#4280=CARTESIAN_POINT('',(-1.220000000549E0,1.5E-1,-1.908118200196E0));
#4281=LINE('',#4280,#4279);
#4282=CURVE_STYLE('',#35,POSITIVE_LENGTH_MEASURE(2.E-2),#22);
#4283=PRESENTATION_STYLE_ASSIGNMENT((#4282));
#4284=STYLED_ITEM('',(#4283),#4281);
#4285=DIRECTION('',(1.E0,0.E0,0.E0));
#4286=VECTOR('',#4285,1.999999999984E-2);
#4287=CARTESIAN_POINT('',(-1.240000000549E0,1.5E-1,-1.908118200196E0));
#4288=LINE('',#4287,#4286);
#4289=CURVE_STYLE('',#35,POSITIVE_LENGTH_MEASURE(2.E-2),#22);
#4290=PRESENTATION_STYLE_ASSIGNMENT((#4289));
#4291=STYLED_ITEM('',(#4290),#4288);
#4292=CARTESIAN_POINT('',(-1.240000000549E0,1.5E-1,-1.828118200196E0));
#4293=DIRECTION('',(0.E0,-1.E0,0.E0));
#4294=DIRECTION('',(-1.E0,0.E0,0.E0));
#4295=AXIS2_PLACEMENT_3D('',#4292,#4293,#4294);
#4297=CURVE_STYLE('',#35,POSITIVE_LENGTH_MEASURE(2.E-2),#22);
#4298=PRESENTATION_STYLE_ASSIGNMENT((#4297));
#4299=STYLED_ITEM('',(#4298),#4296);
#4300=DIRECTION('',(0.E0,0.E0,-1.E0));
#4301=VECTOR('',#4300,1.188179980206E-2);
#4302=CARTESIAN_POINT('',(-1.320000000549E0,1.5E-1,-1.816236400394E0));
#4303=LINE('',#4302,#4301);
#4304=CURVE_STYLE('',#35,POSITIVE_LENGTH_MEASURE(2.E-2),#22);
#4305=PRESENTATION_STYLE_ASSIGNMENT((#4304));
#4306=STYLED_ITEM('',(#4305),#4303);
#4307=CARTESIAN_POINT('',(-1.220000000549E0,1.5E-1,-1.816236400394E0));
#4308=DIRECTION('',(0.E0,-1.E0,0.E0));
#4309=DIRECTION('',(8.126832540259E-13,0.E0,1.E0));
#4310=AXIS2_PLACEMENT_3D('',#4307,#4308,#4309);
#4312=CURVE_STYLE('',#35,POSITIVE_LENGTH_MEASURE(2.E-2),#22);
#4313=PRESENTATION_STYLE_ASSIGNMENT((#4312));
#4314=STYLED_ITEM('',(#4313),#4311);
#4315=DIRECTION('',(5.165691526537E-13,0.E0,-1.E0));
#4316=VECTOR('',#4315,8.811820019797E-2);
#4317=CARTESIAN_POINT('',(-1.220000000549E0,1.5E-1,-1.628118200196E0));
#4318=LINE('',#4317,#4316);
#4319=CURVE_STYLE('',#35,POSITIVE_LENGTH_MEASURE(2.E-2),#22);
#4320=PRESENTATION_STYLE_ASSIGNMENT((#4319));
#4321=STYLED_ITEM('',(#4320),#4318);
#4322=DIRECTION('',(-1.E0,0.E0,0.E0));
#4323=VECTOR('',#4322,2.440000001099E0);
#4324=CARTESIAN_POINT('',(1.220000000549E0,1.5E-1,-1.628118200196E0));
#4325=LINE('',#4324,#4323);
#4326=CURVE_STYLE('',#35,POSITIVE_LENGTH_MEASURE(2.E-2),#22);
#4327=PRESENTATION_STYLE_ASSIGNMENT((#4326));
#4328=STYLED_ITEM('',(#4327),#4325);
#4329=DIRECTION('',(5.165691526537E-13,0.E0,1.E0));
#4330=VECTOR('',#4329,8.811820019797E-2);
#4331=CARTESIAN_POINT('',(1.220000000549E0,1.5E-1,-1.716236400394E0));
#4332=LINE('',#4331,#4330);
#4333=CURVE_STYLE('',#35,POSITIVE_LENGTH_MEASURE(2.E-2),#22);
#4334=PRESENTATION_STYLE_ASSIGNMENT((#4333));
#4335=STYLED_ITEM('',(#4334),#4332);
#4336=CARTESIAN_POINT('',(1.220000000549E0,1.5E-1,-1.816236400394E0));
#4337=DIRECTION('',(0.E0,-1.E0,0.E0));
#4338=DIRECTION('',(1.E0,0.E0,0.E0));
#4339=AXIS2_PLACEMENT_3D('',#4336,#4337,#4338);
#4341=CURVE_STYLE('',#35,POSITIVE_LENGTH_MEASURE(2.E-2),#22);
#4342=PRESENTATION_STYLE_ASSIGNMENT((#4341));
#4343=STYLED_ITEM('',(#4342),#4340);
#4344=DIRECTION('',(-1.495023371032E-13,0.E0,1.E0));
#4345=VECTOR('',#4344,1.188179980206E-2);
#4346=CARTESIAN_POINT('',(1.320000000549E0,1.5E-1,-1.828118200196E0));
#4347=LINE('',#4346,#4345);
#4348=CURVE_STYLE('',#35,POSITIVE_LENGTH_MEASURE(2.E-2),#22);
#4349=PRESENTATION_STYLE_ASSIGNMENT((#4348));
#4350=STYLED_ITEM('',(#4349),#4347);
#4351=CARTESIAN_POINT('',(1.240000000549E0,1.5E-1,-1.828118200196E0));
#4352=DIRECTION('',(0.E0,-1.E0,0.E0));
#4353=DIRECTION('',(0.E0,0.E0,-1.E0));
#4354=AXIS2_PLACEMENT_3D('',#4351,#4352,#4353);
#4356=CURVE_STYLE('',#35,POSITIVE_LENGTH_MEASURE(2.E-2),#22);
#4357=PRESENTATION_STYLE_ASSIGNMENT((#4356));
#4358=STYLED_ITEM('',(#4357),#4355);
#4359=DIRECTION('',(1.E0,0.E0,-1.110223024634E-14));
#4360=VECTOR('',#4359,1.999999999984E-2);
#4361=CARTESIAN_POINT('',(1.220000000550E0,1.5E-1,-1.908118200196E0));
#4362=LINE('',#4361,#4360);
#4363=CURVE_STYLE('',#35,POSITIVE_LENGTH_MEASURE(2.E-2),#22);
#4364=PRESENTATION_STYLE_ASSIGNMENT((#4363));
#4365=STYLED_ITEM('',(#4364),#4362);
#4366=DIRECTION('',(-9.396421098045E-13,0.E0,1.E0));
#4367=VECTOR('',#4366,1.918817998021E-1);
#4368=CARTESIAN_POINT('',(1.220000000550E0,1.5E-1,-2.099999999999E0));
#4369=LINE('',#4368,#4367);
#4370=CURVE_STYLE('',#35,POSITIVE_LENGTH_MEASURE(2.E-2),#22);
#4371=PRESENTATION_STYLE_ASSIGNMENT((#4370));
#4372=STYLED_ITEM('',(#4371),#4369);
#4373=DIRECTION('',(-1.E0,0.E0,-1.480297371588E-14));
#4374=VECTOR('',#4373,1.499999994506E-1);
#4375=CARTESIAN_POINT('',(1.37E0,1.5E-1,-2.099999999999E0));
#4376=LINE('',#4375,#4374);
#4377=CURVE_STYLE('',#35,POSITIVE_LENGTH_MEASURE(2.E-2),#22);
#4378=PRESENTATION_STYLE_ASSIGNMENT((#4377));
#4379=STYLED_ITEM('',(#4378),#4376);
#4380=CARTESIAN_POINT('',(1.37E0,1.5E-1,-1.949999999999E0));
#4381=DIRECTION('',(0.E0,1.E0,0.E0));
#4382=DIRECTION('',(1.E0,0.E0,-2.269591921808E-11));
#4383=AXIS2_PLACEMENT_3D('',#4380,#4381,#4382);
#4385=CURVE_STYLE('',#35,POSITIVE_LENGTH_MEASURE(2.E-2),#22);
#4386=PRESENTATION_STYLE_ASSIGNMENT((#4385));
#4387=STYLED_ITEM('',(#4386),#4384);
#4388=DIRECTION('',(-2.269549724913E-11,0.E0,-1.E0));
#4389=VECTOR('',#4388,3.218817998056E-1);
#4390=CARTESIAN_POINT('',(1.520000000008E0,1.5E-1,-1.628118200196E0));
#4391=LINE('',#4390,#4389);
#4392=CURVE_STYLE('',#35,POSITIVE_LENGTH_MEASURE(2.E-2),#22);
#4393=PRESENTATION_STYLE_ASSIGNMENT((#4392));
#4394=STYLED_ITEM('',(#4393),#4391);
#4395=DIRECTION('',(1.E0,0.E0,0.E0));
#4396=VECTOR('',#4395,1.3E-1);
#4397=CARTESIAN_POINT('',(1.390000000008E0,1.5E-1,-1.628118200196E0));
#4398=LINE('',#4397,#4396);
#4399=CURVE_STYLE('',#35,POSITIVE_LENGTH_MEASURE(2.E-2),#22);
#4400=PRESENTATION_STYLE_ASSIGNMENT((#4399));
#4401=STYLED_ITEM('',(#4400),#4398);
#4402=DIRECTION('',(-2.255103207441E-11,0.E0,-1.E0));
#4403=VECTOR('',#4402,3.313118200198E0);
#4404=CARTESIAN_POINT('',(1.390000000082E0,1.5E-1,1.685000000002E0));
#4405=LINE('',#4404,#4403);
#4406=CURVE_STYLE('',#35,POSITIVE_LENGTH_MEASURE(2.E-2),#22);
#4407=PRESENTATION_STYLE_ASSIGNMENT((#4406));
#4408=STYLED_ITEM('',(#4407),#4405);
#4409=DIRECTION('',(1.E0,0.E0,8.778189834620E-13));
#4410=VECTOR('',#4409,1.140047154654E0);
#4411=CARTESIAN_POINT('',(2.499528454284E-1,1.5E-1,1.685000000001E0));
#4412=LINE('',#4411,#4410);
#4413=CURVE_STYLE('',#35,POSITIVE_LENGTH_MEASURE(2.E-2),#22);
#4414=PRESENTATION_STYLE_ASSIGNMENT((#4413));
#4415=STYLED_ITEM('',(#4414),#4412);
#4416=DIRECTION('',(0.E0,0.E0,-1.E0));
#4417=VECTOR('',#4416,1.3E-1);
#4418=CARTESIAN_POINT('',(2.499528454284E-1,1.5E-1,1.815000000001E0));
#4419=LINE('',#4418,#4417);
#4420=CURVE_STYLE('',#35,POSITIVE_LENGTH_MEASURE(2.E-2),#22);
#4421=PRESENTATION_STYLE_ASSIGNMENT((#4420));
#4422=STYLED_ITEM('',(#4421),#4419);
#4423=DIRECTION('',(1.E0,0.E0,8.903988657510E-13));
#4424=VECTOR('',#4423,9.999999999982E-2);
#4425=CARTESIAN_POINT('',(1.499528454286E-1,1.5E-1,1.815000000001E0));
#4426=LINE('',#4425,#4424);
#4427=CURVE_STYLE('',#35,POSITIVE_LENGTH_MEASURE(2.E-2),#22);
#4428=PRESENTATION_STYLE_ASSIGNMENT((#4427));
#4429=STYLED_ITEM('',(#4428),#4426);
#4430=DIRECTION('',(-3.315520551779E-13,0.E0,-1.E0));
#4431=VECTOR('',#4430,1.074051659723E-1);
#4432=CARTESIAN_POINT('',(1.499528454286E-1,1.5E-1,1.922405165973E0));
#4433=LINE('',#4432,#4431);
#4434=CURVE_STYLE('',#35,POSITIVE_LENGTH_MEASURE(2.E-2),#22);
#4435=PRESENTATION_STYLE_ASSIGNMENT((#4434));
#4436=STYLED_ITEM('',(#4435),#4433);
#4437=CARTESIAN_POINT('',(-1.499528454287E-1,0.E0,1.922405165973E0));
#4438=CARTESIAN_POINT('',(1.499528454286E-1,0.E0,1.922405165973E0));
#4439=VERTEX_POINT('',#4437);
#4440=VERTEX_POINT('',#4438);
#4441=CARTESIAN_POINT('',(1.499528454286E-1,0.E0,1.815000000001E0));
#4442=VERTEX_POINT('',#4441);
#4443=CARTESIAN_POINT('',(2.499528454284E-1,0.E0,1.815000000001E0));
#4444=VERTEX_POINT('',#4443);
#4445=CARTESIAN_POINT('',(2.499528454284E-1,0.E0,1.685000000001E0));
#4446=VERTEX_POINT('',#4445);
#4447=CARTESIAN_POINT('',(1.390000000082E0,0.E0,1.685000000002E0));
#4448=VERTEX_POINT('',#4447);
#4449=CARTESIAN_POINT('',(1.390000000008E0,0.E0,-1.628118200196E0));
#4450=VERTEX_POINT('',#4449);
#4451=CARTESIAN_POINT('',(1.520000000008E0,0.E0,-1.628118200196E0));
#4452=VERTEX_POINT('',#4451);
#4453=CARTESIAN_POINT('',(1.52E0,0.E0,-1.949999999999E0));
#4454=VERTEX_POINT('',#4453);
#4455=CARTESIAN_POINT('',(1.37E0,0.E0,-2.099999999999E0));
#4456=VERTEX_POINT('',#4455);
#4457=CARTESIAN_POINT('',(1.220000000550E0,0.E0,-2.099999999999E0));
#4458=VERTEX_POINT('',#4457);
#4459=CARTESIAN_POINT('',(1.220000000550E0,0.E0,-1.908118200196E0));
#4460=VERTEX_POINT('',#4459);
#4461=CARTESIAN_POINT('',(1.240000000549E0,0.E0,-1.908118200196E0));
#4462=VERTEX_POINT('',#4461);
#4463=CARTESIAN_POINT('',(1.320000000549E0,0.E0,-1.828118200196E0));
#4464=VERTEX_POINT('',#4463);
#4465=CARTESIAN_POINT('',(1.320000000549E0,0.E0,-1.816236400394E0));
#4466=VERTEX_POINT('',#4465);
#4467=CARTESIAN_POINT('',(1.220000000549E0,0.E0,-1.716236400394E0));
#4468=VERTEX_POINT('',#4467);
#4469=CARTESIAN_POINT('',(1.220000000549E0,0.E0,-1.628118200196E0));
#4470=VERTEX_POINT('',#4469);
#4471=CARTESIAN_POINT('',(-1.220000000549E0,0.E0,-1.628118200196E0));
#4472=VERTEX_POINT('',#4471);
#4473=CARTESIAN_POINT('',(-1.220000000549E0,0.E0,-1.716236400394E0));
#4474=VERTEX_POINT('',#4473);
#4475=CARTESIAN_POINT('',(-1.320000000549E0,0.E0,-1.816236400394E0));
#4476=VERTEX_POINT('',#4475);
#4477=CARTESIAN_POINT('',(-1.320000000549E0,0.E0,-1.828118200196E0));
#4478=VERTEX_POINT('',#4477);
#4479=CARTESIAN_POINT('',(-1.240000000549E0,0.E0,-1.908118200196E0));
#4480=VERTEX_POINT('',#4479);
#4481=CARTESIAN_POINT('',(-1.220000000549E0,0.E0,-1.908118200196E0));
#4482=VERTEX_POINT('',#4481);
#4483=CARTESIAN_POINT('',(-1.220000000550E0,0.E0,-2.099999999999E0));
#4484=VERTEX_POINT('',#4483);
#4485=CARTESIAN_POINT('',(-1.37E0,0.E0,-2.099999999999E0));
#4486=VERTEX_POINT('',#4485);
#4487=CARTESIAN_POINT('',(-1.52E0,0.E0,-1.949999999999E0));
#4488=VERTEX_POINT('',#4487);
#4489=CARTESIAN_POINT('',(-1.520000000008E0,0.E0,-1.628118200196E0));
#4490=VERTEX_POINT('',#4489);
#4491=CARTESIAN_POINT('',(-1.390000000008E0,0.E0,-1.628118200196E0));
#4492=VERTEX_POINT('',#4491);
#4493=CARTESIAN_POINT('',(-1.390000000082E0,0.E0,1.685000000002E0));
#4494=VERTEX_POINT('',#4493);
#4495=CARTESIAN_POINT('',(-2.499528454284E-1,0.E0,1.685000000001E0));
#4496=VERTEX_POINT('',#4495);
#4497=CARTESIAN_POINT('',(-2.499528454284E-1,0.E0,1.815000000001E0));
#4498=VERTEX_POINT('',#4497);
#4499=CARTESIAN_POINT('',(-1.499528454287E-1,0.E0,1.815000000001E0));
#4500=VERTEX_POINT('',#4499);
#4501=CARTESIAN_POINT('',(-1.499528454287E-1,1.5E-1,1.922405165973E0));
#4502=CARTESIAN_POINT('',(1.499528454286E-1,1.5E-1,1.922405165973E0));
#4503=VERTEX_POINT('',#4501);
#4504=VERTEX_POINT('',#4502);
#4505=CARTESIAN_POINT('',(1.499528454286E-1,1.5E-1,1.815000000001E0));
#4506=VERTEX_POINT('',#4505);
#4507=CARTESIAN_POINT('',(2.499528454284E-1,1.5E-1,1.815000000001E0));
#4508=VERTEX_POINT('',#4507);
#4509=CARTESIAN_POINT('',(2.499528454284E-1,1.5E-1,1.685000000001E0));
#4510=VERTEX_POINT('',#4509);
#4511=CARTESIAN_POINT('',(1.390000000082E0,1.5E-1,1.685000000002E0));
#4512=VERTEX_POINT('',#4511);
#4513=CARTESIAN_POINT('',(1.390000000008E0,1.5E-1,-1.628118200196E0));
#4514=VERTEX_POINT('',#4513);
#4515=CARTESIAN_POINT('',(1.520000000008E0,1.5E-1,-1.628118200196E0));
#4516=VERTEX_POINT('',#4515);
#4517=CARTESIAN_POINT('',(1.52E0,1.5E-1,-1.950000000002E0));
#4518=VERTEX_POINT('',#4517);
#4519=CARTESIAN_POINT('',(1.37E0,1.5E-1,-2.099999999999E0));
#4520=VERTEX_POINT('',#4519);
#4521=CARTESIAN_POINT('',(1.220000000550E0,1.5E-1,-2.099999999999E0));
#4522=VERTEX_POINT('',#4521);
#4523=CARTESIAN_POINT('',(1.220000000550E0,1.5E-1,-1.908118200196E0));
#4524=VERTEX_POINT('',#4523);
#4525=CARTESIAN_POINT('',(1.240000000549E0,1.5E-1,-1.908118200196E0));
#4526=VERTEX_POINT('',#4525);
#4527=CARTESIAN_POINT('',(1.320000000549E0,1.5E-1,-1.828118200196E0));
#4528=VERTEX_POINT('',#4527);
#4529=CARTESIAN_POINT('',(1.320000000549E0,1.5E-1,-1.816236400394E0));
#4530=VERTEX_POINT('',#4529);
#4531=CARTESIAN_POINT('',(1.220000000549E0,1.5E-1,-1.716236400394E0));
#4532=VERTEX_POINT('',#4531);
#4533=CARTESIAN_POINT('',(1.220000000549E0,1.5E-1,-1.628118200196E0));
#4534=VERTEX_POINT('',#4533);
#4535=CARTESIAN_POINT('',(-1.220000000549E0,1.5E-1,-1.628118200196E0));
#4536=VERTEX_POINT('',#4535);
#4537=CARTESIAN_POINT('',(-1.220000000549E0,1.5E-1,-1.716236400394E0));
#4538=VERTEX_POINT('',#4537);
#4539=CARTESIAN_POINT('',(-1.320000000549E0,1.5E-1,-1.816236400394E0));
#4540=VERTEX_POINT('',#4539);
#4541=CARTESIAN_POINT('',(-1.320000000549E0,1.5E-1,-1.828118200196E0));
#4542=VERTEX_POINT('',#4541);
#4543=CARTESIAN_POINT('',(-1.240000000549E0,1.5E-1,-1.908118200196E0));
#4544=VERTEX_POINT('',#4543);
#4545=CARTESIAN_POINT('',(-1.220000000549E0,1.5E-1,-1.908118200196E0));
#4546=VERTEX_POINT('',#4545);
#4547=CARTESIAN_POINT('',(-1.220000000550E0,1.5E-1,-2.099999999999E0));
#4548=VERTEX_POINT('',#4547);
#4549=CARTESIAN_POINT('',(-1.37E0,1.5E-1,-2.099999999999E0));
#4550=VERTEX_POINT('',#4549);
#4551=CARTESIAN_POINT('',(-1.52E0,1.5E-1,-1.950000000002E0));
#4552=VERTEX_POINT('',#4551);
#4553=CARTESIAN_POINT('',(-1.520000000008E0,1.5E-1,-1.628118200196E0));
#4554=VERTEX_POINT('',#4553);
#4555=CARTESIAN_POINT('',(-1.390000000008E0,1.5E-1,-1.628118200196E0));
#4556=VERTEX_POINT('',#4555);
#4557=CARTESIAN_POINT('',(-1.390000000082E0,1.5E-1,1.685000000002E0));
#4558=VERTEX_POINT('',#4557);
#4559=CARTESIAN_POINT('',(-2.499528454284E-1,1.5E-1,1.685000000001E0));
#4560=VERTEX_POINT('',#4559);
#4561=CARTESIAN_POINT('',(-2.499528454284E-1,1.5E-1,1.815000000001E0));
#4562=VERTEX_POINT('',#4561);
#4563=CARTESIAN_POINT('',(-1.499528454287E-1,1.5E-1,1.815000000001E0));
#4564=VERTEX_POINT('',#4563);
#4565=CARTESIAN_POINT('',(0.E0,0.E0,0.E0));
#4566=DIRECTION('',(0.E0,1.E0,0.E0));
#4567=DIRECTION('',(1.E0,0.E0,0.E0));
#4568=AXIS2_PLACEMENT_3D('',#4565,#4566,#4567);
#4569=PLANE('',#4568);
#4571=ORIENTED_EDGE('',*,*,#4570,.T.);
#4573=ORIENTED_EDGE('',*,*,#4572,.T.);
#4575=ORIENTED_EDGE('',*,*,#4574,.T.);
#4577=ORIENTED_EDGE('',*,*,#4576,.T.);
#4579=ORIENTED_EDGE('',*,*,#4578,.T.);
#4581=ORIENTED_EDGE('',*,*,#4580,.T.);
#4583=ORIENTED_EDGE('',*,*,#4582,.T.);
#4585=ORIENTED_EDGE('',*,*,#4584,.T.);
#4587=ORIENTED_EDGE('',*,*,#4586,.T.);
#4589=ORIENTED_EDGE('',*,*,#4588,.T.);
#4591=ORIENTED_EDGE('',*,*,#4590,.T.);
#4593=ORIENTED_EDGE('',*,*,#4592,.T.);
#4595=ORIENTED_EDGE('',*,*,#4594,.T.);
#4597=ORIENTED_EDGE('',*,*,#4596,.T.);
#4599=ORIENTED_EDGE('',*,*,#4598,.T.);
#4601=ORIENTED_EDGE('',*,*,#4600,.T.);
#4603=ORIENTED_EDGE('',*,*,#4602,.T.);
#4605=ORIENTED_EDGE('',*,*,#4604,.T.);
#4607=ORIENTED_EDGE('',*,*,#4606,.T.);
#4609=ORIENTED_EDGE('',*,*,#4608,.T.);
#4611=ORIENTED_EDGE('',*,*,#4610,.T.);
#4613=ORIENTED_EDGE('',*,*,#4612,.T.);
#4615=ORIENTED_EDGE('',*,*,#4614,.T.);
#4617=ORIENTED_EDGE('',*,*,#4616,.T.);
#4619=ORIENTED_EDGE('',*,*,#4618,.T.);
#4621=ORIENTED_EDGE('',*,*,#4620,.T.);
#4623=ORIENTED_EDGE('',*,*,#4622,.T.);
#4625=ORIENTED_EDGE('',*,*,#4624,.T.);
#4627=ORIENTED_EDGE('',*,*,#4626,.T.);
#4629=ORIENTED_EDGE('',*,*,#4628,.T.);
#4631=ORIENTED_EDGE('',*,*,#4630,.T.);
#4633=ORIENTED_EDGE('',*,*,#4632,.T.);
#4634=EDGE_LOOP('',(#4571,#4573,#4575,#4577,#4579,#4581,#4583,#4585,#4587,#4589,
#4591,#4593,#4595,#4597,#4599,#4601,#4603,#4605,#4607,#4609,#4611,#4613,#4615,
#4617,#4619,#4621,#4623,#4625,#4627,#4629,#4631,#4633));
#4635=FACE_OUTER_BOUND('',#4634,.F.);
#4636=ADVANCED_FACE('',(#4635),#4569,.F.);
#4637=CARTESIAN_POINT('',(-1.499528454287E-1,0.E0,1.922405165973E0));
#4638=DIRECTION('',(0.E0,0.E0,1.E0));
#4639=DIRECTION('',(1.E0,0.E0,0.E0));
#4640=AXIS2_PLACEMENT_3D('',#4637,#4638,#4639);
#4641=PLANE('',#4640);
#4642=ORIENTED_EDGE('',*,*,#4570,.F.);
#4644=ORIENTED_EDGE('',*,*,#4643,.T.);
#4646=ORIENTED_EDGE('',*,*,#4645,.T.);
#4648=ORIENTED_EDGE('',*,*,#4647,.F.);
#4649=EDGE_LOOP('',(#4642,#4644,#4646,#4648));
#4650=FACE_OUTER_BOUND('',#4649,.F.);
#4651=ADVANCED_FACE('',(#4650),#4641,.T.);
#4652=CARTESIAN_POINT('',(-1.499528454287E-1,0.E0,1.815000000001E0));
#4653=DIRECTION('',(-1.E0,0.E0,0.E0));
#4654=DIRECTION('',(0.E0,0.E0,1.E0));
#4655=AXIS2_PLACEMENT_3D('',#4652,#4653,#4654);
#4656=PLANE('',#4655);
#4657=ORIENTED_EDGE('',*,*,#4632,.F.);
#4659=ORIENTED_EDGE('',*,*,#4658,.T.);
#4661=ORIENTED_EDGE('',*,*,#4660,.T.);
#4662=ORIENTED_EDGE('',*,*,#4643,.F.);
#4663=EDGE_LOOP('',(#4657,#4659,#4661,#4662));
#4664=FACE_OUTER_BOUND('',#4663,.F.);
#4665=ADVANCED_FACE('',(#4664),#4656,.T.);
#4666=CARTESIAN_POINT('',(-2.499528454284E-1,0.E0,1.815000000001E0));
#4667=DIRECTION('',(8.149037000775E-13,0.E0,1.E0));
#4668=DIRECTION('',(1.E0,0.E0,-8.149037000775E-13));
#4669=AXIS2_PLACEMENT_3D('',#4666,#4667,#4668);
#4670=PLANE('',#4669);
#4671=ORIENTED_EDGE('',*,*,#4630,.F.);
#4673=ORIENTED_EDGE('',*,*,#4672,.T.);
#4675=ORIENTED_EDGE('',*,*,#4674,.T.);
#4676=ORIENTED_EDGE('',*,*,#4658,.F.);
#4677=EDGE_LOOP('',(#4671,#4673,#4675,#4676));
#4678=FACE_OUTER_BOUND('',#4677,.F.);
#4679=ADVANCED_FACE('',(#4678),#4670,.T.);
#4680=CARTESIAN_POINT('',(-2.499528454284E-1,0.E0,1.685000000001E0));
#4681=DIRECTION('',(-1.E0,0.E0,0.E0));
#4682=DIRECTION('',(0.E0,0.E0,1.E0));
#4683=AXIS2_PLACEMENT_3D('',#4680,#4681,#4682);
#4684=PLANE('',#4683);
#4685=ORIENTED_EDGE('',*,*,#4628,.F.);
#4687=ORIENTED_EDGE('',*,*,#4686,.T.);
#4689=ORIENTED_EDGE('',*,*,#4688,.T.);
#4690=ORIENTED_EDGE('',*,*,#4672,.F.);
#4691=EDGE_LOOP('',(#4685,#4687,#4689,#4690));
#4692=FACE_OUTER_BOUND('',#4691,.F.);
#4693=ADVANCED_FACE('',(#4692),#4684,.T.);
#4694=CARTESIAN_POINT('',(-1.390000000082E0,0.E0,1.685000000002E0));
#4695=DIRECTION('',(8.778189834620E-13,0.E0,1.E0));
#4696=DIRECTION('',(1.E0,0.E0,-8.778189834620E-13));
#4697=AXIS2_PLACEMENT_3D('',#4694,#4695,#4696);
#4698=PLANE('',#4697);
#4699=ORIENTED_EDGE('',*,*,#4626,.F.);
#4701=ORIENTED_EDGE('',*,*,#4700,.T.);
#4703=ORIENTED_EDGE('',*,*,#4702,.T.);
#4704=ORIENTED_EDGE('',*,*,#4686,.F.);
#4705=EDGE_LOOP('',(#4699,#4701,#4703,#4704));
#4706=FACE_OUTER_BOUND('',#4705,.F.);
#4707=ADVANCED_FACE('',(#4706),#4698,.T.);
#4708=CARTESIAN_POINT('',(-1.390000000008E0,0.E0,-1.628118200196E0));
#4709=DIRECTION('',(-1.E0,0.E0,-2.255176929250E-11));
#4710=DIRECTION('',(-2.255176929250E-11,0.E0,1.E0));
#4711=AXIS2_PLACEMENT_3D('',#4708,#4709,#4710);
#4712=PLANE('',#4711);
#4713=ORIENTED_EDGE('',*,*,#4624,.F.);
#4715=ORIENTED_EDGE('',*,*,#4714,.T.);
#4717=ORIENTED_EDGE('',*,*,#4716,.T.);
#4718=ORIENTED_EDGE('',*,*,#4700,.F.);
#4719=EDGE_LOOP('',(#4713,#4715,#4717,#4718));
#4720=FACE_OUTER_BOUND('',#4719,.F.);
#4721=ADVANCED_FACE('',(#4720),#4712,.T.);
#4722=CARTESIAN_POINT('',(-1.520000000008E0,0.E0,-1.628118200196E0));
#4723=DIRECTION('',(0.E0,0.E0,1.E0));
#4724=DIRECTION('',(1.E0,0.E0,0.E0));
#4725=AXIS2_PLACEMENT_3D('',#4722,#4723,#4724);
#4726=PLANE('',#4725);
#4727=ORIENTED_EDGE('',*,*,#4622,.F.);
#4729=ORIENTED_EDGE('',*,*,#4728,.T.);
#4731=ORIENTED_EDGE('',*,*,#4730,.T.);
#4732=ORIENTED_EDGE('',*,*,#4714,.F.);
#4733=EDGE_LOOP('',(#4727,#4729,#4731,#4732));
#4734=FACE_OUTER_BOUND('',#4733,.F.);
#4735=ADVANCED_FACE('',(#4734),#4726,.T.);
#4736=CARTESIAN_POINT('',(-1.52E0,0.E0,-1.949999999999E0));
#4737=DIRECTION('',(-1.E0,0.E0,-2.270239557681E-11));
#4738=DIRECTION('',(-2.270239557681E-11,0.E0,1.E0));
#4739=AXIS2_PLACEMENT_3D('',#4736,#4737,#4738);
#4740=PLANE('',#4739);
#4741=ORIENTED_EDGE('',*,*,#4620,.F.);
#4743=ORIENTED_EDGE('',*,*,#4742,.T.);
#4745=ORIENTED_EDGE('',*,*,#4744,.T.);
#4746=ORIENTED_EDGE('',*,*,#4728,.F.);
#4747=EDGE_LOOP('',(#4741,#4743,#4745,#4746));
#4748=FACE_OUTER_BOUND('',#4747,.F.);
#4749=ADVANCED_FACE('',(#4748),#4740,.T.);
#4750=CARTESIAN_POINT('',(-1.37E0,0.E0,-1.949999999999E0));
#4751=DIRECTION('',(0.E0,1.E0,0.E0));
#4752=DIRECTION('',(1.E0,0.E0,0.E0));
#4753=AXIS2_PLACEMENT_3D('',#4750,#4751,#4752);
#4754=CYLINDRICAL_SURFACE('',#4753,1.499999999999E-1);
#4755=ORIENTED_EDGE('',*,*,#4618,.F.);
#4757=ORIENTED_EDGE('',*,*,#4756,.T.);
#4759=ORIENTED_EDGE('',*,*,#4758,.T.);
#4760=ORIENTED_EDGE('',*,*,#4742,.F.);
#4761=EDGE_LOOP('',(#4755,#4757,#4759,#4760));
#4762=FACE_OUTER_BOUND('',#4761,.F.);
#4763=ADVANCED_FACE('',(#4762),#4754,.T.);
#4764=CARTESIAN_POINT('',(-1.220000000550E0,0.E0,-2.099999999999E0));
#4765=DIRECTION('',(0.E0,0.E0,-1.E0));
#4766=DIRECTION('',(-1.E0,0.E0,0.E0));
#4767=AXIS2_PLACEMENT_3D('',#4764,#4765,#4766);
#4768=PLANE('',#4767);
#4769=ORIENTED_EDGE('',*,*,#4616,.F.);
#4771=ORIENTED_EDGE('',*,*,#4770,.T.);
#4773=ORIENTED_EDGE('',*,*,#4772,.T.);
#4774=ORIENTED_EDGE('',*,*,#4756,.F.);
#4775=EDGE_LOOP('',(#4769,#4771,#4773,#4774));
#4776=FACE_OUTER_BOUND('',#4775,.F.);
#4777=ADVANCED_FACE('',(#4776),#4768,.T.);
#4778=CARTESIAN_POINT('',(-1.220000000549E0,0.E0,-1.908118200196E0));
#4779=DIRECTION('',(1.E0,0.E0,-9.523712516860E-13));
#4780=DIRECTION('',(-9.523712516860E-13,0.E0,-1.E0));
#4781=AXIS2_PLACEMENT_3D('',#4778,#4779,#4780);
#4782=PLANE('',#4781);
#4783=ORIENTED_EDGE('',*,*,#4614,.F.);
#4785=ORIENTED_EDGE('',*,*,#4784,.T.);
#4787=ORIENTED_EDGE('',*,*,#4786,.T.);
#4788=ORIENTED_EDGE('',*,*,#4770,.F.);
#4789=EDGE_LOOP('',(#4783,#4785,#4787,#4788));
#4790=FACE_OUTER_BOUND('',#4789,.F.);
#4791=ADVANCED_FACE('',(#4790),#4782,.T.);
#4792=CARTESIAN_POINT('',(-1.240000000549E0,0.E0,-1.908118200196E0));
#4793=DIRECTION('',(0.E0,0.E0,1.E0));
#4794=DIRECTION('',(1.E0,0.E0,0.E0));
#4795=AXIS2_PLACEMENT_3D('',#4792,#4793,#4794);
#4796=PLANE('',#4795);
#4797=ORIENTED_EDGE('',*,*,#4612,.F.);
#4799=ORIENTED_EDGE('',*,*,#4798,.T.);
#4801=ORIENTED_EDGE('',*,*,#4800,.T.);
#4802=ORIENTED_EDGE('',*,*,#4784,.F.);
#4803=EDGE_LOOP('',(#4797,#4799,#4801,#4802));
#4804=FACE_OUTER_BOUND('',#4803,.F.);
#4805=ADVANCED_FACE('',(#4804),#4796,.T.);
#4806=CARTESIAN_POINT('',(-1.240000000549E0,0.E0,-1.828118200196E0));
#4807=DIRECTION('',(0.E0,1.E0,0.E0));
#4808=DIRECTION('',(1.E0,0.E0,0.E0));
#4809=AXIS2_PLACEMENT_3D('',#4806,#4807,#4808);
#4810=CYLINDRICAL_SURFACE('',#4809,8.000000000002E-2);
#4811=ORIENTED_EDGE('',*,*,#4610,.F.);
#4813=ORIENTED_EDGE('',*,*,#4812,.T.);
#4815=ORIENTED_EDGE('',*,*,#4814,.T.);
#4816=ORIENTED_EDGE('',*,*,#4798,.F.);
#4817=EDGE_LOOP('',(#4811,#4813,#4815,#4816));
#4818=FACE_OUTER_BOUND('',#4817,.F.);
#4819=ADVANCED_FACE('',(#4818),#4810,.F.);
#4820=CARTESIAN_POINT('',(-1.320000000549E0,0.E0,-1.816236400394E0));
#4821=DIRECTION('',(1.E0,0.E0,0.E0));
#4822=DIRECTION('',(0.E0,0.E0,-1.E0));
#4823=AXIS2_PLACEMENT_3D('',#4820,#4821,#4822);
#4824=PLANE('',#4823);
#4825=ORIENTED_EDGE('',*,*,#4608,.F.);
#4827=ORIENTED_EDGE('',*,*,#4826,.T.);
#4829=ORIENTED_EDGE('',*,*,#4828,.T.);
#4830=ORIENTED_EDGE('',*,*,#4812,.F.);
#4831=EDGE_LOOP('',(#4825,#4827,#4829,#4830));
#4832=FACE_OUTER_BOUND('',#4831,.F.);
#4833=ADVANCED_FACE('',(#4832),#4824,.T.);
#4834=CARTESIAN_POINT('',(-1.220000000549E0,0.E0,-1.816236400394E0));
#4835=DIRECTION('',(0.E0,1.E0,0.E0));
#4836=DIRECTION('',(1.E0,0.E0,0.E0));
#4837=AXIS2_PLACEMENT_3D('',#4834,#4835,#4836);
#4838=CYLINDRICAL_SURFACE('',#4837,9.999999999996E-2);
#4839=ORIENTED_EDGE('',*,*,#4606,.F.);
#4841=ORIENTED_EDGE('',*,*,#4840,.T.);
#4843=ORIENTED_EDGE('',*,*,#4842,.T.);
#4844=ORIENTED_EDGE('',*,*,#4826,.F.);
#4845=EDGE_LOOP('',(#4839,#4841,#4843,#4844));
#4846=FACE_OUTER_BOUND('',#4845,.F.);
#4847=ADVANCED_FACE('',(#4846),#4838,.F.);
#4848=CARTESIAN_POINT('',(-1.220000000549E0,0.E0,-1.628118200196E0));
#4849=DIRECTION('',(1.E0,0.E0,5.190890021791E-13));
#4850=DIRECTION('',(5.190890021791E-13,0.E0,-1.E0));
#4851=AXIS2_PLACEMENT_3D('',#4848,#4849,#4850);
#4852=PLANE('',#4851);
#4853=ORIENTED_EDGE('',*,*,#4604,.F.);
#4855=ORIENTED_EDGE('',*,*,#4854,.T.);
#4857=ORIENTED_EDGE('',*,*,#4856,.T.);
#4858=ORIENTED_EDGE('',*,*,#4840,.F.);
#4859=EDGE_LOOP('',(#4853,#4855,#4857,#4858));
#4860=FACE_OUTER_BOUND('',#4859,.F.);
#4861=ADVANCED_FACE('',(#4860),#4852,.T.);
#4862=CARTESIAN_POINT('',(1.220000000549E0,0.E0,-1.628118200196E0));
#4863=DIRECTION('',(0.E0,0.E0,-1.E0));
#4864=DIRECTION('',(-1.E0,0.E0,0.E0));
#4865=AXIS2_PLACEMENT_3D('',#4862,#4863,#4864);
#4866=PLANE('',#4865);
#4867=ORIENTED_EDGE('',*,*,#4602,.F.);
#4869=ORIENTED_EDGE('',*,*,#4868,.T.);
#4871=ORIENTED_EDGE('',*,*,#4870,.T.);
#4872=ORIENTED_EDGE('',*,*,#4854,.F.);
#4873=EDGE_LOOP('',(#4867,#4869,#4871,#4872));
#4874=FACE_OUTER_BOUND('',#4873,.F.);
#4875=ADVANCED_FACE('',(#4874),#4866,.T.);
#4876=CARTESIAN_POINT('',(1.220000000549E0,0.E0,-1.716236400394E0));
#4877=DIRECTION('',(-1.E0,0.E0,5.190890021791E-13));
#4878=DIRECTION('',(5.190890021791E-13,0.E0,1.E0));
#4879=AXIS2_PLACEMENT_3D('',#4876,#4877,#4878);
#4880=PLANE('',#4879);
#4881=ORIENTED_EDGE('',*,*,#4600,.F.);
#4883=ORIENTED_EDGE('',*,*,#4882,.T.);
#4885=ORIENTED_EDGE('',*,*,#4884,.T.);
#4886=ORIENTED_EDGE('',*,*,#4868,.F.);
#4887=EDGE_LOOP('',(#4881,#4883,#4885,#4886));
#4888=FACE_OUTER_BOUND('',#4887,.F.);
#4889=ADVANCED_FACE('',(#4888),#4880,.T.);
#4890=CARTESIAN_POINT('',(1.220000000549E0,0.E0,-1.816236400394E0));
#4891=DIRECTION('',(0.E0,1.E0,0.E0));
#4892=DIRECTION('',(1.E0,0.E0,0.E0));
#4893=AXIS2_PLACEMENT_3D('',#4890,#4891,#4892);
#4894=CYLINDRICAL_SURFACE('',#4893,9.999999999996E-2);
#4895=ORIENTED_EDGE('',*,*,#4598,.F.);
#4897=ORIENTED_EDGE('',*,*,#4896,.T.);
#4899=ORIENTED_EDGE('',*,*,#4898,.T.);
#4900=ORIENTED_EDGE('',*,*,#4882,.F.);
#4901=EDGE_LOOP('',(#4895,#4897,#4899,#4900));
#4902=FACE_OUTER_BOUND('',#4901,.F.);
#4903=ADVANCED_FACE('',(#4902),#4894,.F.);
#4904=CARTESIAN_POINT('',(1.320000000549E0,0.E0,-1.828118200196E0));
#4905=DIRECTION('',(-1.E0,0.E0,0.E0));
#4906=DIRECTION('',(0.E0,0.E0,1.E0));
#4907=AXIS2_PLACEMENT_3D('',#4904,#4905,#4906);
#4908=PLANE('',#4907);
#4909=ORIENTED_EDGE('',*,*,#4596,.F.);
#4911=ORIENTED_EDGE('',*,*,#4910,.T.);
#4913=ORIENTED_EDGE('',*,*,#4912,.T.);
#4914=ORIENTED_EDGE('',*,*,#4896,.F.);
#4915=EDGE_LOOP('',(#4909,#4911,#4913,#4914));
#4916=FACE_OUTER_BOUND('',#4915,.F.);
#4917=ADVANCED_FACE('',(#4916),#4908,.T.);
#4918=CARTESIAN_POINT('',(1.240000000549E0,0.E0,-1.828118200196E0));
#4919=DIRECTION('',(0.E0,1.E0,0.E0));
#4920=DIRECTION('',(1.E0,0.E0,0.E0));
#4921=AXIS2_PLACEMENT_3D('',#4918,#4919,#4920);
#4922=CYLINDRICAL_SURFACE('',#4921,8.000000000002E-2);
#4923=ORIENTED_EDGE('',*,*,#4594,.F.);
#4925=ORIENTED_EDGE('',*,*,#4924,.T.);
#4927=ORIENTED_EDGE('',*,*,#4926,.T.);
#4928=ORIENTED_EDGE('',*,*,#4910,.F.);
#4929=EDGE_LOOP('',(#4923,#4925,#4927,#4928));
#4930=FACE_OUTER_BOUND('',#4929,.F.);
#4931=ADVANCED_FACE('',(#4930),#4922,.F.);
#4932=CARTESIAN_POINT('',(1.220000000550E0,0.E0,-1.908118200196E0));
#4933=DIRECTION('',(0.E0,0.E0,1.E0));
#4934=DIRECTION('',(1.E0,0.E0,0.E0));
#4935=AXIS2_PLACEMENT_3D('',#4932,#4933,#4934);
#4936=PLANE('',#4935);
#4937=ORIENTED_EDGE('',*,*,#4592,.F.);
#4939=ORIENTED_EDGE('',*,*,#4938,.T.);
#4941=ORIENTED_EDGE('',*,*,#4940,.T.);
#4942=ORIENTED_EDGE('',*,*,#4924,.F.);
#4943=EDGE_LOOP('',(#4937,#4939,#4941,#4942));
#4944=FACE_OUTER_BOUND('',#4943,.F.);
#4945=ADVANCED_FACE('',(#4944),#4936,.T.);
#4946=CARTESIAN_POINT('',(1.220000000550E0,0.E0,-2.099999999999E0));
#4947=DIRECTION('',(-1.E0,0.E0,-9.407993045210E-13));
#4948=DIRECTION('',(-9.407993045210E-13,0.E0,1.E0));
#4949=AXIS2_PLACEMENT_3D('',#4946,#4947,#4948);
#4950=PLANE('',#4949);
#4951=ORIENTED_EDGE('',*,*,#4590,.F.);
#4953=ORIENTED_EDGE('',*,*,#4952,.T.);
#4955=ORIENTED_EDGE('',*,*,#4954,.T.);
#4956=ORIENTED_EDGE('',*,*,#4938,.F.);
#4957=EDGE_LOOP('',(#4951,#4953,#4955,#4956));
#4958=FACE_OUTER_BOUND('',#4957,.F.);
#4959=ADVANCED_FACE('',(#4958),#4950,.T.);
#4960=CARTESIAN_POINT('',(1.37E0,0.E0,-2.099999999999E0));
#4961=DIRECTION('',(1.480297371589E-14,0.E0,-1.E0));
#4962=DIRECTION('',(-1.E0,0.E0,-1.480297371589E-14));
#4963=AXIS2_PLACEMENT_3D('',#4960,#4961,#4962);
#4964=PLANE('',#4963);
#4965=ORIENTED_EDGE('',*,*,#4588,.F.);
#4967=ORIENTED_EDGE('',*,*,#4966,.T.);
#4969=ORIENTED_EDGE('',*,*,#4968,.T.);
#4970=ORIENTED_EDGE('',*,*,#4952,.F.);
#4971=EDGE_LOOP('',(#4965,#4967,#4969,#4970));
#4972=FACE_OUTER_BOUND('',#4971,.F.);
#4973=ADVANCED_FACE('',(#4972),#4964,.T.);
#4974=CARTESIAN_POINT('',(1.37E0,0.E0,-1.949999999999E0));
#4975=DIRECTION('',(0.E0,1.E0,0.E0));
#4976=DIRECTION('',(1.E0,0.E0,0.E0));
#4977=AXIS2_PLACEMENT_3D('',#4974,#4975,#4976);
#4978=CYLINDRICAL_SURFACE('',#4977,1.499999999999E-1);
#4979=ORIENTED_EDGE('',*,*,#4586,.F.);
#4981=ORIENTED_EDGE('',*,*,#4980,.T.);
#4983=ORIENTED_EDGE('',*,*,#4982,.T.);
#4984=ORIENTED_EDGE('',*,*,#4966,.F.);
#4985=EDGE_LOOP('',(#4979,#4981,#4983,#4984));
#4986=FACE_OUTER_BOUND('',#4985,.F.);
#4987=ADVANCED_FACE('',(#4986),#4978,.T.);
#4988=CARTESIAN_POINT('',(1.520000000008E0,0.E0,-1.628118200196E0));
#4989=DIRECTION('',(1.E0,0.E0,-2.269480741663E-11));
#4990=DIRECTION('',(-2.269480741663E-11,0.E0,-1.E0));
#4991=AXIS2_PLACEMENT_3D('',#4988,#4989,#4990);
#4992=PLANE('',#4991);
#4993=ORIENTED_EDGE('',*,*,#4584,.F.);
#4995=ORIENTED_EDGE('',*,*,#4994,.T.);
#4997=ORIENTED_EDGE('',*,*,#4996,.T.);
#4998=ORIENTED_EDGE('',*,*,#4980,.F.);
#4999=EDGE_LOOP('',(#4993,#4995,#4997,#4998));
#5000=FACE_OUTER_BOUND('',#4999,.F.);
#5001=ADVANCED_FACE('',(#5000),#4992,.T.);
#5002=CARTESIAN_POINT('',(1.390000000008E0,0.E0,-1.628118200196E0));
#5003=DIRECTION('',(0.E0,0.E0,1.E0));
#5004=DIRECTION('',(1.E0,0.E0,0.E0));
#5005=AXIS2_PLACEMENT_3D('',#5002,#5003,#5004);
#5006=PLANE('',#5005);
#5007=ORIENTED_EDGE('',*,*,#4582,.F.);
#5009=ORIENTED_EDGE('',*,*,#5008,.T.);
#5011=ORIENTED_EDGE('',*,*,#5010,.T.);
#5012=ORIENTED_EDGE('',*,*,#4994,.F.);
#5013=EDGE_LOOP('',(#5007,#5009,#5011,#5012));
#5014=FACE_OUTER_BOUND('',#5013,.F.);
#5015=ADVANCED_FACE('',(#5014),#5006,.T.);
#5016=CARTESIAN_POINT('',(1.390000000082E0,0.E0,1.685000000002E0));
#5017=DIRECTION('',(1.E0,0.E0,-2.255103207441E-11));
#5018=DIRECTION('',(-2.255103207441E-11,0.E0,-1.E0));
#5019=AXIS2_PLACEMENT_3D('',#5016,#5017,#5018);
#5020=PLANE('',#5019);
#5021=ORIENTED_EDGE('',*,*,#4580,.F.);
#5023=ORIENTED_EDGE('',*,*,#5022,.T.);
#5025=ORIENTED_EDGE('',*,*,#5024,.T.);
#5026=ORIENTED_EDGE('',*,*,#5008,.F.);
#5027=EDGE_LOOP('',(#5021,#5023,#5025,#5026));
#5028=FACE_OUTER_BOUND('',#5027,.F.);
#5029=ADVANCED_FACE('',(#5028),#5020,.T.);
#5030=CARTESIAN_POINT('',(2.499528454284E-1,0.E0,1.685000000001E0));
#5031=DIRECTION('',(-8.778189834620E-13,0.E0,1.E0));
#5032=DIRECTION('',(1.E0,0.E0,8.778189834620E-13));
#5033=AXIS2_PLACEMENT_3D('',#5030,#5031,#5032);
#5034=PLANE('',#5033);
#5035=ORIENTED_EDGE('',*,*,#4578,.F.);
#5037=ORIENTED_EDGE('',*,*,#5036,.T.);
#5039=ORIENTED_EDGE('',*,*,#5038,.T.);
#5040=ORIENTED_EDGE('',*,*,#5022,.F.);
#5041=EDGE_LOOP('',(#5035,#5037,#5039,#5040));
#5042=FACE_OUTER_BOUND('',#5041,.F.);
#5043=ADVANCED_FACE('',(#5042),#5034,.T.);
#5044=CARTESIAN_POINT('',(2.499528454284E-1,0.E0,1.815000000001E0));
#5045=DIRECTION('',(1.E0,0.E0,0.E0));
#5046=DIRECTION('',(0.E0,0.E0,-1.E0));
#5047=AXIS2_PLACEMENT_3D('',#5044,#5045,#5046);
#5048=PLANE('',#5047);
#5049=ORIENTED_EDGE('',*,*,#4576,.F.);
#5051=ORIENTED_EDGE('',*,*,#5050,.T.);
#5053=ORIENTED_EDGE('',*,*,#5052,.T.);
#5054=ORIENTED_EDGE('',*,*,#5036,.F.);
#5055=EDGE_LOOP('',(#5049,#5051,#5053,#5054));
#5056=FACE_OUTER_BOUND('',#5055,.F.);
#5057=ADVANCED_FACE('',(#5056),#5048,.T.);
#5058=CARTESIAN_POINT('',(1.499528454286E-1,0.E0,1.815000000001E0));
#5059=DIRECTION('',(-8.926193118002E-13,0.E0,1.E0));
#5060=DIRECTION('',(1.E0,0.E0,8.926193118002E-13));
#5061=AXIS2_PLACEMENT_3D('',#5058,#5059,#5060);
#5062=PLANE('',#5061);
#5063=ORIENTED_EDGE('',*,*,#4574,.F.);
#5065=ORIENTED_EDGE('',*,*,#5064,.T.);
#5067=ORIENTED_EDGE('',*,*,#5066,.T.);
#5068=ORIENTED_EDGE('',*,*,#5050,.F.);
#5069=EDGE_LOOP('',(#5063,#5065,#5067,#5068));
#5070=FACE_OUTER_BOUND('',#5069,.F.);
#5071=ADVANCED_FACE('',(#5070),#5062,.T.);
#5072=CARTESIAN_POINT('',(1.499528454286E-1,0.E0,1.922405165973E0));
#5073=DIRECTION('',(1.E0,0.E0,-3.312936358052E-13));
#5074=DIRECTION('',(-3.312936358052E-13,0.E0,-1.E0));
#5075=AXIS2_PLACEMENT_3D('',#5072,#5073,#5074);
#5076=PLANE('',#5075);
#5077=ORIENTED_EDGE('',*,*,#4572,.F.);
#5078=ORIENTED_EDGE('',*,*,#4647,.T.);
#5080=ORIENTED_EDGE('',*,*,#5079,.T.);
#5081=ORIENTED_EDGE('',*,*,#5064,.F.);
#5082=EDGE_LOOP('',(#5077,#5078,#5080,#5081));
#5083=FACE_OUTER_BOUND('',#5082,.F.);
#5084=ADVANCED_FACE('',(#5083),#5076,.T.);
#5085=CARTESIAN_POINT('',(0.E0,1.5E-1,0.E0));
#5086=DIRECTION('',(0.E0,1.E0,0.E0));
#5087=DIRECTION('',(1.E0,0.E0,0.E0));
#5088=AXIS2_PLACEMENT_3D('',#5085,#5086,#5087);
#5089=PLANE('',#5088);
#5090=ORIENTED_EDGE('',*,*,#4645,.F.);
#5091=ORIENTED_EDGE('',*,*,#4660,.F.);
#5092=ORIENTED_EDGE('',*,*,#4674,.F.);
#5093=ORIENTED_EDGE('',*,*,#4688,.F.);
#5094=ORIENTED_EDGE('',*,*,#4702,.F.);
#5095=ORIENTED_EDGE('',*,*,#4716,.F.);
#5096=ORIENTED_EDGE('',*,*,#4730,.F.);
#5097=ORIENTED_EDGE('',*,*,#4744,.F.);
#5098=ORIENTED_EDGE('',*,*,#4758,.F.);
#5099=ORIENTED_EDGE('',*,*,#4772,.F.);
#5100=ORIENTED_EDGE('',*,*,#4786,.F.);
#5101=ORIENTED_EDGE('',*,*,#4800,.F.);
#5102=ORIENTED_EDGE('',*,*,#4814,.F.);
#5103=ORIENTED_EDGE('',*,*,#4828,.F.);
#5104=ORIENTED_EDGE('',*,*,#4842,.F.);
#5105=ORIENTED_EDGE('',*,*,#4856,.F.);
#5106=ORIENTED_EDGE('',*,*,#4870,.F.);
#5107=ORIENTED_EDGE('',*,*,#4884,.F.);
#5108=ORIENTED_EDGE('',*,*,#4898,.F.);
#5109=ORIENTED_EDGE('',*,*,#4912,.F.);
#5110=ORIENTED_EDGE('',*,*,#4926,.F.);
#5111=ORIENTED_EDGE('',*,*,#4940,.F.);
#5112=ORIENTED_EDGE('',*,*,#4954,.F.);
#5113=ORIENTED_EDGE('',*,*,#4968,.F.);
#5114=ORIENTED_EDGE('',*,*,#4982,.F.);
#5115=ORIENTED_EDGE('',*,*,#4996,.F.);
#5116=ORIENTED_EDGE('',*,*,#5010,.F.);
#5117=ORIENTED_EDGE('',*,*,#5024,.F.);
#5118=ORIENTED_EDGE('',*,*,#5038,.F.);
#5119=ORIENTED_EDGE('',*,*,#5052,.F.);
#5120=ORIENTED_EDGE('',*,*,#5066,.F.);
#5121=ORIENTED_EDGE('',*,*,#5079,.F.);
#5122=EDGE_LOOP('',(#5090,#5091,#5092,#5093,#5094,#5095,#5096,#5097,#5098,#5099,
#5100,#5101,#5102,#5103,#5104,#5105,#5106,#5107,#5108,#5109,#5110,#5111,#5112,
#5113,#5114,#5115,#5116,#5117,#5118,#5119,#5120,#5121));
#5123=FACE_OUTER_BOUND('',#5122,.F.);
#5124=ADVANCED_FACE('',(#5123),#5089,.T.);
#5125=CLOSED_SHELL('',(#4636,#4651,#4665,#4679,#4693,#4707,#4721,#4735,#4749,
#4763,#4777,#4791,#4805,#4819,#4833,#4847,#4861,#4875,#4889,#4903,#4917,#4931,
#4945,#4959,#4973,#4987,#5001,#5015,#5029,#5043,#5057,#5071,#5084,#5124));
#5126=MANIFOLD_SOLID_BREP('',#5125);
#5127=FILL_AREA_STYLE_COLOUR('',#22);
#5128=FILL_AREA_STYLE('',(#5127));
#5129=SURFACE_STYLE_FILL_AREA(#5128);
#5130=SURFACE_SIDE_STYLE('',(#5129));
#5131=SURFACE_STYLE_USAGE(.BOTH.,#5130);
#5132=PRESENTATION_STYLE_ASSIGNMENT((#5131));
#3752=STYLED_ITEM('',(#5132),#5126);
#5134=DIMENSIONAL_EXPONENTS(0.E0,0.E0,0.E0,0.E0,0.E0,0.E0,0.E0);
#5136=PLANE_ANGLE_MEASURE_WITH_UNIT(PLANE_ANGLE_MEASURE(1.745329251994E-2),
#5135);
#5137=(CONVERSION_BASED_UNIT('DEGREE',#5136)NAMED_UNIT(*)PLANE_ANGLE_UNIT());
#5139=UNCERTAINTY_MEASURE_WITH_UNIT(LENGTH_MEASURE(5.043987297027E-4),#5133,
'closure',
'Maximum model space distance between geometric entities at asserted connectivities');
#5140=(GEOMETRIC_REPRESENTATION_CONTEXT(3)GLOBAL_UNCERTAINTY_ASSIGNED_CONTEXT((
#5139))GLOBAL_UNIT_ASSIGNED_CONTEXT((#5133,#5137,#5138))REPRESENTATION_CONTEXT(
'ID4','3'));
#5141=CARTESIAN_POINT('',(0.E0,0.E0,0.E0));
#5142=DIRECTION('',(0.E0,0.E0,1.E0));
#5143=DIRECTION('',(1.E0,0.E0,0.E0));
#5146=MECHANICAL_CONTEXT('',#3001,'mechanical');
#5147=PRODUCT('DAP','DAP','NOT SPECIFIED',(#5146));
#5148=PRODUCT_DEFINITION_FORMATION_WITH_SPECIFIED_SOURCE('8','LAST_VERSION',
#5147,.MADE.);
#5154=CARTESIAN_POINT('',(0.E0,0.E0,1.3E-1));
#5155=DIRECTION('',(0.E0,-1.E0,0.E0));
#5156=DIRECTION('',(1.E0,0.E0,0.E0));
#5157=AXIS2_PLACEMENT_3D('',#5154,#5155,#5156);
#5158=ITEM_DEFINED_TRANSFORMATION('','',#5144,#5157);
#5159=(REPRESENTATION_RELATIONSHIP('','',#5145,#3012)REPRESENTATION_RELATIONSHIP_WITH_TRANSFORMATION(#5158)SHAPE_REPRESENTATION_RELATIONSHIP());
#5160=CONTEXT_DEPENDENT_SHAPE_REPRESENTATION(#5159,#5153);
#5162=DIMENSIONAL_EXPONENTS(0.E0,0.E0,0.E0,0.E0,0.E0,0.E0,0.E0);
#5164=PLANE_ANGLE_MEASURE_WITH_UNIT(PLANE_ANGLE_MEASURE(1.745329251994E-2),
#5163);
#5165=(CONVERSION_BASED_UNIT('DEGREE',#5164)NAMED_UNIT(*)PLANE_ANGLE_UNIT());
#5167=UNCERTAINTY_MEASURE_WITH_UNIT(LENGTH_MEASURE(8.336966097856E-4),#5161,
'closure',
'Maximum model space distance between geometric entities at asserted connectivities');
#5168=(GEOMETRIC_REPRESENTATION_CONTEXT(3)GLOBAL_UNCERTAINTY_ASSIGNED_CONTEXT((
#5167))GLOBAL_UNIT_ASSIGNED_CONTEXT((#5161,#5165,#5166))REPRESENTATION_CONTEXT(
'ID5','3'));
#5169=CARTESIAN_POINT('',(0.E0,0.E0,0.E0));
#5170=DIRECTION('',(0.E0,0.E0,1.E0));
#5171=DIRECTION('',(1.E0,0.E0,0.E0));
#5173=MECHANICAL_DESIGN_GEOMETRIC_PRESENTATION_REPRESENTATION('',(#38,#45,#52,
#59,#66,#73,#80,#87,#94,#101,#108,#115,#123,#130,#137,#144,#152,#159,#167,#174,
#181,#188,#196,#203,#211,#218,#225,#232,#240,#247,#254,#261,#268,#275,#282,#289,
#296,#303,#311,#319,#326,#333,#341,#349,#356,#363,#370,#377,#384,#392,#400,#408,
#416,#424,#432,#440,#448,#461,#474,#481,#488,#495,#508,#521,#528,#535,#542,#555,
#568,#575,#582,#589,#597,#604,#611,#618,#626,#633,#640,#647,#655,#662,#670,#677,
#685,#693,#701,#709,#716,#724,#731,#738,#745,#752,#759,#767,#774,#782,#789,#797,
#805,#813,#826,#839,#846,#853,#860,#868,#876,#883,#890,#897,#904,#911,#918,#926,
#934,#942,#950,#958,#966,#974,#982,#989,#996,#1003,#1011,#1019,#1027,#1035,
#1043,#1051,#1059,#1067,#1074,#1081,#1088,#1095,#1102,#1109,#1116,#1123,#1130,
#1137,#1144,#1151,#1158,#1165,#1172,#1179,#1186,#1193,#1200,#1207,#1214,#1221,
#1228,#1235,#1242,#1249,#1256,#1263,#1270,#1277,#1284,#1291,#1298,#1305,#1312,
#1319,#1326,#1333,#1340,#1347,#1355,#1362,#1369,#1376,#1384,#1391,#1399,#1406,
#1413,#1420,#1428,#1435,#1443,#1450,#1457,#1464,#1472,#1479,#1486,#1493,#1500,
#1507,#1514,#1521,#30,#3030,#3037,#3044,#3051,#3058,#3066,#3073,#3080,#3087,
#3094,#3101,#3108,#3115,#3122,#3130,#3138,#3145,#3152,#3159,#3166,#3173,#3180,
#3188,#3196,#3203,#3210,#3218,#3225,#3232,#3239,#3246,#3254,#3261,#3268,#3275,
#3282,#3022,#3759,#3766,#3773,#3780,#3787,#3794,#3801,#3808,#3816,#3823,#3830,
#3837,#3845,#3852,#3860,#3867,#3874,#3881,#3889,#3896,#3904,#3911,#3918,#3925,
#3933,#3940,#3947,#3954,#3961,#3968,#3975,#3982,#3989,#3996,#4003,#4010,#4017,
#4024,#4031,#4038,#4045,#4052,#4059,#4066,#4073,#4080,#4087,#4094,#4101,#4108,
#4115,#4122,#4129,#4136,#4143,#4150,#4157,#4164,#4171,#4178,#4185,#4192,#4199,
#4206,#4213,#4220,#4227,#4234,#4241,#4248,#4255,#4262,#4270,#4277,#4284,#4291,
#4299,#4306,#4314,#4321,#4328,#4335,#4343,#4350,#4358,#4365,#4372,#4379,#4387,
#4394,#4401,#4408,#4415,#4422,#4429,#4436,#3752),#5168);
#5174=DESIGN_CONTEXT('',#3001,'design');
#5175=MECHANICAL_CONTEXT('',#3001,'mechanical');
#5176=PRODUCT('PWP0016P_ASM','PWP0016P_ASM','NOT SPECIFIED',(#5175));
#5177=PRODUCT_DEFINITION_FORMATION_WITH_SPECIFIED_SOURCE('85','LAST_VERSION',
#5176,.MADE.);
#5179=PRODUCT_CATEGORY('part','');
#5180=PRODUCT_RELATED_PRODUCT_CATEGORY('assembly','',(#5176));
#5181=PRODUCT_CATEGORY_RELATIONSHIP('','',#5179,#5180);
#5182=PRODUCT_CATEGORY('part','');
#5183=PRODUCT_RELATED_PRODUCT_CATEGORY('detail','',(#3005,#3573,#3737,#5147));
#5184=PRODUCT_CATEGORY_RELATIONSHIP('','',#5182,#5183);
#5185=SECURITY_CLASSIFICATION_LEVEL('unclassified');
#5186=SECURITY_CLASSIFICATION('','',#5185);
#5187=CC_DESIGN_SECURITY_CLASSIFICATION(#5186,(#3006,#3574,#3738,#5148,#5177,
#3013,#3578,#3587,#3596,#3605,#3614,#3623,#3632,#3641,#3650,#3659,#3668,#3677,
#3686,#3695,#3704,#3713,#3742,#5152));
#5188=APPROVAL_STATUS('approved');
#5189=APPROVAL(#5188,'');
#5190=CC_DESIGN_APPROVAL(#5189,(#5186,#3006,#3574,#3738,#5148,#5177,#3007,#3575,
#3739,#5149,#5178));
#5191=CALENDAR_DATE(122,6,12);
#5192=COORDINATED_UNIVERSAL_TIME_OFFSET(8,0,.BEHIND.);
#5193=LOCAL_TIME(10,40,1.3E1,#5192);
#5194=DATE_AND_TIME(#5191,#5193);
#5195=APPROVAL_DATE_TIME(#5194,#5189);
#5196=DATE_TIME_ROLE('creation_date');
#5197=CC_DESIGN_DATE_AND_TIME_ASSIGNMENT(#5194,#5196,(#3007,#3575,#3739,#5149,
#5178));
#5198=DATE_TIME_ROLE('classification_date');
#5199=CC_DESIGN_DATE_AND_TIME_ASSIGNMENT(#5194,#5198,(#5186));
#5200=PERSON('UNSPECIFIED','UNSPECIFIED',$,$,$,$);
#5201=ORGANIZATION('UNSPECIFIED','UNSPECIFIED','UNSPECIFIED');
#5202=PERSON_AND_ORGANIZATION(#5200,#5201);
#5203=APPROVAL_ROLE('approver');
#5204=APPROVAL_PERSON_ORGANIZATION(#5202,#5189,#5203);
#5205=PERSON_AND_ORGANIZATION_ROLE('creator');
#5206=CC_DESIGN_PERSON_AND_ORGANIZATION_ASSIGNMENT(#5202,#5205,(#3006,#3574,
#3738,#5148,#5177,#3007,#3575,#3739,#5149,#5178));
#5207=PERSON_AND_ORGANIZATION_ROLE('design_supplier');
#5208=CC_DESIGN_PERSON_AND_ORGANIZATION_ASSIGNMENT(#5202,#5207,(#3006,#3574,
#3738,#5148,#5177));
#5209=PERSON_AND_ORGANIZATION_ROLE('classification_officer');
#5210=CC_DESIGN_PERSON_AND_ORGANIZATION_ASSIGNMENT(#5202,#5209,(#5186));
#5211=PERSON_AND_ORGANIZATION_ROLE('design_owner');
#5212=CC_DESIGN_PERSON_AND_ORGANIZATION_ASSIGNMENT(#5202,#5211,(#5176,#3005,
#3573,#3737,#5147));
#1=COLOUR_RGB('',0.E0,4.3E-1,1.E0);
#2=COLOUR_RGB('',0.E0,6.6E-1,0.E0);
#3=COLOUR_RGB('',9.8039E-2,9.8039E-2,9.8039E-2);
#4=COLOUR_RGB('',1.80392E-1,2.7451E-1,9.8039E-2);
#5=COLOUR_RGB('',3.E-1,1.29412E-1,2.5098E-1);
#6=COLOUR_RGB('',3.13725E-1,3.13725E-1,3.13725E-1);
#7=COLOUR_RGB('',3.2E-1,4.9E-1,1.76471E-1);
#8=COLOUR_RGB('',3.5E-1,3.5E-1,3.5E-1);
#9=COLOUR_RGB('',3.92157E-1,3.92157E-1,3.92157E-1);
#10=COLOUR_RGB('',5.7E-1,0.E0,1.E0);
#11=COLOUR_RGB('',5.9E-1,3.E-1,0.E0);
#12=COLOUR_RGB('',6.E-1,6.E-1,6.E-1);
#13=COLOUR_RGB('',6.2E-1,3.3E-1,2.3E-1);
#14=COLOUR_RGB('',6.35294E-1,6.86275E-1,7.4902E-1);
#15=COLOUR_RGB('',6.66667E-1,6.66667E-1,6.66667E-1);
#16=COLOUR_RGB('',6.9E-1,0.E0,0.E0);
#17=COLOUR_RGB('',7.E-1,7.E-1,7.E-1);
#18=COLOUR_RGB('',8.23529E-1,7.05882E-1,4.31373E-1);
#19=COLOUR_RGB('',8.39216E-1,8.90196E-1,7.68627E-1);
#20=COLOUR_RGB('',8.62745E-1,4.98039E-1,3.92157E-1);
#21=COLOUR_RGB('',8.7E-1,7.5E-1,4.9E-1);
#22=COLOUR_RGB('',8.82353E-1,8.82353E-1,8.82353E-1);
#23=COLOUR_RGB('',9.80392E-1,9.80392E-1,9.80392E-1);
#24=COLOUR_RGB('',9.9E-1,1.E0,0.E0);
#25=COLOUR_RGB('',1.E0,5.E-1,0.E0);
#26=COLOUR_RGB('',1.E0,6.19608E-1,5.17647E-1);
#27=DRAUGHTING_PRE_DEFINED_COLOUR('white');
#28=DRAUGHTING_PRE_DEFINED_COLOUR('green');
#29=COLOUR_RGB('',2.7451E-1,2.7451E-1,2.7451E-1);
#120=CIRCLE('',#119,1.499999999999E-1);
#149=CIRCLE('',#148,8.000000000002E-2);
#164=CIRCLE('',#163,9.999999999996E-2);
#193=CIRCLE('',#192,9.999999999996E-2);
#208=CIRCLE('',#207,8.000000000002E-2);
#237=CIRCLE('',#236,1.499999999999E-1);
#308=B_SPLINE_CURVE_WITH_KNOTS('',3,(#304,#305,#306,#307),.UNSPECIFIED.,.F.,.F.,
(4,4),(0.E0,1.E0),.UNSPECIFIED.);
#316=B_SPLINE_CURVE_WITH_KNOTS('',3,(#312,#313,#314,#315),.UNSPECIFIED.,.F.,.F.,
(4,4),(0.E0,1.E0),.UNSPECIFIED.);
#338=B_SPLINE_CURVE_WITH_KNOTS('',3,(#334,#335,#336,#337),.UNSPECIFIED.,.F.,.F.,
(4,4),(0.E0,1.E0),.UNSPECIFIED.);
#346=B_SPLINE_CURVE_WITH_KNOTS('',3,(#342,#343,#344,#345),.UNSPECIFIED.,.F.,.F.,
(4,4),(0.E0,1.E0),.UNSPECIFIED.);
#389=B_SPLINE_CURVE_WITH_KNOTS('',3,(#385,#386,#387,#388),.UNSPECIFIED.,.F.,.F.,
(4,4),(0.E0,1.E0),.UNSPECIFIED.);
#397=B_SPLINE_CURVE_WITH_KNOTS('',3,(#393,#394,#395,#396),.UNSPECIFIED.,.F.,.F.,
(4,4),(0.E0,1.E0),.UNSPECIFIED.);
#405=CIRCLE('',#404,1.E-1);
#413=CIRCLE('',#412,1.E-1);
#421=CIRCLE('',#420,1.E-1);
#429=CIRCLE('',#428,1.E-1);
#437=CIRCLE('',#436,1.E-1);
#445=CIRCLE('',#444,1.E-1);
#458=B_SPLINE_CURVE_WITH_KNOTS('',3,(#449,#450,#451,#452,#453,#454,#455,#456,
#457),.UNSPECIFIED.,.F.,.F.,(4,1,1,1,1,1,4),(0.E0,1.666666666667E-1,
3.333333333333E-1,5.E-1,6.666666666667E-1,8.333333333333E-1,1.E0),
.UNSPECIFIED.);
#471=B_SPLINE_CURVE_WITH_KNOTS('',3,(#462,#463,#464,#465,#466,#467,#468,#469,
#470),.UNSPECIFIED.,.F.,.F.,(4,1,1,1,1,1,4),(0.E0,1.666666666667E-1,
3.333333333333E-1,5.E-1,6.666666666667E-1,8.333333333333E-1,1.E0),
.UNSPECIFIED.);
#505=B_SPLINE_CURVE_WITH_KNOTS('',3,(#496,#497,#498,#499,#500,#501,#502,#503,
#504),.UNSPECIFIED.,.F.,.F.,(4,1,1,1,1,1,4),(0.E0,1.666666666667E-1,
3.333333333333E-1,5.E-1,6.666666666667E-1,8.333333333333E-1,1.E0),
.UNSPECIFIED.);
#518=B_SPLINE_CURVE_WITH_KNOTS('',3,(#509,#510,#511,#512,#513,#514,#515,#516,
#517),.UNSPECIFIED.,.F.,.F.,(4,1,1,1,1,1,4),(0.E0,1.666666666667E-1,
3.333333333333E-1,5.E-1,6.666666666667E-1,8.333333333333E-1,1.E0),
.UNSPECIFIED.);
#552=B_SPLINE_CURVE_WITH_KNOTS('',3,(#543,#544,#545,#546,#547,#548,#549,#550,
#551),.UNSPECIFIED.,.F.,.F.,(4,1,1,1,1,1,4),(0.E0,1.666666666667E-1,
3.333333333333E-1,5.E-1,6.666666666667E-1,8.333333333333E-1,1.E0),
.UNSPECIFIED.);
#565=B_SPLINE_CURVE_WITH_KNOTS('',3,(#556,#557,#558,#559,#560,#561,#562,#563,
#564),.UNSPECIFIED.,.F.,.F.,(4,1,1,1,1,1,4),(0.E0,1.666666666667E-1,
3.333333333333E-1,5.E-1,6.666666666667E-1,8.333333333333E-1,1.E0),
.UNSPECIFIED.);
#594=B_SPLINE_CURVE_WITH_KNOTS('',3,(#590,#591,#592,#593),.UNSPECIFIED.,.F.,.F.,
(4,4),(0.E0,1.E0),.UNSPECIFIED.);
#623=B_SPLINE_CURVE_WITH_KNOTS('',3,(#619,#620,#621,#622),.UNSPECIFIED.,.F.,.F.,
(4,4),(0.E0,1.E0),.UNSPECIFIED.);
#652=B_SPLINE_CURVE_WITH_KNOTS('',3,(#648,#649,#650,#651),.UNSPECIFIED.,.F.,.F.,
(4,4),(0.E0,1.E0),.UNSPECIFIED.);
#667=B_SPLINE_CURVE_WITH_KNOTS('',3,(#663,#664,#665,#666),.UNSPECIFIED.,.F.,.F.,
(4,4),(0.E0,1.E0),.UNSPECIFIED.);
#682=CIRCLE('',#681,1.E-1);
#690=CIRCLE('',#689,1.E-1);
#698=CIRCLE('',#697,1.E-1);
#706=B_SPLINE_CURVE_WITH_KNOTS('',3,(#702,#703,#704,#705),.UNSPECIFIED.,.F.,.F.,
(4,4),(0.E0,1.E0),.UNSPECIFIED.);
#721=B_SPLINE_CURVE_WITH_KNOTS('',3,(#717,#718,#719,#720),.UNSPECIFIED.,.F.,.F.,
(4,4),(0.E0,1.E0),.UNSPECIFIED.);
#764=B_SPLINE_CURVE_WITH_KNOTS('',3,(#760,#761,#762,#763),.UNSPECIFIED.,.F.,.F.,
(4,4),(0.E0,1.E0),.UNSPECIFIED.);
#779=B_SPLINE_CURVE_WITH_KNOTS('',3,(#775,#776,#777,#778),.UNSPECIFIED.,.F.,.F.,
(4,4),(0.E0,1.E0),.UNSPECIFIED.);
#794=CIRCLE('',#793,1.E-1);
#802=CIRCLE('',#801,1.E-1);
#810=CIRCLE('',#809,1.E-1);
#823=B_SPLINE_CURVE_WITH_KNOTS('',3,(#814,#815,#816,#817,#818,#819,#820,#821,
#822),.UNSPECIFIED.,.F.,.F.,(4,1,1,1,1,1,4),(0.E0,1.666666666667E-1,
3.333333333333E-1,5.E-1,6.666666666667E-1,8.333333333333E-1,1.E0),
.UNSPECIFIED.);
#836=B_SPLINE_CURVE_WITH_KNOTS('',3,(#827,#828,#829,#830,#831,#832,#833,#834,
#835),.UNSPECIFIED.,.F.,.F.,(4,1,1,1,1,1,4),(0.E0,1.666666666667E-1,
3.333333333333E-1,5.E-1,6.666666666667E-1,8.333333333333E-1,1.E0),
.UNSPECIFIED.);
#865=CIRCLE('',#864,4.E-1);
#873=CIRCLE('',#872,4.E-1);
#923=CIRCLE('',#922,4.E-1);
#931=CIRCLE('',#930,4.E-1);
#939=CIRCLE('',#938,1.E-1);
#947=CIRCLE('',#946,1.E-1);
#955=CIRCLE('',#954,1.E-1);
#963=CIRCLE('',#962,1.E-1);
#971=CIRCLE('',#970,1.E-1);
#979=CIRCLE('',#978,1.E-1);
#1008=B_SPLINE_CURVE_WITH_KNOTS('',3,(#1004,#1005,#1006,#1007),.UNSPECIFIED.,
.F.,.F.,(4,4),(0.E0,1.E0),.UNSPECIFIED.);
#1016=B_SPLINE_CURVE_WITH_KNOTS('',3,(#1012,#1013,#1014,#1015),.UNSPECIFIED.,
.F.,.F.,(4,4),(0.E0,1.E0),.UNSPECIFIED.);
#1024=CIRCLE('',#1023,1.E-1);
#1032=CIRCLE('',#1031,1.E-1);
#1040=CIRCLE('',#1039,1.E-1);
#1048=CIRCLE('',#1047,1.E-1);
#1056=CIRCLE('',#1055,1.E-1);
#1064=CIRCLE('',#1063,1.E-1);
#1352=CIRCLE('',#1351,1.499999999999E-1);
#1381=CIRCLE('',#1380,8.000000000002E-2);
#1396=CIRCLE('',#1395,9.999999999996E-2);
#1425=CIRCLE('',#1424,9.999999999996E-2);
#1440=CIRCLE('',#1439,8.000000000002E-2);
#1469=CIRCLE('',#1468,1.499999999999E-1);
#1763=EDGE_CURVE('',#1536,#1537,#34,.T.);
#1765=EDGE_CURVE('',#1593,#1536,#42,.T.);
#1767=EDGE_CURVE('',#1591,#1593,#49,.T.);
#1769=EDGE_CURVE('',#1537,#1591,#56,.T.);
#1773=EDGE_CURVE('',#1696,#1697,#63,.T.);
#1775=EDGE_CURVE('',#1757,#1696,#70,.T.);
#1777=EDGE_CURVE('',#1755,#1757,#77,.T.);
#1779=EDGE_CURVE('',#1753,#1755,#84,.T.);
#1781=EDGE_CURVE('',#1751,#1753,#91,.T.);
#1783=EDGE_CURVE('',#1749,#1751,#98,.T.);
#1785=EDGE_CURVE('',#1747,#1749,#105,.T.);
#1787=EDGE_CURVE('',#1745,#1747,#112,.T.);
#1789=EDGE_CURVE('',#1743,#1745,#120,.T.);
#1791=EDGE_CURVE('',#1741,#1743,#127,.T.);
#1793=EDGE_CURVE('',#1739,#1741,#134,.T.);
#1795=EDGE_CURVE('',#1737,#1739,#141,.T.);
#1797=EDGE_CURVE('',#1737,#1735,#149,.T.);
#1799=EDGE_CURVE('',#1733,#1735,#156,.T.);
#1801=EDGE_CURVE('',#1733,#1731,#164,.T.);
#1803=EDGE_CURVE('',#1729,#1731,#171,.T.);
#1805=EDGE_CURVE('',#1727,#1729,#178,.T.);
#1807=EDGE_CURVE('',#1725,#1727,#185,.T.);
#1809=EDGE_CURVE('',#1725,#1723,#193,.T.);
#1811=EDGE_CURVE('',#1721,#1723,#200,.T.);
#1813=EDGE_CURVE('',#1721,#1719,#208,.T.);
#1815=EDGE_CURVE('',#1717,#1719,#215,.T.);
#1817=EDGE_CURVE('',#1715,#1717,#222,.T.);
#1819=EDGE_CURVE('',#1713,#1715,#229,.T.);
#1821=EDGE_CURVE('',#1711,#1713,#237,.T.);
#1823=EDGE_CURVE('',#1709,#1711,#244,.T.);
#1825=EDGE_CURVE('',#1707,#1709,#251,.T.);
#1827=EDGE_CURVE('',#1705,#1707,#258,.T.);
#1829=EDGE_CURVE('',#1703,#1705,#265,.T.);
#1831=EDGE_CURVE('',#1701,#1703,#272,.T.);
#1833=EDGE_CURVE('',#1699,#1701,#279,.T.);
#1835=EDGE_CURVE('',#1697,#1699,#286,.T.);
#1845=EDGE_CURVE('',#1532,#1533,#293,.T.);
#1847=EDGE_CURVE('',#1532,#1536,#437,.T.);
#1850=EDGE_CURVE('',#1537,#1533,#1064,.T.);
#1861=EDGE_CURVE('',#1583,#1533,#300,.T.);
#1863=EDGE_CURVE('',#1582,#1583,#308,.T.);
#1865=EDGE_CURVE('',#1582,#1625,#857,.T.);
#1867=EDGE_CURVE('',#1624,#1625,#316,.T.);
#1869=EDGE_CURVE('',#1624,#1532,#323,.T.);
#1879=EDGE_CURVE('',#1584,#1589,#353,.T.);
#1881=EDGE_CURVE('',#1583,#1584,#823,.T.);
#1884=EDGE_CURVE('',#1533,#1589,#1056,.T.);
#1894=EDGE_CURVE('',#1560,#1561,#330,.T.);
#1896=EDGE_CURVE('',#1565,#1560,#338,.T.);
#1898=EDGE_CURVE('',#1565,#1585,#586,.T.);
#1900=EDGE_CURVE('',#1584,#1585,#346,.T.);
#1903=EDGE_CURVE('',#1589,#1561,#360,.T.);
#1913=EDGE_CURVE('',#1556,#1557,#367,.T.);
#1915=EDGE_CURVE('',#1560,#1556,#552,.T.);
#1918=EDGE_CURVE('',#1561,#1557,#1032,.T.);
#1929=EDGE_CURVE('',#1557,#1595,#374,.T.);
#1931=EDGE_CURVE('',#1601,#1595,#381,.T.);
#1933=EDGE_CURVE('',#1605,#1601,#389,.T.);
#1935=EDGE_CURVE('',#1605,#1566,#532,.T.);
#1937=EDGE_CURVE('',#1556,#1566,#397,.T.);
#1948=EDGE_CURVE('',#1593,#1595,#421,.T.);
#1951=EDGE_CURVE('',#1557,#1591,#1024,.T.);
#1961=EDGE_CURVE('',#1599,#1593,#405,.T.);
#1963=EDGE_CURVE('',#1595,#1599,#413,.T.);
#1975=EDGE_CURVE('',#1536,#1629,#429,.T.);
#1977=EDGE_CURVE('',#1599,#1629,#993,.T.);
#1990=EDGE_CURVE('',#1629,#1532,#445,.T.);
#2001=EDGE_CURVE('',#1623,#1624,#458,.T.);
#2003=EDGE_CURVE('',#1623,#1629,#1000,.T.);
#2014=EDGE_CURVE('',#1621,#1622,#492,.T.);
#2016=EDGE_CURVE('',#1622,#1623,#1008,.T.);
#2020=EDGE_CURVE('',#1627,#1625,#850,.T.);
#2022=EDGE_CURVE('',#1627,#1618,#764,.T.);
#2024=EDGE_CURVE('',#1618,#1616,#471,.T.);
#2026=EDGE_CURVE('',#1616,#1621,#721,.T.);
#2036=EDGE_CURVE('',#1608,#1606,#478,.T.);
#2038=EDGE_CURVE('',#1622,#1606,#485,.T.);
#2041=EDGE_CURVE('',#1621,#1608,#713,.T.);
#2051=EDGE_CURVE('',#1604,#1605,#539,.T.);
#2054=EDGE_CURVE('',#1601,#1598,#505,.T.);
#2056=EDGE_CURVE('',#1598,#1606,#1016,.T.);
#2059=EDGE_CURVE('',#1608,#1609,#706,.T.);
#2061=EDGE_CURVE('',#1609,#1610,#518,.T.);
#2063=EDGE_CURVE('',#1610,#1604,#667,.T.);
#2073=EDGE_CURVE('',#1568,#1566,#525,.T.);
#2077=EDGE_CURVE('',#1604,#1568,#659,.T.);
#2087=EDGE_CURVE('',#1564,#1565,#572,.T.);
#2093=EDGE_CURVE('',#1568,#1569,#652,.T.);
#2095=EDGE_CURVE('',#1569,#1570,#565,.T.);
#2097=EDGE_CURVE('',#1570,#1564,#594,.T.);
#2108=EDGE_CURVE('',#1564,#1587,#630,.T.);
#2110=EDGE_CURVE('',#1587,#1585,#579,.T.);
#2122=EDGE_CURVE('',#1572,#1570,#601,.T.);
#2124=EDGE_CURVE('',#1572,#1574,#608,.T.);
#2126=EDGE_CURVE('',#1574,#1578,#615,.T.);
#2128=EDGE_CURVE('',#1587,#1578,#623,.T.);
#2141=EDGE_CURVE('',#1549,#1569,#644,.T.);
#2143=EDGE_CURVE('',#1549,#1572,#947,.T.);
#2153=EDGE_CURVE('',#1548,#1549,#637,.T.);
#2159=EDGE_CURVE('',#1548,#1610,#674,.T.);
#2170=EDGE_CURVE('',#1548,#1552,#690,.T.);
#2172=EDGE_CURVE('',#1552,#1553,#894,.T.);
#2174=EDGE_CURVE('',#1553,#1549,#955,.T.);
#2184=EDGE_CURVE('',#1552,#1612,#682,.T.);
#2187=EDGE_CURVE('',#1612,#1548,#698,.T.);
#2197=EDGE_CURVE('',#1614,#1612,#735,.T.);
#2199=EDGE_CURVE('',#1614,#1545,#979,.T.);
#2201=EDGE_CURVE('',#1545,#1552,#901,.T.);
#2215=EDGE_CURVE('',#1614,#1616,#728,.T.);
#2218=EDGE_CURVE('',#1612,#1609,#742,.T.);
#2230=EDGE_CURVE('',#1541,#1618,#756,.T.);
#2232=EDGE_CURVE('',#1541,#1614,#963,.T.);
#2242=EDGE_CURVE('',#1540,#1541,#749,.T.);
#2246=EDGE_CURVE('',#1581,#1627,#771,.T.);
#2248=EDGE_CURVE('',#1576,#1581,#779,.T.);
#2250=EDGE_CURVE('',#1540,#1576,#786,.T.);
#2261=EDGE_CURVE('',#1540,#1544,#810,.T.);
#2263=EDGE_CURVE('',#1544,#1545,#880,.T.);
#2265=EDGE_CURVE('',#1545,#1541,#971,.T.);
#2275=EDGE_CURVE('',#1574,#1540,#794,.T.);
#2277=EDGE_CURVE('',#1544,#1574,#802,.T.);
#2289=EDGE_CURVE('',#1578,#1576,#836,.T.);
#2301=EDGE_CURVE('',#1581,#1582,#843,.T.);
#2330=EDGE_CURVE('',#1553,#1544,#887,.T.);
#2334=EDGE_CURVE('',#1572,#1553,#939,.T.);
#2350=EDGE_CURVE('',#1528,#1529,#865,.T.);
#2352=EDGE_CURVE('',#1529,#1528,#873,.T.);
#2363=EDGE_CURVE('',#1529,#1525,#915,.T.);
#2365=EDGE_CURVE('',#1524,#1525,#923,.T.);
#2367=EDGE_CURVE('',#1528,#1524,#908,.T.);
#2379=EDGE_CURVE('',#1525,#1524,#931,.T.);
#2434=EDGE_CURVE('',#1598,#1599,#986,.T.);
#2463=EDGE_CURVE('',#1591,#1561,#1040,.T.);
#2474=EDGE_CURVE('',#1589,#1537,#1048,.T.);
#2498=EDGE_CURVE('',#1697,#1633,#1078,.T.);
#2500=EDGE_CURVE('',#1632,#1633,#1295,.T.);
#2502=EDGE_CURVE('',#1696,#1632,#1071,.T.);
#2513=EDGE_CURVE('',#1699,#1635,#1085,.T.);
#2515=EDGE_CURVE('',#1633,#1635,#1302,.T.);
#2527=EDGE_CURVE('',#1701,#1637,#1092,.T.);
#2529=EDGE_CURVE('',#1635,#1637,#1309,.T.);
#2541=EDGE_CURVE('',#1703,#1639,#1099,.T.);
#2543=EDGE_CURVE('',#1637,#1639,#1316,.T.);
#2555=EDGE_CURVE('',#1705,#1641,#1106,.T.);
#2557=EDGE_CURVE('',#1639,#1641,#1323,.T.);
#2569=EDGE_CURVE('',#1707,#1643,#1113,.T.);
#2571=EDGE_CURVE('',#1641,#1643,#1330,.T.);
#2583=EDGE_CURVE('',#1709,#1645,#1120,.T.);
#2585=EDGE_CURVE('',#1643,#1645,#1337,.T.);
#2597=EDGE_CURVE('',#1711,#1647,#1127,.T.);
#2599=EDGE_CURVE('',#1645,#1647,#1344,.T.);
#2611=EDGE_CURVE('',#1713,#1649,#1134,.T.);
#2613=EDGE_CURVE('',#1647,#1649,#1352,.T.);
#2625=EDGE_CURVE('',#1715,#1651,#1141,.T.);
#2627=EDGE_CURVE('',#1649,#1651,#1359,.T.);
#2639=EDGE_CURVE('',#1717,#1653,#1148,.T.);
#2641=EDGE_CURVE('',#1651,#1653,#1366,.T.);
#2653=EDGE_CURVE('',#1719,#1655,#1155,.T.);
#2655=EDGE_CURVE('',#1653,#1655,#1373,.T.);
#2667=EDGE_CURVE('',#1721,#1657,#1162,.T.);
#2669=EDGE_CURVE('',#1655,#1657,#1381,.T.);
#2681=EDGE_CURVE('',#1723,#1659,#1169,.T.);
#2683=EDGE_CURVE('',#1657,#1659,#1388,.T.);
#2695=EDGE_CURVE('',#1725,#1661,#1176,.T.);
#2697=EDGE_CURVE('',#1659,#1661,#1396,.T.);
#2709=EDGE_CURVE('',#1727,#1663,#1183,.T.);
#2711=EDGE_CURVE('',#1661,#1663,#1403,.T.);
#2723=EDGE_CURVE('',#1729,#1665,#1190,.T.);
#2725=EDGE_CURVE('',#1663,#1665,#1410,.T.);
#2737=EDGE_CURVE('',#1731,#1667,#1197,.T.);
#2739=EDGE_CURVE('',#1665,#1667,#1417,.T.);
#2751=EDGE_CURVE('',#1733,#1669,#1204,.T.);
#2753=EDGE_CURVE('',#1667,#1669,#1425,.T.);
#2765=EDGE_CURVE('',#1735,#1671,#1211,.T.);
#2767=EDGE_CURVE('',#1669,#1671,#1432,.T.);
#2779=EDGE_CURVE('',#1737,#1673,#1218,.T.);
#2781=EDGE_CURVE('',#1671,#1673,#1440,.T.);
#2793=EDGE_CURVE('',#1739,#1675,#1225,.T.);
#2795=EDGE_CURVE('',#1673,#1675,#1447,.T.);
#2807=EDGE_CURVE('',#1741,#1677,#1232,.T.);
#2809=EDGE_CURVE('',#1675,#1677,#1454,.T.);
#2821=EDGE_CURVE('',#1743,#1679,#1239,.T.);
#2823=EDGE_CURVE('',#1677,#1679,#1461,.T.);
#2835=EDGE_CURVE('',#1745,#1681,#1246,.T.);
#2837=EDGE_CURVE('',#1679,#1681,#1469,.T.);
#2849=EDGE_CURVE('',#1747,#1683,#1253,.T.);
#2851=EDGE_CURVE('',#1681,#1683,#1476,.T.);
#2863=EDGE_CURVE('',#1749,#1685,#1260,.T.);
#2865=EDGE_CURVE('',#1683,#1685,#1483,.T.);
#2877=EDGE_CURVE('',#1751,#1687,#1267,.T.);
#2879=EDGE_CURVE('',#1685,#1687,#1490,.T.);
#2891=EDGE_CURVE('',#1753,#1689,#1274,.T.);
#2893=EDGE_CURVE('',#1687,#1689,#1497,.T.);
#2905=EDGE_CURVE('',#1755,#1691,#1281,.T.);
#2907=EDGE_CURVE('',#1689,#1691,#1504,.T.);
#2919=EDGE_CURVE('',#1757,#1693,#1288,.T.);
#2921=EDGE_CURVE('',#1691,#1693,#1511,.T.);
#2934=EDGE_CURVE('',#1693,#1632,#1518,.T.);
#2988=(LENGTH_UNIT()NAMED_UNIT(*)SI_UNIT(.MILLI.,.METRE.));
#2990=(NAMED_UNIT(*)PLANE_ANGLE_UNIT()SI_UNIT($,.RADIAN.));
#2993=(NAMED_UNIT(*)SI_UNIT($,.STERADIAN.)SOLID_ANGLE_UNIT());
#2999=AXIS2_PLACEMENT_3D('',#2996,#2997,#2998);
#3000=ADVANCED_BREP_SHAPE_REPRESENTATION('',(#2999,#2981),#2995);
#3007=PRODUCT_DEFINITION('design','',#3006,#3003);
#3008=PRODUCT_DEFINITION_SHAPE('','SHAPE FOR BODY-TSSOP.',#3007);
#3009=SHAPE_DEFINITION_REPRESENTATION(#3008,#3000);
#3010=SHAPE_DEFINITION_REPRESENTATION(#3011,#3012);
#3011=PRODUCT_DEFINITION_SHAPE('','SHAPE FOR PWP0016P_ASM.',#5178);
#3012=SHAPE_REPRESENTATION('',(#3018,#3583,#3592,#3601,#3610,#3619,#3628,#3637,
#3646,#3655,#3664,#3673,#3682,#3691,#3700,#3709,#3718,#3747,#5157,#5172),#5168);
#3013=NEXT_ASSEMBLY_USAGE_OCCURRENCE('0','Next assembly relationship',
'BODY-TSSOP',#5178,#3007,$);
#3014=PRODUCT_DEFINITION_SHAPE('Placement #0',
'Placement of BODY-TSSOP with respect to PWP0016P_ASM',#3013);
#3027=CIRCLE('',#3026,3.E-1);
#3063=CIRCLE('',#3062,3.E-1);
#3127=CIRCLE('',#3126,1.5E-1);
#3135=CIRCLE('',#3134,1.5E-1);
#3185=CIRCLE('',#3184,1.5E-1);
#3193=CIRCLE('',#3192,1.5E-1);
#3215=CIRCLE('',#3214,3.E-1);
#3251=CIRCLE('',#3250,3.E-1);
#3336=EDGE_CURVE('',#3317,#3318,#3027,.T.);
#3338=EDGE_CURVE('',#3317,#3305,#3034,.T.);
#3340=EDGE_CURVE('',#3301,#3305,#3185,.T.);
#3342=EDGE_CURVE('',#3301,#3285,#3041,.T.);
#3344=EDGE_CURVE('',#3285,#3286,#3048,.T.);
#3346=EDGE_CURVE('',#3286,#3326,#3055,.T.);
#3348=EDGE_CURVE('',#3325,#3326,#3063,.T.);
#3350=EDGE_CURVE('',#3325,#3313,#3070,.T.);
#3352=EDGE_CURVE('',#3309,#3313,#3127,.T.);
#3354=EDGE_CURVE('',#3309,#3293,#3077,.T.);
#3356=EDGE_CURVE('',#3293,#3294,#3084,.T.);
#3358=EDGE_CURVE('',#3294,#3318,#3091,.T.);
#3369=EDGE_CURVE('',#3320,#3318,#3098,.T.);
#3371=EDGE_CURVE('',#3320,#3322,#3215,.T.);
#3373=EDGE_CURVE('',#3322,#3317,#3200,.T.);
#3385=EDGE_CURVE('',#3294,#3298,#3105,.T.);
#3387=EDGE_CURVE('',#3298,#3320,#3222,.T.);
#3398=EDGE_CURVE('',#3293,#3297,#3112,.T.);
#3400=EDGE_CURVE('',#3297,#3298,#3229,.T.);
#3411=EDGE_CURVE('',#3309,#3310,#3119,.T.);
#3413=EDGE_CURVE('',#3310,#3297,#3236,.T.);
#3427=EDGE_CURVE('',#3313,#3314,#3149,.T.);
#3429=EDGE_CURVE('',#3314,#3310,#3135,.T.);
#3439=EDGE_CURVE('',#3330,#3325,#3142,.T.);
#3441=EDGE_CURVE('',#3314,#3330,#3243,.T.);
#3454=EDGE_CURVE('',#3328,#3326,#3156,.T.);
#3456=EDGE_CURVE('',#3328,#3330,#3251,.T.);
#3469=EDGE_CURVE('',#3286,#3290,#3163,.T.);
#3471=EDGE_CURVE('',#3290,#3328,#3258,.T.);
#3482=EDGE_CURVE('',#3285,#3289,#3170,.T.);
#3484=EDGE_CURVE('',#3289,#3290,#3265,.T.);
#3495=EDGE_CURVE('',#3301,#3302,#3177,.T.);
#3497=EDGE_CURVE('',#3302,#3289,#3272,.T.);
#3511=EDGE_CURVE('',#3305,#3306,#3207,.T.);
#3513=EDGE_CURVE('',#3306,#3302,#3193,.T.);
#3524=EDGE_CURVE('',#3306,#3322,#3279,.T.);
#3559=(LENGTH_UNIT()NAMED_UNIT(*)SI_UNIT(.MILLI.,.METRE.));
#3561=(NAMED_UNIT(*)PLANE_ANGLE_UNIT()SI_UNIT($,.RADIAN.));
#3564=(NAMED_UNIT(*)SI_UNIT($,.STERADIAN.)SOLID_ANGLE_UNIT());
#3570=AXIS2_PLACEMENT_3D('',#3567,#3568,#3569);
#3571=ADVANCED_BREP_SHAPE_REPRESENTATION('',(#3570,#3552),#3566);
#3575=PRODUCT_DEFINITION('design','',#3574,#3003);
#3576=PRODUCT_DEFINITION_SHAPE('','SHAPE FOR LEAD-TSSOP.',#3575);
#3577=SHAPE_DEFINITION_REPRESENTATION(#3576,#3571);
#3578=NEXT_ASSEMBLY_USAGE_OCCURRENCE('1','Next assembly relationship',
'LEAD-TSSOP',#5178,#3575,$);
#3579=PRODUCT_DEFINITION_SHAPE('Placement #1',
'Placement of LEAD-TSSOP with respect to PWP0016P_ASM',#3578);
#3587=NEXT_ASSEMBLY_USAGE_OCCURRENCE('2','Next assembly relationship',
'LEAD-TSSOP',#5178,#3575,$);
#3588=PRODUCT_DEFINITION_SHAPE('Placement #2',
'Placement of LEAD-TSSOP with respect to PWP0016P_ASM',#3587);
#3596=NEXT_ASSEMBLY_USAGE_OCCURRENCE('3','Next assembly relationship',
'LEAD-TSSOP',#5178,#3575,$);
#3597=PRODUCT_DEFINITION_SHAPE('Placement #3',
'Placement of LEAD-TSSOP with respect to PWP0016P_ASM',#3596);
#3605=NEXT_ASSEMBLY_USAGE_OCCURRENCE('4','Next assembly relationship',
'LEAD-TSSOP',#5178,#3575,$);
#3606=PRODUCT_DEFINITION_SHAPE('Placement #4',
'Placement of LEAD-TSSOP with respect to PWP0016P_ASM',#3605);
#3614=NEXT_ASSEMBLY_USAGE_OCCURRENCE('5','Next assembly relationship',
'LEAD-TSSOP',#5178,#3575,$);
#3615=PRODUCT_DEFINITION_SHAPE('Placement #5',
'Placement of LEAD-TSSOP with respect to PWP0016P_ASM',#3614);
#3623=NEXT_ASSEMBLY_USAGE_OCCURRENCE('6','Next assembly relationship',
'LEAD-TSSOP',#5178,#3575,$);
#3624=PRODUCT_DEFINITION_SHAPE('Placement #6',
'Placement of LEAD-TSSOP with respect to PWP0016P_ASM',#3623);
#3632=NEXT_ASSEMBLY_USAGE_OCCURRENCE('7','Next assembly relationship',
'LEAD-TSSOP',#5178,#3575,$);
#3633=PRODUCT_DEFINITION_SHAPE('Placement #7',
'Placement of LEAD-TSSOP with respect to PWP0016P_ASM',#3632);
#3641=NEXT_ASSEMBLY_USAGE_OCCURRENCE('8','Next assembly relationship',
'LEAD-TSSOP',#5178,#3575,$);
#3642=PRODUCT_DEFINITION_SHAPE('Placement #8',
'Placement of LEAD-TSSOP with respect to PWP0016P_ASM',#3641);
#3650=NEXT_ASSEMBLY_USAGE_OCCURRENCE('9','Next assembly relationship',
'LEAD-TSSOP',#5178,#3575,$);
#3651=PRODUCT_DEFINITION_SHAPE('Placement #9',
'Placement of LEAD-TSSOP with respect to PWP0016P_ASM',#3650);
#3659=NEXT_ASSEMBLY_USAGE_OCCURRENCE('10','Next assembly relationship',
'LEAD-TSSOP',#5178,#3575,$);
#3660=PRODUCT_DEFINITION_SHAPE('Placement #10',
'Placement of LEAD-TSSOP with respect to PWP0016P_ASM',#3659);
#3668=NEXT_ASSEMBLY_USAGE_OCCURRENCE('11','Next assembly relationship',
'LEAD-TSSOP',#5178,#3575,$);
#3669=PRODUCT_DEFINITION_SHAPE('Placement #11',
'Placement of LEAD-TSSOP with respect to PWP0016P_ASM',#3668);
#3677=NEXT_ASSEMBLY_USAGE_OCCURRENCE('12','Next assembly relationship',
'LEAD-TSSOP',#5178,#3575,$);
#3678=PRODUCT_DEFINITION_SHAPE('Placement #12',
'Placement of LEAD-TSSOP with respect to PWP0016P_ASM',#3677);
#3686=NEXT_ASSEMBLY_USAGE_OCCURRENCE('13','Next assembly relationship',
'LEAD-TSSOP',#5178,#3575,$);
#3687=PRODUCT_DEFINITION_SHAPE('Placement #13',
'Placement of LEAD-TSSOP with respect to PWP0016P_ASM',#3686);
#3695=NEXT_ASSEMBLY_USAGE_OCCURRENCE('14','Next assembly relationship',
'LEAD-TSSOP',#5178,#3575,$);
#3696=PRODUCT_DEFINITION_SHAPE('Placement #14',
'Placement of LEAD-TSSOP with respect to PWP0016P_ASM',#3695);
#3704=NEXT_ASSEMBLY_USAGE_OCCURRENCE('15','Next assembly relationship',
'LEAD-TSSOP',#5178,#3575,$);
#3705=PRODUCT_DEFINITION_SHAPE('Placement #15',
'Placement of LEAD-TSSOP with respect to PWP0016P_ASM',#3704);
#3713=NEXT_ASSEMBLY_USAGE_OCCURRENCE('16','Next assembly relationship',
'LEAD-TSSOP',#5178,#3575,$);
#3714=PRODUCT_DEFINITION_SHAPE('Placement #16',
'Placement of LEAD-TSSOP with respect to PWP0016P_ASM',#3713);
#3722=(LENGTH_UNIT()NAMED_UNIT(*)SI_UNIT(.MILLI.,.METRE.));
#3724=(NAMED_UNIT(*)PLANE_ANGLE_UNIT()SI_UNIT($,.RADIAN.));
#3727=(NAMED_UNIT(*)SI_UNIT($,.STERADIAN.)SOLID_ANGLE_UNIT());
#3733=AXIS2_PLACEMENT_3D('',#3730,#3731,#3732);
#3734=SHAPE_REPRESENTATION('',(#3733),#3729);
#3739=PRODUCT_DEFINITION('design','',#3738,#3735);
#3740=PRODUCT_DEFINITION_SHAPE('','SHAPE FOR PIN1.',#3739);
#3741=SHAPE_DEFINITION_REPRESENTATION(#3740,#3734);
#3742=NEXT_ASSEMBLY_USAGE_OCCURRENCE('17','Next assembly relationship','PIN1',
#5178,#3739,$);
#3743=PRODUCT_DEFINITION_SHAPE('Placement #17',
'Placement of PIN1 with respect to PWP0016P_ASM',#3742);
#3751=DRAUGHTING_PRE_DEFINED_COLOUR('green');
#3813=CIRCLE('',#3812,1.499999999999E-1);
#3842=CIRCLE('',#3841,8.000000000002E-2);
#3857=CIRCLE('',#3856,9.999999999996E-2);
#3886=CIRCLE('',#3885,9.999999999996E-2);
#3901=CIRCLE('',#3900,8.000000000002E-2);
#3930=CIRCLE('',#3929,1.499999999999E-1);
#4267=CIRCLE('',#4266,1.499999999999E-1);
#4296=CIRCLE('',#4295,8.000000000002E-2);
#4311=CIRCLE('',#4310,9.999999999996E-2);
#4340=CIRCLE('',#4339,9.999999999996E-2);
#4355=CIRCLE('',#4354,8.000000000002E-2);
#4384=CIRCLE('',#4383,1.499999999999E-1);
#4570=EDGE_CURVE('',#4439,#4440,#3756,.T.);
#4572=EDGE_CURVE('',#4440,#4442,#3763,.T.);
#4574=EDGE_CURVE('',#4442,#4444,#3770,.T.);
#4576=EDGE_CURVE('',#4444,#4446,#3777,.T.);
#4578=EDGE_CURVE('',#4446,#4448,#3784,.T.);
#4580=EDGE_CURVE('',#4448,#4450,#3791,.T.);
#4582=EDGE_CURVE('',#4450,#4452,#3798,.T.);
#4584=EDGE_CURVE('',#4452,#4454,#3805,.T.);
#4586=EDGE_CURVE('',#4454,#4456,#3813,.T.);
#4588=EDGE_CURVE('',#4456,#4458,#3820,.T.);
#4590=EDGE_CURVE('',#4458,#4460,#3827,.T.);
#4592=EDGE_CURVE('',#4460,#4462,#3834,.T.);
#4594=EDGE_CURVE('',#4462,#4464,#3842,.T.);
#4596=EDGE_CURVE('',#4464,#4466,#3849,.T.);
#4598=EDGE_CURVE('',#4466,#4468,#3857,.T.);
#4600=EDGE_CURVE('',#4468,#4470,#3864,.T.);
#4602=EDGE_CURVE('',#4470,#4472,#3871,.T.);
#4604=EDGE_CURVE('',#4472,#4474,#3878,.T.);
#4606=EDGE_CURVE('',#4474,#4476,#3886,.T.);
#4608=EDGE_CURVE('',#4476,#4478,#3893,.T.);
#4610=EDGE_CURVE('',#4478,#4480,#3901,.T.);
#4612=EDGE_CURVE('',#4480,#4482,#3908,.T.);
#4614=EDGE_CURVE('',#4482,#4484,#3915,.T.);
#4616=EDGE_CURVE('',#4484,#4486,#3922,.T.);
#4618=EDGE_CURVE('',#4486,#4488,#3930,.T.);
#4620=EDGE_CURVE('',#4488,#4490,#3937,.T.);
#4622=EDGE_CURVE('',#4490,#4492,#3944,.T.);
#4624=EDGE_CURVE('',#4492,#4494,#3951,.T.);
#4626=EDGE_CURVE('',#4494,#4496,#3958,.T.);
#4628=EDGE_CURVE('',#4496,#4498,#3965,.T.);
#4630=EDGE_CURVE('',#4498,#4500,#3972,.T.);
#4632=EDGE_CURVE('',#4500,#4439,#3979,.T.);
#4643=EDGE_CURVE('',#4439,#4503,#3986,.T.);
#4645=EDGE_CURVE('',#4503,#4504,#4210,.T.);
#4647=EDGE_CURVE('',#4440,#4504,#4203,.T.);
#4658=EDGE_CURVE('',#4500,#4564,#3993,.T.);
#4660=EDGE_CURVE('',#4564,#4503,#4217,.T.);
#4672=EDGE_CURVE('',#4498,#4562,#4000,.T.);
#4674=EDGE_CURVE('',#4562,#4564,#4224,.T.);
#4686=EDGE_CURVE('',#4496,#4560,#4007,.T.);
#4688=EDGE_CURVE('',#4560,#4562,#4231,.T.);
#4700=EDGE_CURVE('',#4494,#4558,#4014,.T.);
#4702=EDGE_CURVE('',#4558,#4560,#4238,.T.);
#4714=EDGE_CURVE('',#4492,#4556,#4021,.T.);
#4716=EDGE_CURVE('',#4556,#4558,#4245,.T.);
#4728=EDGE_CURVE('',#4490,#4554,#4028,.T.);
#4730=EDGE_CURVE('',#4554,#4556,#4252,.T.);
#4742=EDGE_CURVE('',#4488,#4552,#4035,.T.);
#4744=EDGE_CURVE('',#4552,#4554,#4259,.T.);
#4756=EDGE_CURVE('',#4486,#4550,#4042,.T.);
#4758=EDGE_CURVE('',#4550,#4552,#4267,.T.);
#4770=EDGE_CURVE('',#4484,#4548,#4049,.T.);
#4772=EDGE_CURVE('',#4548,#4550,#4274,.T.);
#4784=EDGE_CURVE('',#4482,#4546,#4056,.T.);
#4786=EDGE_CURVE('',#4546,#4548,#4281,.T.);
#4798=EDGE_CURVE('',#4480,#4544,#4063,.T.);
#4800=EDGE_CURVE('',#4544,#4546,#4288,.T.);
#4812=EDGE_CURVE('',#4478,#4542,#4070,.T.);
#4814=EDGE_CURVE('',#4542,#4544,#4296,.T.);
#4826=EDGE_CURVE('',#4476,#4540,#4077,.T.);
#4828=EDGE_CURVE('',#4540,#4542,#4303,.T.);
#4840=EDGE_CURVE('',#4474,#4538,#4084,.T.);
#4842=EDGE_CURVE('',#4538,#4540,#4311,.T.);
#4854=EDGE_CURVE('',#4472,#4536,#4091,.T.);
#4856=EDGE_CURVE('',#4536,#4538,#4318,.T.);
#4868=EDGE_CURVE('',#4470,#4534,#4098,.T.);
#4870=EDGE_CURVE('',#4534,#4536,#4325,.T.);
#4882=EDGE_CURVE('',#4468,#4532,#4105,.T.);
#4884=EDGE_CURVE('',#4532,#4534,#4332,.T.);
#4896=EDGE_CURVE('',#4466,#4530,#4112,.T.);
#4898=EDGE_CURVE('',#4530,#4532,#4340,.T.);
#4910=EDGE_CURVE('',#4464,#4528,#4119,.T.);
#4912=EDGE_CURVE('',#4528,#4530,#4347,.T.);
#4924=EDGE_CURVE('',#4462,#4526,#4126,.T.);
#4926=EDGE_CURVE('',#4526,#4528,#4355,.T.);
#4938=EDGE_CURVE('',#4460,#4524,#4133,.T.);
#4940=EDGE_CURVE('',#4524,#4526,#4362,.T.);
#4952=EDGE_CURVE('',#4458,#4522,#4140,.T.);
#4954=EDGE_CURVE('',#4522,#4524,#4369,.T.);
#4966=EDGE_CURVE('',#4456,#4520,#4147,.T.);
#4968=EDGE_CURVE('',#4520,#4522,#4376,.T.);
#4980=EDGE_CURVE('',#4454,#4518,#4154,.T.);
#4982=EDGE_CURVE('',#4518,#4520,#4384,.T.);
#4994=EDGE_CURVE('',#4452,#4516,#4161,.T.);
#4996=EDGE_CURVE('',#4516,#4518,#4391,.T.);
#5008=EDGE_CURVE('',#4450,#4514,#4168,.T.);
#5010=EDGE_CURVE('',#4514,#4516,#4398,.T.);
#5022=EDGE_CURVE('',#4448,#4512,#4175,.T.);
#5024=EDGE_CURVE('',#4512,#4514,#4405,.T.);
#5036=EDGE_CURVE('',#4446,#4510,#4182,.T.);
#5038=EDGE_CURVE('',#4510,#4512,#4412,.T.);
#5050=EDGE_CURVE('',#4444,#4508,#4189,.T.);
#5052=EDGE_CURVE('',#4508,#4510,#4419,.T.);
#5064=EDGE_CURVE('',#4442,#4506,#4196,.T.);
#5066=EDGE_CURVE('',#4506,#4508,#4426,.T.);
#5079=EDGE_CURVE('',#4504,#4506,#4433,.T.);
#5133=(LENGTH_UNIT()NAMED_UNIT(*)SI_UNIT(.MILLI.,.METRE.));
#5135=(NAMED_UNIT(*)PLANE_ANGLE_UNIT()SI_UNIT($,.RADIAN.));
#5138=(NAMED_UNIT(*)SI_UNIT($,.STERADIAN.)SOLID_ANGLE_UNIT());
#5144=AXIS2_PLACEMENT_3D('',#5141,#5142,#5143);
#5145=ADVANCED_BREP_SHAPE_REPRESENTATION('',(#5144,#5126),#5140);
#5149=PRODUCT_DEFINITION('design','',#5148,#3735);
#5150=PRODUCT_DEFINITION_SHAPE('','SHAPE FOR DAP.',#5149);
#5151=SHAPE_DEFINITION_REPRESENTATION(#5150,#5145);
#5152=NEXT_ASSEMBLY_USAGE_OCCURRENCE('18','Next assembly relationship','DAP',
#5178,#5149,$);
#5153=PRODUCT_DEFINITION_SHAPE('Placement #18',
'Placement of DAP with respect to PWP0016P_ASM',#5152);
#5161=(LENGTH_UNIT()NAMED_UNIT(*)SI_UNIT(.MILLI.,.METRE.));
#5163=(NAMED_UNIT(*)PLANE_ANGLE_UNIT()SI_UNIT($,.RADIAN.));
#5166=(NAMED_UNIT(*)SI_UNIT($,.STERADIAN.)SOLID_ANGLE_UNIT());
#5172=AXIS2_PLACEMENT_3D('',#5169,#5170,#5171);
#5178=PRODUCT_DEFINITION('design','',#5177,#5174);
ENDSEC;
END-ISO-10303-21;
